:FF000000E0024C820400000000000000000000001F00E002368204000000000000000000E0022882040000000000000000000000E0021882040000000000000000000000E0020A82040000000000000000000000E002FA81040000000000000000000000E002E8810400000000000000000000001F00E002D88104000000000000000000E002C881040000000000000000000000E002B881040000000000000000000000E002A881040000000000000000000000E0029881040000000000000000000000E0028881040000000000000000000000E00278810400000000000000000000001F00E0026681040000000000000000001F00E00256810400000000000000000E
:F900FF00001F00E0024881040000000000000000001F00E0023881040000000000000000001F00E0022881040000000000000000001F00E0021881040000000000000000001F00E0020881040000000000000000001F00E002F880040000000000000000001F00E002E880040000000000000000001F00E002D880040000000000000000001F00E002C880040000000000000000001F00E002B880040000000000000000001F00E002A880040000000000000000001F00E0029880040000000000000000001F00E0028880040000000000000000001F00E0027880040000000000000000001F00E0026880040000000000000000001F00E00258800400B3
:FF0200004A8204004A8204004A8204004A8204004A8204004A8204004A8204004A8204004A8204004A8204004A8204004A8204004A8204004A8204004A8204004A8204004A8204004A8204004A8204004A8204004A8204004A8204004A8204004A8204004A8204004A8204004A8204004A8204004A8204004A8204004A8204004A8204004A8204004A8204004A8204004A8204004A8204004A8204004A8204004A8204004A8204004A8204004A8204004A8204004A8204004A8204004A8204004A8204004A8204004A8204004A8204004A8204004A8204004A8204004A8204004A8204004A8204004A8204004A8204004A8204004A8204004A8204004A8204004A8204FF
:FF02FF00004A8204004A8204004A8204004A8204004A8204004A8204004A8204004A8204004A8204004A8204004A8204004A8204004A8204004A8204004A8204004A8204004A8204004A8204004A8204004A8204004A8204004A8204004A8204004A8204004A8204004A8204004A8204004A8204004A8204004A8204004A8204004A8204004A8204004A8204004A8204004A8204004A8204004A8204004A8204004A8204004A8204004A8204004A8204004A8204004A8204004A8204004A8204004A8204004A8204004A8204004A8204004A8204004A8204004A8204004A8204004A8204004A8204004A8204004A8204004A8204004A8204004A8204004A8204004A8204
:FF03FE0004004A8204004A8204004A8204004A8204004A8204004A8204004A8204004A8204004A8204004A8204004A8204004A8204004A8204004A8204004A8204004A8204004A8204004A8204004A8204004A8204004A8204004A8204004A8204004A8204004A8204004A8204004A8204004A8204004A8204004A8204004A8204004A8204004A8204004A8204004A8204004A8204004A8204004A8204004A8204004A8204004A8204004A8204004A8204004A8204004A8204004A8204004A8204004A8204004A8204004A8204004A8204004A8204004A8204004A8204004A8204004A8204004A8204004A8204004A8204004A8204004A8204004A8204004A8204004A82
:FF04FD008204004A8204004A8204004A8204004A8204004A8204004A8204004A8204004A8204004A8204004A8204004A8204004A8204004A8204004A8204004A8204004A8204004A8204004A8204004A8204004A8204004A8204004A8204004A8204004A8204004A8204004A8204004A8204004A8204004A8204004A8204004A8204004A8204004A8204004A8204004A8204004A8204004A8204004A8204004A8204004A8204004A8204004A8204004A8204004A8204004A8204004A8204004A8204004A8204004A8204004A8204004A8204004A8204004A8204004A8204004A8204004A8204004A8204004A8204004A8204004A8204004A8204004A8204004A8204004A
:FF05FC004A8204004A8204004A8204004A8204004A8204004A8204004A8204004A8204004A8204004A8204004A8204004A8204004A8204004A8204004A8204004A8204004A8204004A8204004A8204004A8204004A8204004A8204004A8204004A8204004A8204004A8204004A8204004A8204004A8204004A8204004A8204004A8204004A8204004A8204004A8204004A8204004A8204004A8204004A8204004A8204004A8204004A8204004A8204004A8204004A8204004A8204004A8204004A8204004A8204004A8204004A8204004A8204004A8204004A8204004A8204004A8204004A8204004A8204004A8204004A8204004A8204004A8204004A8204004A820400
:FF06FB00004A8204004A8204004A8204004A8204004A8204004A8204004A8204004A8204004A8204004A8204004A8204004A8204004A8204004A8204004A8204004A8204004A8204004A8204004A8204004A8204004A8204004A8204004A8204004A8204004A8204004A8204004A8204004A8204004A8204004A8204004A8204004A8204004A8204004A8204004A8204004A8204004A8204004A8204004A8204004A8204004A8204004A8204004A8204004A8204004A8204004A8204004A8204004A8204004A8204004A8204004A8204004A8204004A8204004A8204004A8204004A8204004A8204004A8204004A8204004A8204004A8204004A8204004A8204004A8204
:FF07FA0004004A8204004A8204004A8204004A8204004A8204004A8204004A8204004A8204004A8204004A8204004A8204004A8204004A8204004A8204004A8204004A8204004A8204004A8204004A8204004A8204004A8204004A8204004A8204004A8204004A8204004A8204004A8204004A8204004A8204004A8204004A8204004A8204004A8204004A8204004A8204004A8204004A8204004A8204004A8204004A8204004A8204004A8204004A8204004A8204004A8204004A8204004A8204004A8204004A8204004A8204004A8204004A8204004A8204004A8204004A8204004A8204004A8204004A8204004A8204004A8204004A8204004A8204004A8204004A82
:FF08F9008204004A8204004A8204004A8204004A8204004A8204004A8204004A8204004A8204004A8204004A8204004A8204004A8204004A8204004A8204004A8204004A8204004A8204004A8204004A8204004A8204004A8204004A8204004A8204004A8204004A8204004A8204004A8204004A8204004A8204004A8204004A8204004A8204004A8204004A8204004A8204004A8204004A8204004A8204004A8204004A8204004A8204004A8204004A8204004A8204004A8204004A8204004A8204004A8204004A8204004A8204004A8204004A8204004A8204004A8204004A8204004A8204004A8204004A8204004A8204004A8204004A8204004A8204004A8204004A
:0809F8004A8204004A82040057
:FF1000009E0218F49089326150C0A6DCED81793EC3C324AC99EDA1D6053BC1E15E7A1691DD0D2D3C594E35C1FA95328D78E5F5C1F8482A6E06FB4C8DBD35D781D465CD636AE43BBCBF37F00A38A98F2DBAC9BD8324CD88574BD949536A73A5CA189C7E0DC19ADB691D1A7E6A2BE8A8C4378DBDCCAC57719B1645B1C7F5BD216C65747E944A9E58ABFD54DA1C0D0A4FDB895276260A4AEB8C305A260A647C88FE6BFD193090C12F4BE9FB100A60CECB872BA50AF4973CC16DFA6B49CCB4FBB35B7834AD28605061985A7C3F39096201E97FA27E4820909FA0B4BC868AE1DB99C83A8EDC50989961FD439009FCBD83737CEA35E11DED70CF3256D50B4DE3E9BC25C531FCF6
:FF10FF006F62819C6A3356579A53CCDF21F258AA15C5F4F51EBF54D37AB975F863F33E440F330145D38FD6812E187D60E3BD4B0FB3EF5822364C6A82B168672A147652417BBA72CD0A4C9C6A133CC77E5E254A27B1B64DE35D6E875AF14780BA8CA04CE78537EB69B4DD4C4508F85497C91F6DBF8F84E930ECF8E760108A598C4B97BC68B58467F081C73135AA202513079341890BC518FEAC695BEE8428ECFBD9E092F4BB6D18F6E5C1353A31B8017A752E9A440EAF9BD92B92B9C99677D7843B8F5AA02B702612091C3A52DE0C81CC222A6FBE909EDF874341636E083441C4D9C02F5C112A3099870D433493A47E7BE200353B6982338F9A6F13E1CB478277B5F2D5DC
:FF11FE007FE786DEFB30C395E7988FAF21AB95045E8EB46986B483BF2539C82295464087D877CE047B985B8BBF8F2844FF3AA863C56369E9A6536511C15D4C7F6932246C2A8243B12C648A297467710E112DD860DBEC8E7288131BB110E88A3A60D8D837822EE1EAAE50FC683967F4A34667195DC6086571DDD7B5A6617A3ADFB6A9D9BF1BE315E12134D02A252B01FCAFC6C7C857756792508AFD190CD9C871D8E068A13D48BF2907C1B3F9D6721E06B7152140D85D7D582C9FDBA2FE9BC21E6498A798835262DDAFF38D5DA618E4E4D7D60085F389074F8D9D6A8C7065F4C7BDD03CA10EB9322B3E8C55589858A1D3FABCC5D548FAFA5F3862E744355CB7AE727EEDD8
:FF12FD0039BDB64EFE00806A1CE5344169C489FDBDA27D2E2BBCE11DA97B665C3EA710D0C9803C4DC6F5C7BEEBAD4F5250A33EB49EF0AEF955EC261BE17E16609218858A50FA45C32F542239A4E9A0DC78ACDD6C4A193F53D0746F2DE75AA717667C09EBAB8B0F47C203435CBC121D6C241EBD7A020CFEAD559BB6991ACAE93AD67C11B0D26CFF4D7DE9DD439348F31FCEB2BB8AE3149C21F2DDCF11698625F1FE0E461194F80D2683AE730EF313F7A174D2CDA866BED947598836E25A91DF81B778789E1E5C2C20A1E839C96015F79AB57372B8D621719D63F48ECE359564586DCC146E0701CD8A4FE7969A7205277E03335530327EB0625C3C66C1DC4608C13AFC10A2
:FF13FC00C159476AFFFEBDCF9361123C45D8964920DD314A58B6F219A06BA748BCA89088420133BE41A08A30E1347B2829DF3A8124DAF5CB39C4CDCD585AFCCD75608A19A2BDA3BD38FE9714BC929F6378D28BD5ACEED88EE4BF17B4E67C5DCF590C40444EC517F639C98D7D355663DEFFAA1B24753A6A2E978E7EE0E524F3029DFCF970875471EB162171868033FDBE46FE4E8807979E9B3F519E8CEC1E1A61ECBC6D3BF5E3D8E2E464894F1CABED7CF839E1F462D012EEF3F49A9AC0C9638E237B908BBB6D24E301900971A2BDD570DDE7FA154A6D873D0EC2697B0F50A0ABF2AD349894E0E3A8B9210B981B85DB69302A8C78E21D4C273D157DD43653AA5C18F3CEB3
:FF14FB00577798A6AD801C55A086948783BE618E65A0DE11166850931B825CE91F2392225B19E0018F89C3937E057E012364DD40989DC94ACE9963E81D00B9C9DD85570188C35CBE6A9808C5B3A94595C002D9056C613344BD8CCC6B2C0CF771ED08E9F8BD880BBC8D9ACDCB4F985BEB5697431108DCFEB6AF27795FB35BCE000510E7EF95F9BC0570397FBA2ED2BE5C12448D486C762EC4C7C4156967F99189DB9F83839194E56ADFD18B9FC704C3694FFA6216AA70B08C6399256FBA728CF6C7A9DF6E1FD984BB11A2FD15A2EC56D19EB6DDC520917ADE195DC668069D94EDC16A6F82D044306896FFA8DA1AE025631E2A39AC0724BC53BC446EF0D9B52D342C1A8C61
:FF15FA00DB308593523F262349E7297D95C529F86306DFC3DD3AC1FD8C726931AA8F3451976B7CAA53DE64C7DDEF9B7581F4F3AFED094B4705D6C9483D65B91EDFC7120204C554681EA7B545E9AF42836D13C739D2E97D7E7091DE802EFBC53DA2ED664961FF73ED2B892DC18D836723ED2D9CBD02B08C29FD73DF29462C26B448C5B7037E8F175D6093CC247CD3161886325A9727E4E24EB55BA943F932D213A06DE502C29B7AA746075BEF1DCD847AB06D9B9F1D867FFE2194FB812169927276711D44D2C9E5E760052A927E4DFD6A49F133A51FE13F2AF467CD5679975B3E909F0896B41E241E67374720FB21A05079966B3CDA35FB961F1459BA7BD2403C7CE054AD
:FF16F900F71A0E1DEDE5BD57F2F154B0C464DCDC9611B0C833B0ECBDD502824D5FE65451D42F2B93CCAF63B70F6430399A921E1817365B7E3891DCE8BBF0F8CBDEAA10BBE2770966F4D88196CD64BD9037AADCD398E6CE52C18ABC453C14A1F79271DEA09EFBF526D8C9F7508F46C92EA9AE54D47E42CC59440F346754AD02E95BEC3FB5C8C62C9C0D78EC8AC789B88B9A177BC532CA0AB97A9A06369A1B595E21E5E43046D53B3EFB0278EB6E3C231393479ABCBA1C4EAD12C6183B6FE3C07392A22826EB3D7DB1DFE2F48B3CBBAD6913C1A678C38E4C0BF48AD782A9F0030DA8B3FF0AE53BA8713E0E555BE48E41B20F5C8464B9910743CF97523BE347CC8C636B671C
:FF17F800B285CFFEAC2FC5B10E2CBA3DE5B511F0114F6D024884C6A6FB06F2C3B36D59113C4A4129DC761CC97CDC4DB9D1B939181086AE56E70CB2DF004473D8D91C2B3E40A51EF09A32F959A9A251230C144C7D23984CBF1B1E5C57F98D0631CAC2118FF0DEE605A07AC1E330861C50701C28E62E418AC8170924ADD7920439B7BF216FB7CCA3C38513EA61BC3C7333834A49605781ED27A022A68D90AD710454B12200038056D3C5A4D03B23DF32D9032D8EDC59511F7A40D99E850F5B372A630E67AD97DB2095AE2F92159B1AEB596FD173FB41E511851FCCE83E21C39015592DD720D475D03B66B5EA62AB23E1FAC7A707AC6EAF101FBF9AB8835DACA81DEC6299CB
:FF18F70046B3C3588C351C7609C90FA97D5E6D082C8277C25CFD5F8E45398926B91186F4C310914BDE73D8FE39CC98A6FD788FEF1650BB73A921DC28B05B729BE29E84EB45E9EAC6146D5B1BD420575DC5211B935E190BE4A0B2CC28B6A5510600FE4F0442E7446507DEB430210FC7773694854238865D94F838B0CDFD44AE69414C3D2EFBE2BC130D9B5E69D46D649D039013194539A32BB12E7A3B98D6E723593E0DD3DF6A209DBAF09035AE2AE6D5B634D3587D122B407E44055BB1018EAE6213E157ACEEED73F44C80834D28C81BC84D7CAA2F1F5662FBD7D96EB193FAC24970A29D4C0DD911B3734C013B323344F5655D9CD2C2B7BDEE547D45B68094CE4C3ABF1C
:FF19F600A0C654583585B0A334D43C702C8B1BA08C17511AB70A53BA5B60D548B93D8E944021C1B8B65F89265BC4BD477BF1DE661F42E53E9B2E5A7A6257394361660A92F3ED468A634B0319A67E4306033C42D503726114635E3DBB12719CDAC32BC7EA04261B54D232E764492E2A48B6E846AF0F949E7CD224CB2F778F885F7CCAD7345C129577F4D1DBEA0399297114E217A4AA11300A8AF8C2F5CE3C973F28907A20D578B62652D2E96112BA1CA0E7D14892C7BFBDB21A94D51C3F378B66A019211E88F00ABF771F8937797B3D52D4639B76C249AF9E39F0BA2CDFF84DA7A222694CE95A93E1D1EF458D8FD076F381C6C41F3464118791ECC8258E3A0FF508064DF8
:FF1AF5003035DF4237979A67694C9B3B04BABFD3F5C1B53BF075E996F8F4AF01BB2CAEBD391FEAFF1529A6CBC4C14CB843E989A3AFB45E5A564E15E5274D8CD6CE2B7F7E5A2E4EA3F68744E208F47AE70DA697AECBDAE5ADB001444C837497F913918A00BB837667BAB2428B7EFEC6C860E7544D56C0C0C20686110154B0F7B9D73CEC0F9B4A55216A9127FBEC75CEBD8A1112978963F6A7A37D0954E7A62B8599DF0F8520F81D4A866C542A5073BFE09C2DC02393DEDF7D0EDDE4E2910458B4B943AED22215E7411A236A27366E87EC6263B311F58FFA59590834F6A9C5112BC67097F2862B2727887E7C256262F0EB131EEABF689192F5B059CE712989DB346F824F09
:FF1BF4001DE36967EC5C950A34D91DFAEAD794A2A29C3D129B5692443B069986C386DDA8E9EA506A386CC012107D753D56E5413EC0C2925A1AC23063EB9545A625D984E11A14D8700403F1A2CEF2438504A5AC9EA2B059459BBC17264B3A84B90310641BEED4285B8A53ED4CE1F89A3EC27DDF7B89FE9037EE4925C34149C7C7422FCDAB5B29C8DCB678D0EA4F9AB2488E174020E3288B8EFC2517973E8FFFCEC12CEEFCFAB6974A565BC8BAA9F65D77CC218AD2E6CBE532DB822BAEDA6AB8E8968EE38650BBDF444B2DFC1A7DFED3450D623FD26E358B834BFE9245ACA88F2ED8B1F53AB3E19613B00FF5CBF32E0C9CE9936E83C9B6EFD93F1699087058EBE61B0DA03D
:FF1CF300DC776D2F3AD6A00BB4895FF536576E86321F70B1F32E0FDE59738476F02D9657ABED7A5DE5BBCA602B85490045888849D56E9D538D6AFFE0A5A0E16C17508C08DCEF157CCB2FAEA9C97A3D3990CEBD96D340A1C1D90F80B26F8BB71542DFB0762F9F103989A840DB2A9708250F09E0863A7C00B04D35A668F995ADF06E78FAAE8E4B2DA858A4043649CB81A1E86D210D52344EC8361C1766C6B5F62E2B379DE22C1FB96994AA205FC1E784CD3E2CDD2E29350609F1F647347C6293436DDF3FEA3EA9A0B95150E4579EF8D1E0681E938073D549D2255BA41120AD3FF087A31CDEEF2403DF8930439B9ACD43AE521B7C86A164BC48FE0E926698664F87DD51021F
:FF1DF200F5FCE4A7426998625F9C4800C1F5663D9700EB8351307CF0BA956067E61C132E827471D9C974EFE6B576BB7FCD2C18CAE1A3498B6851F1F203A6BB5BEB1BB6342596D131A209752FA9AFE17C417000BC54E1826D6BB8E5835489E8190B5A441EFFA0056C5FB15D61D8FD8AB83829C3151697050A808139203DC06BD5E66B64CE76C4D2573EFFE83E586F7B9B505B3B5D1F7C6CC3921D57F71DE19BB1601EF6367EE301152620E386BC29AA9A8AB6CA231DF6AA1EA8FB18AAADD534084463B83BF9A5ED760DA88084725A3D2864328EC4B8E4111117D6CA7C55DEA127E23E4198B53C9AC0EB2B0562BF99FE47802F5F84434C3E248BB7E0B5D34683C14A484DC7
:FF1EF10052140376E47BA047C4B41A35AAA3C0841F349C582D302FBA30F184A71149264343E63E08D4BE308A86C55D2DE9D6D7FBB3AD80684507923E1233A13CB35A0050DAE142FD195110E8B1F6B77D1187697ACBBCC2F35A31A28AC97286EED3DD9507F6485F452603A9033627C5621E8676177281885FA3AA71ACAF92286C5BE95791C7849E9B905EF6B1F352AA2DCC7B255A665C860A11F6D54C8BC030E1AFC3DDFC26ECEF4AD0F34D5DAF35B0DFBD29F239B491D1CF134936A4A87F5A6D8F1BF419126C6F1BC57C67647F8B144AFE3A59D48A030DAEA5FF808F6C2536F33D4DF4CE8D97BCC877300A17835B74B0B4D9F32C85B1B68444BF8B07FF780ED42ED00C04
:FF1FF0003842C2497E82CB9155CBA3DAE5AEAD582AC13F034DCEE60716F38648A1984FBA113F6FE6F3384BB2E3BDA45E5A20F6E38F997BA787537000B1F3499557449B2CD6613A535B62F6DE1A784F7E2A7EDA4E340112FDAA0A73E99C3057C089902BB2E76C72846595E79884A535D6A031140EA6FF34E8237038BDAEB16A03DF8D196484B62491B1EBE5466D3C3B2344FA16A31325788425932AEC0BD20329B78A7CD6EE9A7F1562B2656BA264F9690CE67B54DB1904EE27F31B0005700CF20008FA92DACCC1CD45E7111E22F871E410EC85A7A41A37A1100297BC4E42B554A081F4AF9B26640EFD91DFBCCFC72FB0BB37BB1839D4696F79DD9ED9B21495168FA5278D
:FF20EF004EE49AE166CAA1EC806D69880765E97004F6349D8C2F99B1A69E96EDA5FE2F06AFE27A6D3A0D58A2BC589199C8E6D90CF30DABD1499778E593804221304DAAA3CF3148810AFDB4A80C7C09100BDB79D1DA28C2FD3DFC8B7763368A64B9ADE0BAC0B5995A01ABB88CDA8AB56683CBCC45B0BDCE6441F48EEF745F0EE0C5C81FE7418E46794406F93C752DA72E333F22B578A2AFEBDD70E3C38F049F1F35E0CCFF15DCEFB0455C5FBD3F60B4E30F236621B8B67D3C53BD2F32E8FF43A200156D86F3EAAAE5A0E24A19F13D7B28B901EB933EE8D676582F9E8A52D722B6D2858FC493D711543EC8EAD988910EA700BAA6E4B72E3BC4F1BAE518AFDE47F3A27E8C7C
:FF21EE0057468F6309F06D73CA1929CD1ABD1E3F56A6E726412F3ACD9BDFBDFE2ED6132DC2EC423294104B9BB2D9F936016774FA9F495299882B2CADA9A2AD2D13FD6E305F94D7BFCE1584B805FD7F62A5C7AF703E6535AE7D57B554FCFE55A6C3AA46052F9D001DC3FA98D26BB93D5669EE1CA528334E5F19438E09195E0B0198A9A54B7F65B6CC4740849AF245A63D426E43543A832BF433CAC680E497052AE5063310A52072E59B0A5572E88582B588B97A85BCE800C583C1E89524782FAEE0FEFD873AF3EC1D4DC620FE69F01688B0F48AD96D0B909A229998F26C6E32D5711DC80B84A6B7A8E37107543E800E9AFD6AE41E61D573FABEBB0ECA39D7B748ECC5AB9A
:FF22ED00DB8260ECA0DEBBDF10ABA0033E63F1E4EBB7B14164E27B962475FAE683F60EB6B12CF51D61DD391F40961C8390B17B5BA3C509A1D5A500B802F0A2EDE8F4ACDD0D304EC658CCB400B6260D512606503A86535A22AC1CAD7544E6629513E1C73E6508204A9C47D901AD75A8D1304B8033F66C3E466EB0B66EEFB3580B41B8F7BE5DC4748D4578C259576702D10BD3AC5649EFB28DAE9A3373574A1A75E10F0C52B975A7C15A5D5D1BAC397BB611A511493D183F45C05A0486E224952FC5344996D298042865639B7454EC1F4BB8E9C3377A6FEC9D57EE12DD120B87D662DD06AB129A2A82751D079925D5BC57C469A83A19367A5BAE76E992659ED258CDFEADAF
:FF23EC0012872CE86D6814F740A483BCBAE3210C4A3419FEAE91A1D789C9322ACACA584E6351A2009715A1E4B801652CE691187F095DE4B316D59F65B132F5B7302900A7DE64CF994D2DCDF2D47E35561F954734C5F54CA9BE64A17644F2C7264C972EA70BE283BD06DE31DA41C2E9643D20DB1CF0C02B021F60C055CB4FEC5E84A468B1914F50A16D024312B198CFB91C5A3EFBEB9D006A507665605237DFF19E8D1BCBF5D8BBA513AFB68147940D9E28B84C62CFCE72857A6103D0579D312809DE6F9966475C17138E8704B214851671A783ECD741A5580F00FB293BADDAAFF5560FC2DEA8771977BAB7C56FAF0F45184595E56439259385334C64310FEE11AD7BA5D0
:FF24EB00A89DDE246CBAA733558C40FFE8FA56CEEAD9740A6666A8C28C3B54B2B4BF0CFCEF183FF269B1B908532A68B40D087E031753AC7FCE015B880AC49820F06EEBE4B23DC075D31BB8D470C1F6D4B697F2E57CCDE9B5A2C333A2B8CC2972787F861934D85DEF44DCD8D379226D31001014BB900320F3DC64225D832501AD625C60D60E58868C7660E744FC17BF1AA370E522BBAC4818C95F806CB1F58218AD9A9ECF7CEDC04CB7D72D127B23AF35961BD13C5C0309A24854EBC134B62048A2B3DC845230C3A331E42E9C0659CF66D93593FFB36FEC4EA739E7204699EB4EF49A9A15F496A56376B145B7B4424FC5798294DB593749D3A8DF0195572AD9FA352B7C2F
:FF25EA009D28E3BB811D71D3F3DD74A2601D3312DF46E5238EF0045FA9F379C0C44B156062A860E6430BACE36A242615B3ED09722441B66E53A862CCFAFDDFA793687B7757C56F22DEF365427F0D8C8D8CA6E385C615EB28A655EEC6CE5E878FAD8C42C2062A2DDAEF4A7D0AF0573310A246CF25D17E3A0C9191D26511544A0E7F0BC1EE3E55931BED150B024ED2DBB4F5AD8B3B49A7A30753F042000762DC4855726A9174C22615D774018D096F1E8569328C92ECF9B71CE0B2CD68432B22D9C296D145ECA0034BB88EACB3E52668D03A7362A9C5939E67D3CE76B86EDD2DA2C6233BDC43A39AAD98BD15450556033D936144D75CE469B7644AE66D5812F3637A61D154
:FF26E900E776799F4A98046B0A2ACD46A40BB0469D057DF5E7645BE6084B6A04CE01889CBE3BB16014F3664E11874D87E874B14FE948F392E1FEB2052D827C8322DEFE4AB1828F9CC4508D5D1B5F0F6E4FEA21958081C1F07C626858247B8A0C65C0C1FF6ABC8BBB62AB829D98E66CD765367B73E979751F99D72A10859E7EAA87127053DA180A38A096B2DC0FF02B86AFC3F806DC20B25169775541D57D7D4F4B6E4E31745CFEC7EA2F81B19702343EA6DF6B10990098551EC1ECC0985BB265614CEE9C93C502D2B0078A407C142376C1369B3AAB2EDEA25460397191432C0B01411F889313E8E65EF83F3376078F7D4CDA4A23604E821A017699639FF4EA971150A2AF
:FF27E8004C0C0BD62F12F2DF90DFB3BABB3A6A1A5FFD6FB6C6BC4B85C1728572A96459524BD1DBFAA223498A1BB690CDF90D8303E9AFC2794A0FB0CD3DF1C3A6BB842FFFDDE40D5C305CE4DE33E9A2FB48D71D3E4C12517C90C6DCE9621FE128AF775172F5FD648AA120E1C857B34FF2DF73AB827948724418165D2D866BC696267E6209C1381DC8AE7C541D5866F7D0A49189BE76A911CF628650F182E5E33BBDFEDAA595923907BA45F5D998956F67A464F5D91E439492DFBD00EC58C7FDC1131197C1DE01A0692F572FE344F007B976778D04670EA15C6E4E474AB7A4393040DD7664B8E28E01AA9BDE85F26573FDEB5A940C7E26C7960DDC472B25DE1004A7482B5E
:FF28E700B1C14272171AA1A73B87FF0465E7CEE6446CF2199DF65F60B26B1BFB5089B56BA553FBD2718011DC98048EB7A1F8C6FDA49D34D939B045A7BE73EBD762294247ACC38A808B3851767B9F21CAD0AF702388E8231C9D7BFFDC28A9F07238EB70DCC6B142B6DF4812F2B2C9DFBB650F8F83866483B240B5A8041D588D4D1E9D22FAD4CDA9D0FA205EEE744AEC405AAE9AA525CDD62737F391BE73EB643FD65E40319CC1F1D2914CC3439934BFCD4FD775AD700DE039B24571CEA6E9B904CDEDCE6B13967FED448DEBEBB98062135DA5438B066B9B554C24661B2E7BD67254728E80E36E5474CE78034573F7581DEA6EB6B1C17D2A4CE34F6E572B0328732FF7BD77
:FF29E600B1C2C3488E9F90A3AE37F31C4F941EB6BB8B4396C586AACCC75C0A005B8DE3184CAF1C566D2BD0EDB02327BE6C0DF07EB6119D0EB5B19B789D6715402C37368319DAA71E7865AF0BA55DBA010255D4A6B30072FCFFECF7898B9852889425098AF0F2341A6D40B7BB364087DDD223087FD51CC3DA04477E38A411593B41C57A1A09B871FAB509C64089E57C39756A5451FD7075FF595C754354EA3ABD25ACD3BEE5151E97176B333CED1B6869A9BACDC16F046F2590700D011BDA207D67E65257C5EE42BBC924065DAC8EE020418F0E27F6C2AA8F7407FF9FAED9AFB7F7E834261B5A2D61B1813D74CD1F9803423DA25A066B4366E041C7B958E73B1B117F53E2
:FF2AE5002BE5E1318749835D0AEEB9F45481EA3196C1494687C0E179345A8F6155DD65C1D732E009EF2B44FE20346C47FF4EA66105391DBF63279007BF8F0D5668BCA46DF2620201214F9FA7591B7C42062451389B3D66CC53CE77C2B4A03955E6F561EB6B891C2DFD4B9F49C0C475021B1110159A79B80EFAC2A441866FC736C05F18FDF77FD716BDACF5D62B2153F8CF08041F43F74E4B2C08FB999DAA45658543F08EFAC122B53AB44CE32E3A8ED181202338F37D457BF42F489B3D29D1656310680E302A80C97819E5A17AF2A8D3A4A6A6DAEDA06C6A52C9242312AB4C450273562E4B2326E44BB5E15DC1049A2B2889EECFB63F15AD819DD712CA0159FD5F3C7C6A
:FF2BE400D85368BE2A94E135B5EFD316CEBE563B07F29134FD8C815BC1E0750DF49D964019E3A079314BE39A2C63E47530DFE8685C58474A6754492AE4404A4AE9EA6227F5A6B89233D1A3C980CD04A2CF23FFD1FDEC41A457EE504558EB6FD0022003DCA1A64CE1365A5005570E789A292BCB082E8593ADC4008B00ABEA4DA5502304E11AC7D28C965591A85DB81420DCD1DD97E4B32812B73A3B4ACE8272A9AD59150F73CD78D93C4DB186A27F872E89F1603694DCD301DD4D2B0D0D95AD903E5E24926067D2A85D246449D5F81BFCEB973DAC726C2031CB648CA572D9DF3916BDFB7E7F9031D6D51F4F17E284DC4F9679275CB3891EE8DEF1795F4E7B27CB2C96D1D0
:FF2CE3002EB344FF2E0535887240A636BEA0695E54C0FAA114B958F6D6BDBCDB766DE8E27884C5200735ADEECAFBCFFC52B2D17F58728CF20669BF489E12A936ECBDCDA3DA36448774A3F2C2CD9F40F7B378C05119FAD7500EF04989EE4EF37FD91D7B2D745E63DB00F9D0F0290E280B5C359BBFEA16E6A7AFE8768A2CC7E2417398F1962E4DE37996CA26EE90C061268C6E51A66735AB6D9C4FB3B4464BDC8E7CFEA4FB2A2FCF02C5F1DB7667E07A84763EC8C3A20627E0AC50C501465F641200BD8961EF4AE14019895EDF2C5F617FBA81378A43AA0181695723E2A95DA468F51032911F0E64AF83DC5E508DFD299A525AC8B0D690303DDF43EA97688638E246AE7759
:FF2DE200654180A9CC97C38FA09AA8965A1F305CC056334B01CBE49BEC055A7644191D37C4DDCC89672DC28F61F3A6F568D71C3CA93D115E0677EBB3270EC3FBA34EE930BA11A0FB1B7CE6EB361067BA6FFCED1A23D30CA3530024C53AEED913067FF63D0963D92FEC9552EA0E7C6837C6FB48EA648B86B267F733C65BF7ECB059695431F6C93B4CE34776BC24A59FB116D600C12A6354BBC9EF7D6AD9B410BAABD9E8D72AFE1AD97D3B43F3EBB4D74C1329FD64281505C3D14920C2EF80D083FD3A270D2F3F7E5152356989A4FD06502B0AC98E3E3CED638856C9DE1E89625C9DD9EED6C9D129C1DDB0B423DB5774AD3D37DFC716B40B8B177C53718A4FAC1D43777E9E
:FF2EE10036C141888828F51CC938B8398951F181321F543878E181E5BDB265440203701C255073249430DC3011817CADC6C0FA6912146A1AAA17386D4A0BE12FA9A51A968A64347FCA6C99524F2A4EB9257A517C54B13842AC95FF4FCDB9D9B681D901BA0ED6885ED134CC511AEAA0F41B8545E04E8582309B5F5D56A16E171FE24B9168C3052AD186ACECA866A673C0B95C25C5EEC078D999475E715AC08F8989ED40DD3EE08AC28A88544B553BA865983EEFE42F61B72218B4472ECD768FD56FE1F6DDB577A9127B1C09AAD4998F6BBF5170FE18D2FE0279739F12C652B7772411D8D33BD11887C245BB1ADDC62394A8F3BB87CFB9135E1C17C88D34F5349277FC2D8F
:FF2FE000D4AB5C982D669A9BE01D974DBC6E8A5864BA4C5794D89FDA676E1E65CA0C0F7EB8CE8B4B6C27CA8806112D7501C14E6DBFDC34F86380D92AD019FFDF191DA84DFF28983AD27CCC4C32B3642EB089E3F11CB808736C6AFBE2C60ACC5BB266DFC6808CC5E1758CCB5C5AC9FC8304DEA92BF9BCCCDFEEB0DECCADD3F3704F7D661D20982636A514AAC64079E80F8B309A32B2CFE5ED709986392CBB01F668303CC31B78A8A14A448730BF3CFF5C06B7B56C14270883E4A8737692A7420815E0BCC431A5E25333A071AEF915538BF8287B147AB35A6C330146CC16DE0D548B08DDB18992C011550425ECC9794016A72B0483A279386E0C648148EE522480BCBAC57B
:FF30DF007760F38870A659777AE9E74BB72C35DA02898233E0DB0C8015C6881650C9F769AD1312AE576350D3B7CD4E02973A7536D5968193241607689D4E6DED444CEE1BAC0355E933BFC9D96D3D1CFC88FDF1E95E73446521F41F704A36FE2FBD5064319AA25F3B10630A13E93B98EE8E20717FE9BA9C74E85BF8B75455CA1BBB10699769D321E6F44F03C49EDA175E69ED67D5AAA82EDBCE54F047763374FC094C945FF8DDED5EB9B323AF303D5F98895A561DFD3847254C7331B5FBA47011176AA57BB0D1554D292C886950C1942679C48503AEC65D221127790C0AC96728E2085FCCAD9939E0AE7FC64A16917FFF79D374E14DEAA68D5443493E06F7CD7CDB0B888E
:FF31DE006452CC92B9494BF3184A705806144D6F6BE1210EDB4CAC7924D3F8C92B16F65181CE4585F7E82F9A8D0F86B04531DB431609C9BCA12382A51559C70F288AFD8E34975DCFEC6536629D3F4681AC013749A3D1C1D5D08A28518E1B11DD81D5EFC9BC5C1D9F05EDFFEA7C9486A16074034D75F57BFF6401A68F693739538035D2000963BC6BDDEDBEA667E42EB1365EECFF3BC57DFC31F8F9D3DF06AC86EFDAC4FC95D9E3B2D5326884147D66F535634CB99677BDB86967D6833969FA4452EDAA0603FF01E8B8891AD4902EF332E739869DF01A1DCB0C321F4ED196CECE5DC06F1CF2BA37CF16C21C2AE88ABF283877457F43AC5BA8519D18FF128C7865C134BE39
:FF32DD0063B5FE666970C6B653939D3387DA0C5AEBC6CDDB53493E6E183C037C7FE3B2666AA42B06EEF3B9E21521B3A94663DDEC2CC11BFE42123242219C6B06EA685CB39B9BCFBC490D92AC54E57FBBDEAE37B4A9B39086AF9576E081B1ACEA7F56FD559CC9D1EB76CFFC8380C1B7A31331F9BBBD93C60532E0665DF05F21122A6DF7EAAA24449108F3E782273FB279B42D065E4D81ADC378EA4AD0C17E34F232236A7E0A0F3D23E3D98AA6EFEC02C9E0450D4812C8166C3057273D25B6D4042DE481A30302E9F08237C1FB10EFBCD46762155DFE3E829200DBFD1AD1AD181A5604B1298A06273EBF0ADA16F5B77E1F38B36194AC923C708841D30E32D7BA66E0DB0778
:FF33DC0026A1B7BA3F30EF2DBE59CEE79F0C1E2D37F2F10BDC18F4381E8DC11276B65BB83E5ECC7FC68A031BAD25CF0BCBBEF1DD6087383537D11A8A37BF3457565064B750A2F392CE5A8A71A426D96ECFF167B9A2F0638E33FE35D8C9CC9C6D182EF831EEEFB5B1B1C6F224A4A27A99916A539E4F1187DEC89E810FD28B9301432A77EF31902E015692AA774CEB7815EDC8A06188402B0580A3B56A30A3531175562F1385F0E7A3418A9B90006E945E56C1A31631D2F755E3F8C88A642495CDF7678DCDD484517CA793EF39648946B3C858904E7E0BAAF43F717C4B3E4009A4503EA8413CE3559DB854177E04E7FE9E7B02C0B1715408546D4EAF45FAA6E7C5698504D0
:FF34DB003058CDD3B4798EAEF31400C2D2233F9F8413AFB6D08C2A981715B91D3A90CFFFF999803CEA72A4AD7B82EBD92598D4AF098CD984FFF421FF56FE1F2C5E943A2F2F0172D0AFBC73B6CDE67F22B026738DFE7E0EFC584DFD1B19EBD388B9B6D874249390498221FFCA68CB53EFD10A1674508C01FF3CFC82F99888469A609E092A56ACAA5CEED7CFC6F85B3650F6EE10BC9C23AA52264E6FB86A6ED64F90D8F3822DC3BB256A75A2C719ADECE6D3DDB204365104ED056318C700E2871DDD5633D28C9387FCD91FB83600BAF83733220630B562A7B563E30088CEF196F64CC3CBE3076132CB125B2BA10F53C9EA18B559D17773F0CC450D4A846E440448A7181CB7
:FF35DA007DD7C6E604448FF11ACEA6433E00CCFFFD178180828A173DBFCA113CB69186F226AD21DCDEA479152B1A692BF66BFF29EBCE7BB8673B96B9D440DBFA1F45F878090850AEC610C52D242CE2479D9558E1235422E9D9CEF1688A8D4C2D219A3F39083744D6F3EFEDFDAFFB1018F543C3D76F0FB4CC86384619C3137B2439B92AD71FAA13E61EBC90D71F630A14406DD93F6BD2BAE38293C396AFB3704341FFD69AEAE0CF13C838DA9475153C4C84F8BD28C6CA4F517B2A07518CC0E2E423C0FE22273F9644166CAD223AC0061D2E840DAEDD376528BC5D72BC42038DC8DF465CC6A3A45C803C87145CAA603B8502D205CC5038345DC31DFDCCAB0C7E3514805A17
:FF36D90022A5C5E94CA41AB444843A20F9CEA3B18453C9B3913FCF54DAE5C9A15B621D6AF4D0B137BA1FBF85483FFBAD4FEFDC12F96732B2EB9DA4B81C121E7AD31764C9943E53FC71D8A6FB34482E0802F8892F4553B30F3FE82722F3F8E13C9F00AFD89F3189777AB7A50019F7ED41E7890A3FD914D541B879D60237A0B07F577888AE09A285787B60C9282A43591606BDB7457156EDA260A00D529F441A7A5AE3440FCCACBB822C9A9CF40137D836D4AB83E8CBB94BE8BFE8561ECD31C6C85C545B7DCA5A956F42036D17B88D2FFAC99F045F6759DC9917ECFC95F0550492D30EA0186B09E55FFA7C6D0BE90AE3AE5CDA2C0DEAABCA9042C32C5678E641D9FC4A5615
:FF37D800B7F86ECF097A0C211D592AF852D316C3A1D243AB4DCCE85F70944E8B97CEEBD8071A32BA448FC7269C505ED7344B3FA63BC6A6B9C5BB229143249417A392F78BF9704F7F685DB095C80DB713E5DED757DD6F37FCED5942E8B413E3E3FFC4C4F8F18FFA13DAD3E2F8DEEEE4F890C3929602A9950E5145513B3E6260730C67C145822ABD6A554FA7F721E7E8247E6EB19901142F512AFA52AED5093A3F800EC64668E95007B3D103F84E6491172F0D8417E681793BDBB3323E10AEDFD3A530082D0DDDC66C18D1281B7482367889984A9481BFB1554AA90D315690730DEC6130508832D7B440E947196F34280246E80E7677F0CFC5B36587106021B1BE392B0910
:FF38D70022AF0130B653D531A63AD4F30AC4CA4093A338D36054FBCBE604F6A37C0CFF8022CB38A73B6BF848AFFF72D34778DD357406C005F049719CBF810E8D7AB98440626C494048F378B55066422AB5C1A24C410BEF35557502C3A3477F0FB5C108B8D42099199AE21A78E6F81EA9273412145060D0775B37594F2F3DB0DCC29E26E81B3F04659F7C0193A201C4AA8CE0DF781616178B96CED8424901E236AEAE5FB5A9329627D5E3BDE4CFE637D67944D72661AD4A3BD6A8F191842CB8169836B797DFC1086479362CCAAF58808E7A013F7FC1E20547E7245A33B3B0E3E346230020EE080E634061E0BC07FC9D8FEE002CB446587F9B9E09858E3B898E6ED3184BAE
:FF39D600DF835505D515F51A6309F1E31EEF776B90B77BE1D14B83DC7282ACFA0349D9BF60F1591EC70D99E9E97F7D1814E790B7E96E6F655A9D2AEC9173F0200BE1C65EB5CBD64536EC7BB5A3BBE82283E1BC65329C918C3293F3B049DBECBBC24972DB11A929D25B6EF34D1BF7AA7BA27B33DECEDC972A714B6A47F41AAD83868AECABAAF04CE8A86FC5DA8C13ADB178DC000BD5D2B9426469720BFC261BF15B128B5DCD12A62CF8C480E92C2AD30DE052A6C02199AFE1D7F17A70E89840B003DFB8A87AAA74BDF6DF238BBAB30B8CDB31ABFAD02F32B71928BFE9974666B82504D0A5C32DF11678D999789E4B706C754C12C45513AF89A00FEE4E4C2DB5018A3BA815
:FF3AD50025844D3A1D53A3A9B826CCEA9EBD7E1BE1EB6E58F8C09297A711D5C8A049EC013F86AA952924A82556B67FC300BC3DF4D3E99DAB617D3F2F1546B84945D7D0BDFD60C00237277BB2AA22E76E6F1BD898F0549E1FDE2F9E5FAADB3296C7BB9E9599CC142139B80E6C68A64CBDC0A010C6D7656ECDF6C0B3D730691F6F3D784D33A9E0E4D40AB2707FEE45C965024B0335D11B5295BEA90FE0965DEB92F57E35C2284C839FF91DB84C5BAB085D8264F4809DE96B93120C9A1937C81C6A3CE4E703686176AC47CC911537A36FB908FCDB9BB9FDC349B2E2682DEFE16638A4A4647FEFD8D3005BF2A6FC705A774354CBA082C64424E73E744B62264C2620EB03A31E
:FF3BD400C4ADA1D7985B0AF61B82143F61761D1A2D1039A41A5A8A8D375AC247A9664CA3DB484ADF738C824C647346AB8BCC593473ADCAD3C2161B1842B4EE08330D6070BBAB4434708E0FCDC4392AAA706D83248FAEC65FD42FD34784BE19C1CE00600D71373F2B7A3302E6A893984364E5E8C16EFF754B42CF51E43C41856150312C16B6D37602559CEA3AE03945840BD7E942E69E62FCC910E60BE6B7B94E923DCA39A1FD538CE2E9C214A6CFE4D2B2314BF195681F3CAD1F95EB51D942ADC10FF1B869A1205BCD616C58BD10482881D763E8AA894A0C5C5D239C4748DA2E505100E65019148EFA5E78521B6E71754E62058358ED0C2920096506A8568939B6D55B64
:FF3CD300DB7BA457D09C119EBE9952D8F239C05F7C5C09834715393605CDE7F77268293EDFD1906BE4532EEAAAAE3DDBAA26F4C40C9674D3F56983D759A8FF9BA5046BA4F011CCD47A9E1BE2B85133D6CBBFEB5356E655D26043586B4DAF59AA3EE2F21D9E259D049005A16AE56D5A189A09D9E380CFC531BDD134F0A13BADCA3042C3C7D9A14FA7AC8ACF6595FC2C72AC82E5425BE62C178BB207069BE5E4999E45CA469479B54E28EB9F7CC5BA64546C3BBC11E595FC371489084D8316BCD722431C07C5B245E562D6ACB48C484D644C9264246850BEEFD90EADD8CBE769D1C91FE08A79DC6573CB3AEA0D6D8FF98357234445EC387E4A9B8C4CFF96085D40277C2F27
:FF3DD200460C97F06997AA46C97D1254DACB4651DDE70F51CBDA377B5030390D9A9CACD0DE050B7305A65B7B6C6C7234687E8429957C2CD978B3D634AE720D3776EC5B66DAACDE0BDE1FC1AF31B9F448F6C8CEF660B9B2AD552B43A63673D4BDB371E739CC73BF776EF69A99A32FE8C582F51D6D98AFC7D0EC3065DD5745ED53AEA21D8A617DFBCCEB9789D8EE114941F5CBD4BDF2D8E7F00FDD749E76FAFBA9C46AABABE593E9C7DFDFCC6FFCDFC551710C6CE5BA5C62E9756D89CBDC9652E1FA7735E5C06C46495C2718137881A900A4C4E650BA772C879F8BB4EE38A1B36C1B97A752F553F9D1E7A730C74784CE120536394445C5BB3BC7F05C4BA2A3189B1B7F6B7A
:FF3ED1007DFA51DC48BBC553A5058BECD664D2831F37E9F2AA3C1264F549B193A35DDFAB9B3B85B62EE0384766BF956EB9AAC69B21413189BE90488EFE83782F4CFE7A4162B8593CD17BC2C9BDCEAAF520971B4C17B2F603E254A08EDEF66052B9E7D4338655F4EA1A7BCFA640FABE8118FC4363EF3CE2DD642159F2AAB4F7E8D657FEBCF9AEE8C9E2A5380BB1C21A8CD76B57109D30144C9457234AD90EEDEDD7339999F23903A32E79B8D19BFD872243B4CF39679692D52F4F863ED8CFD3C5EC3574F24942EC77D21685348B15FC8A1A7EAAA140E6FB2BC20FFCEC1F12917F7687F2CB0D593F7382E40C49C287F02F4E995E26476065C7381A681E427A24E36A8C4FFA
:FF3FD0006E959412A0EA511A24B3C947EFB1840996767B590DBD4937E77EE508782B439DD212A12BE1AF9230F5A7C51649EECC89859608547B9D5E35498381408FC60E9F0FB86138CDD8F44C14FAF5C1FD69E6CCDAF98817092521EA39F2CCF3133695323B7F025092D04810CBFB70429DB307E8C388E39555DC9950EAE344EAF50F67D07B1FB46193C912D20533F1FAF94A594F3212C005F28B50BCA508FF39363583761A7437B8BD70CFA12ABDF7AA16668EBA3879F2DE43C304DE2AE3CE4891CA153FDA42D19D3B5761CBBCD96D12FDEE94C0DAB46B13A5F1425D49342FDB523969755E79165CD67C0198DB67FB2A3015409E756C7C9B9F7476635DA3BCACDCAC0E50
:FF40CF0068325B145EB5D57FE8AF86B836BAD120EBBB129B77559049CAB79FE30BF20F296FCE28A1F4E06FAD3381DA319B402A9EF072930312703DEDB2136CF42FC4027EB8E2DC27FBC64642161158D9E6F6E84EE3E9FDC13E1C60CC6656DDFF8094316B0521AA2696689800FF9210932D2C98E4C32927D4C3C1A90DBCA0F00D7224DA0549DFEAF645A01F5E0E2375AB2AF33320C0E175DEED6F91BA45528EC675BD1939F46A2E898476C0E70008EBDF7088849F25A069A8D82C5FFD3B677D4E576986F41D3BFD4CE15AEDD6166584F7FC2CAC3A58E92ADA676B0E21671D51EECF704E020B4F9A83132C127EF297FA9DB7C95653FA9B9957F38347C2F0B3ACBF264C4792
:FF41CE00212C45B9DDD36AEDABE3EAA5316064B721BB092AFC8A8BB6B36D716B3081082FAC1AF5B62E8571332C886F9B8ED91A0CFEADE5B9DC7E7BEE47028B91291F13C09EE2CEB69960E629165D844553CB03785868D351E58CDBEDCF6CA82351F8728BF97ECD1D71F97147AF19DDE480FD8B85678FE37E607D16C0C8A479A41540D736DB1530EA289DEE8EB50C4E7BCBBEB069D4B32C6E476FB9811081AB8FC759AAA34D264731D73C3D81E5D62C3605E9A4349ECE55FA3ACB2EEC51E59C58054B25EF9B2CBC83D0BCB7DE6DD3244AB5DD520B181C321F96C0F32042B870E63AFEFB0311A77724904619D3146AEE8E8B77D2016751D566314C2510DB1C6ECB6F3DC280
:FF42CD00A20B3AEF0D82B3AFB418A2F8A8E8BF58E96DDAFABDEA4C55C7B3C2CBED738D914653D38271E10C638E3B4563426501B0A50765590EDAD524E4B8B22E4CAC61759C597E9AF4AF41C3B44CC68E373EEA631E230ECEDA8EE0E3C07C709F771054D28D9118B36BEF2E9076D5CD698575FFD8D7544C3C68892C0492454918E52778166A599339C9202B4B959861BAD344804DC97266DD169B19D35FE9559A998541354148A849E436FEC809875E571940912E0E4747CEAF740809BB5800523E6C60561DFB19A00309712A8B20E11CFD7DD472C3ABEC8F81945EF4A7DAD98298C95D8FAC0213BE374DC4156B4C7B0D9ED1724C6DCF0BDEA1D53F63F00B1E8C5B5BA71D
:FF43CC0001E9055D7A613CCBABB1BDBB0647EF1A8C4A9544476E6AFFA3EE3CBC7512ED0D21F440615FE9AB4D044C4BBB13E83571DA875EC56BDD63D95C10AD15A3416966738FD133D653925DBECA0C86698B6ED1FD02F72AC025E574DDAA467E8FF459AF448A95D982E47D8E2F87CAD87D007DCF140C27C274E500A24E20C6879EE7697BCB14E00E2632B28278F36F17F3B2BB8D9D822D8031DCA4E04F9202B9F222E55FC79E1A1F4AC0A74D855DD9BC0C3C54B1632E3A3AF81B27F3FFA3709EAD68CDD2882D52D2B927B7A61B8577B76452FF636F3D9558D2705CB6221C115E3F14A5D35B3CE7AAC05DEF85FC2BAA2DD3DE13EAD258725E23E43C2E7C12614115F41A56
:FF44CB006BA2A0357E7B4BD2EEA8834400F1449D9F0A181628A129280693DD4A217C845E22EF0B2A26C4536C5DCEB1B14B536ED0919A822FD07CA24D785CBAC8CD36581B16D2C0A678A4C67383C492EA6B9AF581A8301A5F81E2B87C2242869C69D0B9A2252B1E5D51E5B387176C1C5FCBC6DD4D106002A1C9E511380F2A4FBE18D327E771FCD3058C407170FA5F3EAEEC63B475D2165BB04BC85A2AB073D3BA74EE4403525A8732728F9D05658CF9CE321DB1E154B6FDE0683FB43D3FF32434683FA8F4AB8F87F0F5C9C5C24AD95013685236DD47CB9E5E82B63D7120F0430742E582B0D12774DB957DA5FF1A7F11E1A025F340F95E7BC8629A5D1D4EA8FD656AEFCDC3
:FF45CA005C3485E30F0C0A2CD7D60F36FF19316101FBD7E8E11BE1455B02917EF2E2F19B250566C2BE257EC61CE5E7B4B8D70EA280ABA59A833A0D32859F95B6A904F369D69883CD39B9578994E6ED4C4624E82839A407E53D46455875F8E744184E1CE647549110C7C9D74B9D5994F39817642C071E30768F7525199B732837C98348B08EFAD7172069E31E8D47592A3A4ACD4026021229E6B8D7B87285DDA4894663DA798FFEDD81623C152A21AAF98B78A68D43B3F5187EB6B8BDCE3151FCBA3F47BD42B090D58A7F045005E3886CD2F55C6F7D3D49A1237FC0CC58872854EE2FFA0DB8E1B7918CB0530A0CEA03C9BCF2FF84E604E0EAF2CD93A6D9E1072C4B35A857
:FF46C90033A8972DFAB193B1F2E5E9C722CD2D6331AA189CA640F074989376294B9A4F444DE2157F94E5586FEFC2B045A9479B2CE930F67D5BA1C441411D7BE7337A8DBC866496E9BDDA449DDC31EF16607A3861FF6214234B747626D7CD205439D62ADA03780E867EFF9CD34E12FD4A8B5BAF49110C05BDBB6D46A396B20636263568EFE13F7F8000B40AF808BF055189C31F7F453C63E44AB569536C201AC628D42AF9B3098B875672D6C919C60B0E4D2D5589C6133113B3880EB4917AE8803B48B27B37750CD742F8B95E14785A383F4650A91708830D81D3F26A88CC391E2619189B6915841DE57D696E10AB5C4E878A68EC9286CBBBF348DE4D19F43897DEA1FFD2
:FF47C800636B993B6A72D233A753200DC30E7C780C5CCDEECBE94794C07347281C127F07A1295881E42764498BF0DE948697114B78A7159CE6297B9E478A4AFDBED2D6A4EFBA3343120A004F0B572C64869D04C96AAAE625F9E82494ECCF11E0E97FDE84B0838C1E56F973F2A6407AA4350896987BC2130AF1201AD9133E70EDEFB408AF464999C934CFCBEF69B0532D386F9E019408169BC0C3623D3B8FFCAD00D77AACE6FC4200C30CCC412C74CF2175AE2802A9A1C9F42A15A156DC27BDFE21338A5D7F5F527C00E7BC89EE39101CA915F8E83665E86298B66D9F4D80FE66A6E7A61E16EA1A2641CC2A656B59DFF9D8E528DE45A55315C153F418C8B5EE8463F7247D
:FF48C700A27EA85B83F552C48A54C0F4C539592B9BCCCDC13A437957B2DC602C770DCDA21B1CBDA9D7432CA51F344F44604A4FFD2E9DFCDC2B058C187D113791E12568EF49466C0D60ED5DA9BCD3668DAFAA6B9163A837C82D021298049DE73A0D17E501B559B8EDB46478FF9981C04EAFEEED995052404F9689485789706D0652B8FD90167F4E1F677D2003B4113141D71B1DBC8E14DFCFB4FED732140E5DAD656A66779294E128A978E55ABDFB6249B6D5106C2F8741792EC056D7E39C34E6D32AD84FF0B6397DCCBA2D60DEEB7D4E040AE286087E91BAE95FC7306EDE2E324AFC61397692BB2423CBA3F46D67C92A8F2323E89F2A374523FE2A373CEC6FB650559C67
:FF49C6007EBFFA5C060C71DDB75DEA59D45010E325351A9422815ABE7AADFA922D1280BAAEC7241CCCEF65376C06B171FD8FCA67D7A6BC6DC19CB5FA754A3DB658BB898BCF9A90C0C86FD3DC6C220BBD7FAEB76529855FE6BFB876D1AD4C11ACA2CFD111CC4CAB1903802074BF8AF13EBB88CB82AB24E10C4C5203B03D4D8C1E433A41364838AD482879A0040CFCB00177A0B82BC52FCB729CF23DEDDCDFE0C28052843D7E67C5BE8CE95114DA2DE26BC2AE81B128BA9BA3DE5D17476916B0A99A4BF0C51E917DAE9435A0AAB924A036C1C361A6CF0C194347B74D961855DCC375217B42B0F0AD7B6B96FC4CDB08D18A885E8A42616F372DB5577661A9FA79C8AA103B56
:FF4AC5000134E87221A695B07B3973B244A23339688097D0C0BEC36C80B30A2D51722A59A8C74FB928420A39494796A5B4E44DA8795D8E6726D605B0D1605A200CD9081DE21BD3B1DB14CCF2D57E3FC431D4D7F9588FDC3FC6B582EE6D4F7193DED2766654286B8CD99DC38F5D2F3CA26037EA7500BA9B2E7411249A38E07555B9FD7F5A71D6879D19FB9EFC0821708A0F016CF9B11DF11B87B67E0F1E2BF59EEDC397C70D9CC4500A2277956F8418CBDDAF97BC7322DB759F46CCD6169A5BF4DAEE3B944336EE39928A52D6015E827CF1D0FF65A90BB64B3888B8B00601C0741F75312F32246E5AD021184C074DFE322907BF733C49F2219F082108E297A7CDAB882908
:FF4BC400AF18B3F118A57D8E8F5587F8576B83979C93B9B8F34CA7C0B5E393F7704168378A0091E13C45CB053B8208772CEB1B36401D22ECF4681BEBCE6C5A0E37E94496F035C53DB7C1A6FD20D706F5BD3794F90B0E8CC7092B9ECCD3B420A9E0B089F0FE65095510D90901923481F9835D9D8C206F49D21F663E3E00691B7590C16A9EDEDB1E927A0E2DF05913897592A04D1C3BF8B0DE7523EB4F1579427BC3853A7C727C6324C34A213F86BFFABBFAFB22AE405776E85A04145FB0FA093A41DD90814F576D549FA3B548730BCFDF2D7B0974DE696CF2903E7E3AFF27AA37DFE3BB837B444209AA78B39A20FE79E74F26E29123AD18ADD1D6ABAA26D9DAE1C8E5B535
:FF4CC3005D4FAAE09D4EE467DB3ED7C3453639D85CA1620844799ACEFF889A2B9F6562CC7669902963F530887A7FA696F584821D8D42C85170FC61553EA8050DA0BCD5347AD542CE155472E3B05F3F9B4DB41A84389440E82627DE8E9A5DD3AFA7A95F8314B8CD8B4E393E4979DC4DD085AE658FDF79FAA8BF627C6CDA9A751DE3A7AE0076707EF276F5ACD9D4159FC7BEF62FAE5E0FBD100FC4A01671F1EEC99695F5B60CCCD2AD3090FE3E9448B5700CA8F4050A6F02E82C003CC5B753A13DAA265A388E67BF46CCF6E0BA996EF0BC644CCB5D03360A484958AECBE399A2C12CB20C48B533869F843ED807566DA58F1D2BF2A9CEEE0E3FCCDAF3231A29CE5E7D006FE6
:FF4DC200E68A06A0F0C6F048D6787E1520260F88D240627771FC175010BE3C290E2EF416418514F220B3ECD45C2D00A74F5E551CFCDF230AFA8315CAA9C9D2B8FC18FE70ACD0CDAC9B9ECE06FE27B72FA08BD4FD68384C800827F43DA89B0CAF5E353A9943BEBA894001D6CC9C46DA9EB5C8A7A593B80745C977D57F518E9BD3FF0DDFEADB13B7EDB671CBD0A2FE7FB717169F98FF48364745F7A3BF18B690783527311318A7AC708CF06D03BCB8E5CFB63383F86371F910ED75BDCBD147FC7598973839D27A34B24466C82B2ED8F1E7090F9DA388552B516C1E85AE8ECE94664EB4C7A492F3E2367310437BCDDB84B21926A576F4B716C57E7BF21A0843F34EE70DAF42
:FF4EC1004FD5D8C68BD0939F6CAEF2A743D388277C14BC0390DB7C628524699DB140D7603B4B46BB483C7FC1921DC9E9D74CFCC90A42D780AF7281E90BA5B9777B906674E9C89EA1FE99ED1C9BF354948C4A62D19897CE8A604D9C772281A42E65E181B87D8BF50975CFA20E455E7493D12CEF93A49D9D3184EE48FD96CEB89816477B983955E7F8AFDB1423E82D824A4EB1B0517C9D42542303110ED272D52733BBC19E189C6A113847FF833B7B9C4E35F27C92DF6276F61F6829D197C2512762290935A63D5E340B801BE4165174D232FDB5B0AB65251F7AE1DAC280EC1FD7D3394F4B2F0C29C29CA1B4E05A6E0B9E041B1A6B3B826A926EBE41CE49969673886435E5
:FF4FC000D7D38E2A5E995FE8479E312FE812C79DA2986D53FF2E40C4351E523710E361CA726619C32196D3FEA7E817FF3F74E729497C2A4188A4EC47DAA6A233134511F05F0B88E62AA17556256D60E22CE9A19B25213BEBCBFA12B099007BC3FBFD503CE923E29C1C46CEC9ACD8FBEED6BD90CB8EEA31C6A4E557F6F63FA8380B528465F0BC5A6317F359D91876E1993FA416A59BD93BCEF2CC90ED9032FBA960D4C62F0243DE0C09BE1EB63B0008F91F063B5A87570FF636B71BF52FFC7E05E9F61717EF60A21C93CF5A56231D81F17D796E7DC8423E7820693CE65851CB8DE8BC9DDC2290E3C87ADC261447FEEB30347F03F395637DF84568AA753935F561D52F79B2
:FF50BF00BF833DDC6D7221BFA8BB0782D86EEB8DF67EBD03CDEBE2EAA8A4591F957EF5C764576D78A123B2AD8B9027187160DA7F2E57945A9A360EC99D077EB0F48B83CA6E714826035B232EADDE33B9B84362C5B48E4C3591DABDC2D976FC736AFF43D7973E0188CE9D10D4BE4FBFB3F3758242A21C761E0160350D90C2D64FE27D5D9234358219A8CA66B9084A762DED8C095D353A3FD6A37C7FC2FA40C1EDD36C3F553E3443FF117F2CD76457CB62BCAB5A73488210A2EB944206CFFD968DBB56E4F9C145D93C29BCBD241D364E25EACB5B987685B46F876ACBF23D3D671FCD9F967601A7332164CBCA418BE2803837F888EA313F46B1B385FFF1CC274AA7AC15FA07
:FF51BE00FF881FDD7C16929B4B9A94B879F8C08F11A9F57954C58733E7F692D226C6ED82DFFA6A0EE85661B73BA0D15575F2F983A759437E083DB6637D02EDEDFD0232FFF929C50E1D373D17A9887A22C0080D4DAC0415C77E9C1130210072B4D6D9767C2B0DFFBD50503AD578E6D5FCA565579D928F12E7C31D0B9293079936074B0F696A9A9DDC8B75819A9D32667B867DD9ADBAEB685F02E6196B7E0D26CE3DC5744318501639D13E0FB08C29265BD4F51EE35F837AFBA7F5499C3A37A8D8D334237EED59A36FAF3B33FE8D1A4F7153DAE7CC6C92E26FEF18EDEA4FDADD5CCAC390F0DAED456DE0BF46209CC39F547F0D9E889E1D0A7D538D73CE9A20CEE1310E88BE
:FF52BD002C186FE2828C1B61075E86ABF259A6B9BC11CF4381867CEBBB0418EB363E450E9AA82FD1BA172E8F9DD64241C72EDC6FEAFCE737EB9C37459BF1E7A035BB4989BDF0843DB364527806A5A8269E1CAB63E7FA8C1A939BFFC37D831E29C06A79E84B167627DB66122BBBA8265522825483ABA4FB58445238FDDC5A7A2C21EE4482C856A077850155EE6FDBE860599591B65612F7D8E8AB108E111CEB26845AD49FFC4E98EDC6F2003A321B4EE2AA1B33AFA759176CBA002E897158F1395D38BB7E878ABDAEC1D657AE1E0D4467DC57A9EFBD2A093F4B5574C6CB6510C7660571822306672BAE046D9D6727D3510534B0007B5011802DF5A28315572E078557E878
:FF53BC00F4283667E5EFF40C2DF9B8EC222D0E961472C48879F05960EF4995CA7CDA16704A77A3D0AB1C001DF6951CD5C1EEFEA3EF4D742D2BDFFE0AC20CC2B7A544D171F1C516BF2ED1C03D274738000FC81CB050F495AA27E9F8A60631BE198BBA1704AA106E6D91340E870C129F1494DE6D02410B3827E6049BF24008D09719EBF94BE3D7D521057F32D5D9AA1DEA7CC1889C945DF4F1ABE08E3FE2DEF3C5568A23757C776B700BC634F879E3AEF77BE1CF13E6DA245C4B809180E5824C357B572A10DF2FEC0DFCF8535230703BBF1CC013D969FA16E564BA05A1F4FE3A05761E9CC86CF3A191184E727E5C8675332B7B3229442113434EB27B6F3BFCB29C89E71903
:FF54BB00636DA1A6207A462C6477BDBF20C8509D2512BB5234B2FA7FECC7A93B0D41E560355454DBBB4BA03BD6226E1DAB15F0247DD3116FDFFA15DFF3D2614D7C8C28B340799F26D56C7B7C0E9E6B51F8C8DA03C2820D754883303DA1365D84891A130A28FA3CDBB3E652F7FB0154044056E832147BF9890211AAC15F71F3A9414240468DA5E5C1E5A7719B58A22EEEFB6C05E75DBDE56EDDDEB6D68F41458ACFB1335EB1DC3178B41E32642069216A12DD7E516E222D1DA20BA3A55BBE72801F7D4BA2C676A5CC242720285C2FB8EA57B3447355E6F5201685330B46E052E8596C8150F0DBE306C9E898B33ECFF831C07FC07A509BB6259CBEBDF79C2BAF2B650711F1
:FF55BA00D95A53DCFE06C5124B4CE20BCAA85D2D7628B69232635E0D7C82F28349C003EF07C77D866BCB2411ACB95B0DFCA7AFDCB7AA5B08CEA598A9FD1C1C8F5EB80325822742DF0882766DDDA82023A8EA73EB36ADAEB42F7B40B0A7979131D7242FE00140AE64FFC3949D79885771D8D55AB9CE93D04291559A00C3593C458A79A2836C7DAB6F6B549A02765C3AB263E27329C64A32056385AC07B0EC4306EE140509A67C9762E0F970F1F19223FBB221B28A52461809C431D2CF95334232B54340FB146D8F13424042F364448C9C898005E34B0893C9540F1048F8FBC3CACEFA4F24E58A365958A64A8D9F9AC0C367B4954839FD9C215F3EA85FF89B7A76F039228E
:FF56B90060EED85DC57CD9C4863FC88F9380C4C6FC3BE4EFB87964D7BACA38222E6F8EAAC6F831DD7FE548ACDCBBCF776ADD6629E3EC500B95D9C737A9470705F2312E8ACB7AA0E2A7F8C086A6EA15BD778457508BF5F235B92FD7224DA6D36FBCFDE99FC82D497426E4A3247DFBA8FD0F4142D76E6752FD7DA30825615DCB1BC4074642FA0140F88AB47DF030CD50B14E26E2D7F815E252E96FBB73FEE3971124CEF34792F13779212EE5C133C220C0C87F9C01B183B321E7C7913F88ACA772C463111E0F3B9D3A3B1CBEAF6B53A36F71BE079AC1E9624E9F4D76F419AF8E9934AF15CE0AEA38477C7A9817011F4AB84037B09F8A09FE4F16D15CE5FED6C9EF2C95AFCF
:FF57B8008BD20A3CBBDC864E8F7A7B6750541281D27392E6CE9F88BA90592C5859A8404AC33489F4B3386683A66B59F389E164E954078BDE0E7C412F1B3FF9D59F1683D889B35BD44EFE18033E2703DBA198C9E21B15EC334D544FC363D992EBB15604AE7F853897C41EB6AA399C1DF74EA3B64F44EC16D88CBD9DAA50F9FD5E372E53F6559C106744DC51712C324E3F6A588BB18BA153356600B32785CDE41A24EA31BD9AE64DA64A8FF8E8BB139C60976A948CF0D9EB0E5AC58CBFB992887AE4A26A44318CB965550A0C66223546D3FC568C56A50A13EBA6F36BFADAC08D008B56C116870AD7FECC32419CFFFD97D4093D983EB0E6EBF042E5A0D7CA42B568E0073A7D
:FF58B700194FABC6076B7709497BCD8A41F47EB755327DA747D362BA642E561F2D93AAC1AE9959DC105B72683478D4F06FB1512842CCDD7D8E2984DA153852ACB820795638D844332E4AEB29FDB536C64F0CF72A7B40769E87C8CF2A247B5CE2B58697E888FD1BEC161B6B578595E5911853821CB3A50856CAFE5D3114D94FC1B0761BD6B9AB6C4B73A3D85A5D05E0AE441D32EAC258D67E142CBD8AD677B83D89602D1531B687142846AC0748B504DA655ED1EB58FDD1F9B2D44FF7F0917D3C3965AA043D2C6A7E8E9AB56FB45DED1EAEF1FD3692BEE21078566F937147F19F6DD5D7EAA16D9B9A14D80E673259EA58CBDD2F7712DB2DF59DB360E2FC971EABCCFBF236
:FF59B600213284247657377EFFF8CF1255851C1AA3B04E4C1DD79E813A290F906ACD96C8EBC14B0A9E9B46A627C79FF21800C04F12060C73B741ED8FBD672EE77BC7F0F0EBEE7A744D47FEE67F42F0CB2C934F9AFBA79F483D5F5EC8B9AB4264F2BD56F9E4E72274D1388E8414D0F6BFE9D355D837AE09EB5ACA1DAEFB88AAFE25F00B748A1ABB5E47B92178A6C1A2F82BDECC6ACBB64EF1A066CAB12A9B59BAB28368C0FBCB347944682CB66A33B81997F1A916A0D36E9D5B0BBB319A810B6C1C3E2BBE247B21683F014A4B83102C1DF28627DEE5E5D55AE3E92D6AB456591E11E21D864EFC63CA376E5ECE72740E21D227719AABAF5A24F69FA6A044161FF5BE8DCBC1
:FF5AB5008A49EED304962EA10DC7D44CB6EC6F647348DE2FB65FD1FDA1FDA828E08D08BEFEE29795E0DCEC1990764ADB8DA55038A3B64C368D0217D859DF08B72217B5FF803AFE83233C96E22FCCA34153CC5349DFB2402FBFC4A34C0DE9F33127F020ECC5253F9A5D06695A5B4FD8BE2199120E356D152269111BCC8787E9137BE739829B5FBAA5494404F5794DEE2D856DDD88734BB5DF5FCAF95C4C55F7818A2251BF1F4D860BF9809ADD1A1E7262FA0EAD97E2D4890494BA6D871A474EB008101C8B15389AC27EC495A781FE3D263060289BCE02CBFC57D33BAA0732FDF2F596F2DD7B80B37EEAC2238D919578BAB3FE882FB60EDC7456D7BD84FD4D0296041E0A92
:FF5BB4002838BDE50CF3C82486CDB1B8CF104D674DE359B5C52E969F69BB55692DF42A546CABF18B5612A6DFFA332F3F9E04D173950114329BF3D7DF789208F5E07B23B41CB52EB4570E4D87447F74DF75D4B57722BB64BE34863028CB5E3D2C469C99CB87296A93EA8964E2FADD305A9CBFEAC82E78FC8BE3C6C874B05B99B95A5C1F39ACC7994FADC470522B09F4675E13E8E69DA27167EC8C696C2BFB8D98A12A81770F601878C1E198FD833C390446F14E862E2348E471AB65A4F4EC709B04C73CB13105DF312684E416B3E01A40ED14C57F306610A814164BDE708179DAFE84C6C2FC2E89DEFF4ED605C15B20D5A59BD5E1AD4EDF84A72EBB89A15C246551BFEDAF
:FF5CB3006434CAE63DF9EBBC56E49652113D2AD57F1F635108BED49A9471DB819872F7CA88DD37234B7979EC33DE59DA02DF40E8AF20C67324D0F12EA9FFEB65295196CD6F4F85522499EDC2BA3529099746222408E73C74F039841A6D2CD8FD765892076190C827368319B282F1982F31913817E9ECCE7DD8320EA3D7E0CF16ADAFEFC7C9A6A104C47E35DFD67146E34632AA027AC4C7FE92B97B6A5A7EEF7F565D7BF9A30C57FD35FA0D4B4A8CAD6B4590F077A62CF4A385538DA622B80B063530755653119DEA1CCEFB6981DDC8CBF294E7CD862DD5E1A344F3BDB3CB58A2724D61B83159CD972932B66481A42ECE314575BA0EB7E995E4B50344BC3091D6AA9B0D49
:FF5DB20076459B38F6377DB171B88DD5F400D759A34A4D3D97918205DDC80C519F2427BE087687AC11EFC7B140D9146711CE3700F2FEF38148F34E3F209872242226543136E9ED989E4C8D15A803A6B306A8E36CD109664D97DD7A97AE5913C5BCE1D6648421C701620EAFC7359E1198780563A8338B7A6F59B18482BD42EB3AA98F5915E14602C297F1867DD2AD819C6B3570CB9516FD80403C1803F220CC280CC1B9FA1FCE93EDD7E9BDE99D4FB37639B2F2A6616DDD811B9B748831F629D73775ABE7CE20F42250B7520943AABADD5F42FDB3CF1C6D30C454370AA346F1540AF12549FD74292A332DB2FE381421A92F8DD21BB4FBB5C6A946FD650CD35085E98720BA
:FF5EB1009ACD66A62CCBFB709671910E5376C15680C3CE181A4ADD984954759317EFE6B63F5830CF698FF52BBF76AA60781912FC86B63BE513787103C4060FAEB1EE9B86DC8227EE1634D8CC0C50B5019CC85FD30E118E25EE3A06733096457C37871A4F631051594F94865964A70BE19A65500DB49EDEFF480EA08C115BFEFA5A234938EE25C408507081922F5F2DC8AB013C8B14DF6F95BC214A71687E0B0EC35CEA44387111B6ABB490F91A00F24F737D3B20202B78896B61FC2DE0B0D85C93B368E42DBB1C8C5BCF54ACF7C0A72A43B0425EAEFFBDEF064EA0EE36B6D48EC2CA362781A9C32F6BA00885530C297BB5F01E464C1527B884E1143E0B91604434DDA5A5
:FF5FB0004BA7673CC48A00D0D19FEDEFA4CB49264FBBC1F07A53BC26F5906BD0FF76F337CF897CBE94D9484D0320578D58211C511EDA8D08C1BA6FC24C93D47A8951D5C37CAFDC8576C133523D478BA8298A3AEC75C1F0B17A6696FD7D9EB92A11A656A29D3FE405EAC107FFD69C1C7EBC005730A387282B46251E3F14FD72C7492F78DD5740583896F92591F92CA0169603FD194D17584CD32BD6A81F5500A9D3512287C30228F12D86F506555592DD8AC4935DF80660BDD5679BC367CC6CF96B756FEADB1430543E850E14C042DEE97456DC2B3D071CE07BDADF0134129EFF65BBA6074EEE2C62187F4F2AA7A3F050D8EA4CDF03298C1B8E3C2B15B3892A5F99E98228
:FF60AF009E3C7ACE687EFA6C0E4C46A00C904DB3EB749FA4EDFA581AFAA345450E5799B8DDE4074CC7896457D308109BB59EB3E4646C546BF64003093B2F91EBCD13400F0ECA5CE5016CB400BB6807AD99341BB6555BDABBE8FC716BB0630A4BA2844DE68D3F60D4B562C23DB716A9651964A95F5D6689C93B53408AB44347566F631887AA3E6A6AE72208B0880D9E8DB32EE9C9583E9689E93723D2C05A8D77D3CE31482C78418CEEA5C675D794280C9D541639E214B30E5D86FED4F7D390228B8F1B804278FACECD32B3E973EA7F873ED969D1C0FA23EEFF8B13C829B8E392FB3082F9BF0750A78FD57A0714811BE688106E3A4D3D73CF3B7D868A21FC375E66666585
:FF61AE00FF2067BF5CDA81059CE34C8CDD8A7C1D6E4A27134A737023B0CAA8AF5119FC7ADFA18A8B6342AFFB1C58A6EA30212B6DDB39A5912FDA5B80BC4BD8AD69E57E0ACB3D7DFA21D75AB64A7208808FF8952B15A5BA151628B9F1E77F0CAAD541531A9D417E91B09FDC56C5AF93E86C61F3692AAB051E86C0B16E9AFB8F2BB05E11AE740BFE441E3BD50AFFCC534F8288E6E0DF86467A1741C48DF3ED7B9A037FBB55A9D9C2E78A4D8125154F1988844F839F3C0683871E842645EA54322B5FAA19416AE8CF6D84193B9A52B7709D6835076A3591F89E048FDBF566BEEDD58DC39ED95F0FA7E74A1B2BD59618BB1E0B48C6457CF2C1E5ED3F4CFF8CD80B5627DAC9B1
:FF62AD0002D957EB7DD552077FAA842860BB08C8C7A48D3E761089EA4D8F65800F6A0748CB5F6EB9F965ABA447546AC5B05BA7D463D8D716797EE8A7346C80881E96CD59153905EB6AFE74882DEF5DA16C22F9B250C38A1318401249A6A8FF5DC53753622718D6E302E93BFFD7E9FCA5D70DEAD175B2B3C98AB42CF4202634748AB3A8849336C03A5D69C06AEEB0044D39C5948555024D163D4481D03596FF4B36CCA6FACB42233884BF2532A0B06398D278A0E53CCD6CD32F299108D13BF9863207141BA387C816CD629FBF7512EB468B5761E3BA35034E8E3453FD5E0D812542C7632A82CDF944BF26A410E8D293B3369D01977AA49540F8D1D5B921A41D3C6EC4D65C
:FF63AC005FA5B8E5814824C9E7A5D32D2FFDC170DE9C0FD5F39F4D61A7ACE2BE5A248F352C3BF1D1AB626FC43FD8929E74737D82DD32DDC1E766E5C393D536162BB0CC04E7F4C28152B635CDC68277B5420D21887E7888AD5AD3D7FB722DD53A95A0A23702F51741B6B356D315D403ED8760CA158C5A5D132ACA5DEF1FA4ABFB7D78B4AFD05C0E66F09E5EA57863E6E0569F9369CF1345F2D96B4FAB9CF0380FC1CA2D92B43730EC1EA5A1081A206B7040F0FF8F51139115873DF6CC6A7B9D2395F58751C87DA3ECB30A5AADE479EA048F0E52E92215D8CD20105EC3AAB6E67F84C80A149E3CB6577790F133FC235CC4C57312B7362C8D46C25A30FCD63968EB3A798365
:FF64AB0001FF10E3F69D63DA32E406A2BC7EE21885C1CAB58EF996ED66EB0FEDFEDCA8C3EC2E633216AEC855146393449065DAEA0AD419768DE90E639F98A82F2F7CB80D370CAF8CD7CF9858C4C90FFA464F24842D3ECC09A5AA99B0A5B4A4BEBD7B58927584E28F8E9708004287D32602D95CDB36510578B647F064CAB15EFED8CBF87CB74B47216F34AE45EEE7CA8FAB67CD191FEBF9EA73CEF64DEE1564B95BF34CAEA3CF7BE2D18E86F1C7E3ACF79BCA1D09828BAA21E8C4B681D3BCE632F74F8601DD46A3ED5F467838B62CB93309298002A0831E1FBF2481E3A38CBF48088FDA8F20DF5F29FEC4A11389399237734E56787E244B3559BCAFDC3229752B04C7C5B3
:FF65AA0093FAD37321755A1337979045FD6F0530980FB01297248BDA251F7428BADBA9A47B09117F0214A2E4B834C7B329E4FC4A6B05E3436AD6E651C32AAD448615CCC64B16D9EC4AFFEE15C6F6870C5BBB1B9B67D7EED897C47AE9C6F125C666F67F273AC7B2849FE8C0F46A7413D50324EB1F10B7DF8F85E6B7DCF1841BC5421A04BC0282E0127FC5AEF54D75936A32F8EF6AA48104AF3D3D032D230176C2B88BF11C37FB2EC846D4F495A4EF39B6E8E593647E474AB3A7516E2B4F826654BAFFA9A6EAF0ADDD67CC249BE1FEE18C0FCF41DFB38327913034CDA619978C3EB1C8335C9D6105E508B4648815A31B831B8CBB023D0B163C6B508DFF11BFBC4638F28AB0
:FF66A90032E016E843F0F07A6A9865CDB9B730CD60B62102B15109A529BF525F6CA272924553B669D613B5EA958157AD15ACB8885F78C0EA33EDD64639E3B9BF3DE239EB883EF45324DBEA4BC34627FAFE826D542B54CCA02A17E99906B5EC19B8F68AF90A1D1C3969F74A1ADBDD99BEBB7D5A1DA41E89AAA3B0974FEA356EE657B43200B9779D2A1CA2E2CF91C92AD61887B1CD430774376241C455AB056AB6763FCC251409989EB2B42AC88F47B6D13A37BF44588B1789941A8ABEF4DA09DF5E29B56647D54E19B1FB078F9D0B7D7B36446E106AB9EDF6D8C46DA319FC370691A62B9682130B39BA2E52F38CA5FDC74415753839A30B16FEA6ABD6C7DA94BE85E0488E
:FF67A800AA9FF9191470C806897F581AD6A8B933FED8D83FCA82E3DACD0F0B15C683B3B54C0F9BED80DA48F91354D0CC255207CF64BE624F2CB1313FF6178C36C81FB22390C60B4069533D420E14ACDE1EDD355361AD939449C231E60A49FE3295C674C270BD8E6DE1B4BC42D0A1D7651E9E056909D1FD292FFE6DF370634E0CECA1FEACF45F937A22F7E797BD6B00F8C3C7E7832C79E6784DB8A8870FD6D3948348BE5C54C0CB914D46BA6EFA381C02D080C8F94249AF21F1FA006261E2035F2DB1B2D5073EEAF3ACA05916A85767838DF10880E0F8A8757B462FFBCC009B9CC783619AB042F83BE307CA82D9831FEE919108E7DAD20C2DE4CD1EC4CDEA1F4DB021E482
:FF68A7000CF1531C4395130AE8F5CCBFE618209BAE3B9C358BAD869FDF5F0A17B68FE287980CC3C0F3215DB8F5A4F72A63F81C863023C14EBBAD70B62F7659423C4CB86806F73A88024E1BC255298D69F8B558AD0FC571B668700721EFB832F2230A514D530897C949C1FE66DB1B72546DE7F3A6F158F8804464AB378D54F3F7B06CCACF7F18D3BF955FFFC758919D3F90AFE94830F07A35750EBC80E42E16A1A51C5E914F0CA4EF37219C53DDC2019278535CA461460789E73D33C21B778FEDBB508FD3EEA00185173237E9C12386FBA8D1B1D5FE48113EDC2C3EBEA30A391AA73316FC62C3C491288E86E24B233C0C2A49FE7365D08915DED40B2D183DA67A5A80A7C6
:FF69A600C61791315412A8CF849DC9850C95B72DB2CDC4109011E08935D0E8DE20828A2ED0BCFD3256702A1F4DBD0BE3F822FD9B1100327CB96E3EE7C60653FFAB356A0A6FA27DC364859FA8797D9574201B17BB47033A25C8B5E990AF1B96FCAF375F9B0501600AEEFF78C576BE3CB8D6751B29D7452981B5E031F12F21ED465DAA4857CC4A1B939391D957C59F9BBA4EDACF8F561775C9EDA00C69F32CFDF63D957E0E8B0E876A0362EA7CEA3885365C652814E057438A9DC373EEDFAE0A7EB25F98657FEDE088689453364C522FB749E99B294AD8A41EC6B07A39C1765A46FE1AD07E9FFD52F8BADBAD692C8338337103228C88CD176630E326E01F4E971B52238636
:FF6AA500DF7AA8A0B2FBF925363D67805B8F5D13149AF2016552D3C4E09B6E4DD8BFE861F82961475AE377D691F41DCB824AA8A9E9E0EF1296946DBCC32B97CA6E763AF595778DD4C6FC123F381961210E5FC936986DA64B434E680AAAA0775AB0D77D56D2553D6283ED0F436261DAFE943E38E80FBD24D20CFD6B34732BBC707A1F32327249F94FF53D6AF6C2A437D649DC4DBF83A77B768C40041723144D239FB9386B1402758F2E99213CB79A47D3412CD50A3705F65F43603A6D748B35B837C55B94ABCBB2D35790B93144D21F3C0F51B8A04222FF53BC33075D96B474B2C9ED8634A6A3307F7CC04919CFC99906D50C5BC2508A9D653DCBBB5ADAD90EEC883F0163
:FF6BA4005EFBE16D8C6F0809FF6B35C9D725882BACE172A233BAC5F2CB3AD83A43CE5B272CA21C72E8784FD2A7B858F0976BD4EE57EB78D15BDB9F2525D4D74AE55F511B53D89E665E1BFA76E5B8149F026BA43D0C8DBAFA52768F33952C9C75B3CEC0B5B09C369A33A6A228ABD1D2C1D38CB4FCE3906167B1C309EEB37AF99AF518E9F71937323954D53CFD57CB57C65C2DA0A2053DA3783FA0AD64DF793BDA2AA7B3615CAB1571FC9471334BF319DDC3140A8FECBF230FD38504A6EC9EE11F9BDC63A4C308A31CBEE81A5ED08DE183E7C028D9DFAB9E84B3E7D36BF51F132D144CBE4584D24CC819C7F4F89240E9DE3138B73CEF23F2E81E36C218882F3824DDC89131
:FF6CA300BED0665320954B02560CB5171ED3AB2C74DA87343C4C49AD8B871345BEF0AEFF18BFC0E6FADE1EED85E30E7B2E88145D1205AAEB3CB87F8B7CFEE00DCD4AC74B46544D43597BD73FA0A22D4717DC9E1A2C42D023AB374BCFD95E6290534E2631054458B843CAED7AEE5E80718DAD43E6FB6830CE4AC1467D5FD21C8DC9CD3A9BF5448788D4998B2827612D66CF4926CE5B614570F254E66A20F9F3A833392BCE9B3F8434E87DFC0CA91DE4E88DB41511D8ED008839DA3225FFC5F7334D2C9EC5DCB27FE35A0653012422B627CAE6D6E81189CABE51743769A9E2B7C0083E71FA72211A5E796682E54B23C1C15EC34FE11BDA878E5DD53A28801EFCCE825E864C
:FF6DA200B7DA5B380A826CF9DAF3622DE31189A93558E7AD22F0332224005425BC2C9C64CEE7A0353365F7EF5768EFBA308B778328F356C8A77E5D2F57E847B38713CFC010BE52036B8AB9977C0334E8742A2E127B1959BF10FEEDAC18194C17EED10DC25839B95F8E562FA98404E6CB8811E3290D4BF414EC006D79A2168E072E2B44044420FACFB8488DB61A66A077B8D4FA59B4C4B12A351F4CA53AC5E6CBAC333B38BB0266F54FCE3D8162FDC661D5CAA8C9DF0148C32709619AFB00FB73DE0D349FE5FC9F8059D8462A8781B6D95B2290BB1403D2AD4226B81EE60A5879DC8267B6D5227874C9846DF41462D194FEB2DE20CB12F2404783949CA68AA7C76D33E687
:FF6EA100339A93A485A08C4345A975E99A9CD507DD473C987FC983317217E33EF785093D62BCEBFCC356E5FA68B9B12F24A330515AD0BCB0E92C84CE76D50AED351A243E794ABB3CAFCC4928A892447B7A6C6E42EB53BAFCF5F472AB4DA73E53BAA40C5F9DAFBB06FBB5E7203B2DB0172E9CD4C83C932D2A05314DEC9A2907B4E04653EC99AA7905622A95974EB3EC32BCB9AAAEE9FF58E4D739D57244999D93935991112782E868481D6BB852D47382E2578846D08EF0FDAD59ADBE7AC4C1655D75DB495D27630B52F82D49328A7FEC12C7C357EF155208A1F25549F1E23EA3075E95F444F33353FF94212068D1BAFEB955B44C4E0B6178EA69FEE81FB18A96BE57295E
:FF6FA0006643E12C3CEEFD3E9FDFED019F3F04426C4F5293B19879FB63F7ECDFC064EA956FA8AF2120263DB25714B186037F75EA308D14B0D1D2C40B7041CE8835559B11F6C8A90A67BBB5AAE25DE0883C69C9DFC3E9F1E3577EAE6C9C3B6C6F54EB1C2B83616387CA35E312A31C9D715AA66114D86141B10A08508112E112C6BF4EDA089A8A49A86BFB5DC9BA8D0FBA1DF99C0997F4B44F14AED2120673CB33B0283AFACEC7010FD0C59FC8F0BD8372FD5FC46F2319158181CEDE71C9FC33C44CB11CEDCF9B95D32B6179422F73B5350B8863E1CAA1D071A74C4135F3471E2C51E6B9E8740ADFC80C1BF14F9AEA95E020A56B34C0C62BCC6822DD81681470C29FE9B2B0
:FF709F002F0E3F05986133210D9A87AEF70D28B8E0F7602595757A2BD92EB62397ADDF178D6213B2088AA7E85C360BFED97F5E7FF37C83872C7F6CA6DC93E9F20B944B5292885774710C020FFC4CBFBF3C46DE1860C8E13DAC916644A841AEE55D19D494B1F27AF22FFFCD8615EFB526DE358562EE3E9282C64000485830DA375E6B59D44D5F22642FD79F7B242121CA515FDEC6DC9AABE786AC41FB993A412B95A082C754D9C798720E19417614DA6E71ED359C49904E76BBBF3461314EC34F887E46234D8434D1F1A90812FD748A29CD05969D086A34C4735AC898B3DE137FF3764006503DB8EBA65AD210FE0DB334A8F8EDE3C5FF093E685C5D6B54C644DCC6186263
:FF719E00F90204FCEDC0558C52645830FCB02C4AA4B51CF2EFCE16B1099FCDBB0F6B67CD7B07946AE79CA8A4AA29975C72C081D07C846566E197909E090CC41F7B8FC9FF09E4ED410969805B57C09DEEC0920A10258E7D83759B272D66712BB26BE5979EEB6E0BA6C6853F33D6F1AACF7C1D9DEE2F98354563D4E7285E1C69C4FE94271D6EA7EC77E3AFD644E91F6BAE682F259A57BD5E516BAB93BBEA10B8E4B4316C5F7BA139C272AFFB85E705922EF48A16207E59C9E62AB3725A3F66C61C544513FF4030326BCADE1F0840611B0035C7F7CAACCD680EEFDA6650DE6299DF37D821906E05E71BCD16839239BAADF7ACCF2363482ACE7777273057C1004C259AD40F2C
:FF729D00202F5D8D0768DB3B1F8AF3364A60333FEA5D59B2604B908C9D7414FF486324D8960CE7DA350E39520D34047C94A927D3E398C03F7ACC9E9881D7E6F66DAA232E10392CB13C0F300DED3FB854E0FBDC56E3B1C0A845CF204C22A23DDADE302FF75DE55B3095AA2F9DC2314D792FD449AE83571DF3B318F624C288E55DB6F5F8906F8A7D7491D062D2A302A8B71CDDBDD9931A4FDCC1A5353C1D8EE08E95D2F923236B859000F096BAE3D1EFDE250D3E3F9489D46F62C830AE402C08E028F4A4EFB5E5F623F6A738A3140466D8FEEE23DE684ECD50E714FC62DCCA6DB689AEBEBCB378CB0E585E1D56CC5A4419BE3AC4EF4765BF0FD522C91BA860D14EED8EF6D9
:FF739C00F8C777384AF6A9F8EA455739F650336053B2859066F31D8BF1714C2ADC32E3AB18E8B949B1608952666EE7B3B3EC4AD893C35D4464AD121636846113371E838CCCECCB3C3C38216141BDB00FA395D880A36461311E2F3F235341D3C32522D9E06F90052922664595E2662DE1134B55FF42994610096C12F786AF94A8F5D381F567328F4458E7B5A2262951B590DDFD438829F008E619A38B3570435FE7375B868E1854D23AB65C8A231B285BC236D16D12275AA1E4EA9B1629B2FA00A1B431DE373F0D40B05C54F8A47758277702DF3613A596B307ED8C83786989F98DEA5C716781E6866DA9A506DEF0B00EAE91CF1F72367A2C3ACA0E6314F67B282D9D0C8D
:FF749B00F6737434657FFA6E9029A215EDB3B549D58163BEE71B14E92C7229F323F823F8FCA1D91896159ED8A3D3F00E3DEBF5070DC9305A4D7A88E47310E359C349C3DEDB7E6B4C2F432614BAE9D3A1C5B694C7118ED54F8F3DC61018D191D0CA6CA7BFF03962615B2A7938A8623543E3988E14542BD0EA4A16F266DBAF2B9F80DAE5BFEAFF90CC09ADEDE8635A23EB699759F9A7B5ACF764250FE2FA18EA99E9B366493C08F27FCD29895C34C00C5E5998245EDE3CC743FE6D213F5098FCDE0CFB2688F90D174E8E1C9BC7B67D249214AA3205EF384BE2F858C44B04519D349F15D30210AD4EF02E81D560DA232F32AF3F17810688AADE07A0EC8FA74474B9864DA594
:FF759A0033C6EA36D364BF6C422A1F4BDD106998F57A157CD9087EE97F2D4B81CCB8FE60FB3BE1D2AC7E1C8890B7B7AF7D966CE76336E4B802209024E8F8DE8ED23B7AA4B24B812EDD44F8F2C3DBFE0D75DE70EC2E6E12E9B6D92F4D4C1E2F0E40E8E27B2123975632D31D1A23D4397E0B03D8173D61B1E8721F377D8501123542CD26794B0B2C68CD9E3646C48EC3C14AFE91C0AC9ABF0C034A543F130B2E25BB1266D270F95DEA90BF104448F5F7250DE09428922AEB4E98B4CE091E8EFD028149BF31D7E1CB9F8C8FB783490B697689DBF568247BF967777AF4D5F472E89F2F1AAA9D16A6A95AE910E96601520FE58794956AEEC45B116B6FF86075CF6F9229AF46A4
:FF7699009E981F5824A3207324BDD332225A16F8CDFEE9FF41D893C07899BFA73FD6714B18DEE734CF1B38EFFA7D34408E7C31F34B46647D0F5B7920EC6413D699DC153F0D609128CE7FC0DABBBEC88B332598037C54A8F6895E5E840B041A2F03503C3D533A2B4F54A7CE197E24437DD826EA8E36A8FB9033757EC6CF7B3CCB755EB3B3AA447ECEB58CF704718DA9E934354AEA52586F6CEA832B7CEDDC68FF7F331194A2A2D1C6F2A0CC02F26B4262C647B5344A19663E4250EC841E16786548D311EC4DF064068C5083452373F77629C7D10A7EE718CDBA24D6D9BD79BA754B347174146C8D85E0BFE43AB45ECCD98F5E502106AFDAD0B12A61682367E6830717DE65
:FF7798007386788344DFE7FE1D2719D185684D36A2CEB0E1E8BA70DDBAAD3258AD73B8B44937688C18CC3EAD2E7A214D93873D962D70A41F568C9E091B1F43E647BC916D9913F6A58712D23F8BA02F68AE0BC92F1C37CAC1859C69518F421C83749DF21604B5A29F66FBCE0E915A5CA73FC54AD04B52F03B2124E6CB262879B8CEB3DC912A09857888BFA62818E2C164598E7924DC97EC3FDC48E818B757A49D500F5E93A697F4B8B77AB646FFE451764081A3157FCD904817C6A66BCA53E25FD2B827A53B603DFFB8775294012F3975556179109D61D92B13F7C8CA288EBBDECA7EA8719217AB529E17E6E8E70537E38B99E34CE456BA481A66A0F984E1E4D9306BF021
:FF78970047DFF6F8F9755F46DA203EADC0BECB5AB0132CBC92A47687EC8B900A24B77139BBCCCED0BB6743A180BC496908501E91409DA1644069ABB339A7EA076B966D8C53DE3B72D3475BC038642A0D080893661E1F60772AE5DB446B9ACEC6E78196573575FA6AA10E0B95D2FCFAF7EABAA328D2008F87EE1DE72493CEC113E4C1BF53A81C7DF1DC686391FE4B1546253A38118675B315E75D22DFDB5106BB8DA6704D879163D59E9588E5843C507637ADD883CA652DE8464E8BF32CD1A8F3ADE646AF656D05311DABA4094FD581CCCA427BA2DBDD1B6E5DCAA0CAB6268B19F741E486109B2F57ACCBE6DF15D51D05D2374344D92DD74C8336B2346C283FDF58163273
:FF79960078847213922E8E80B859025383554982263BF163489FE0CB99323A214E4CDD3C6E611743828C6848C8A364D70E461CE64B88771104B67BF48D380B9BB2606397082708BA02E5537D6DD6F4FACB5ACA85ECAD19950C47B7F9ACFBB2A5CDDBF6B7185DD58E220F36C01576250800D67382CDDFB30E449D11CFCFDA46FA3877347825A8F31D2876AF48B57D2C050B3EF619DD713F6176D8F2EE1F815C15C3F954E8367520128C4C7349593E28429B062DC7C5F8026B2F1F94D377C0523A3976B9DF320072356C7080C8525E0F7503E09D6E9D4AE7CE47614D81543DFA55B623777FED09618398F151F6FF14483D26FBBD3A2F740C9A6953DC57B5ED610FCD7E7439
:FF7A9500A492C6170D8F0583F564DCEDD3273275CEA96883D0014620030BFD38EE2C9C30B367710D350E71938965EF48069116E13BA8756C447D2E7DE7325BDEA26BA8E534058EEEAE92B6AC2EA9C80F1563F6EB86F63CAF2B9601DEAA0E8477D864A24F15063E000363243741D0BB68146358BD51010BE5BB999F2CF80E57967B0FB3475F5603244BC098E02806002BDBCCD6AE904AD31C769AA95848581A1B9FE265CADD40A608328D72F972B6FFD8AB335492630F550701FF1316E1354F7BA331E7AB0F2BBB746E3DC8085A8A1E235E56C677E117F69507DA765A0E378E556A9303021E63A5AD9312D4E9BE76E598BC8153C79BFDFCAB980A00FDDD428AC46394B4CF
:FF7B9400A61C09D607CE54979F6B7FF3DA9F39FA973854E13C061088AD9E027B525B5AECBD468AA904C50CD5112816DD565EA9671D5C724D44AF178E8B6E6DC3C154343199B6FF38AA4E1E998CDAC322C02DB70B15EE36FA321DD04F74BF6B35A339793C301AF79FE9861769B52FADA0C1343C2870477F7D1CA35424F0A4480146B6B3EA8A13BBDC3E2201F1B9BD347881AA5B96C36CDE49151247155EF162546077D181567A7ED7E30DF053D95A8CA010D07E3986666E2ECB28EF2BA9A544E4E4CB734016D6B91ADDB7F018E0B9C6245530A9C2B68264451587BEEF9F12890FF2F6E562C31808B563C6633DCAA1741D55FA4BD8EE24919A043F4B25411FF86C09110508
:FF7C9300A13E7C9B7CF28D0E64D6D6C3712FAFF66257115756E89ABCE13F1AC62E8B84CC2FFFA2CA207E295CDCAC0DE3710A74C0FBFC1E9011CA5FE3B65FFC9449DDE77D17BA9EC04DBFBE94045CD2FDED8BEBBA0CD91E82C4BD8F7866487AEFA9C2FB5ED6A57C7A5BC61FCBA942EB8FE1B50AB0569C4BC72CF4F34BDB40A159F54EB5A4B8D4363128A22A0337F8E469E9D3EE5BD866FB3556BB542AA7DD4FBC32496A384C2BEEE5C1080B5A7977D89F978E0B1F434DF2CE5AEFAF3CD1804A1C9F47F459460BC79AF1AE61F510B6B6BA82A779C8BBF3E768126571C37941717D7E3F317E599D041F493687C9EC3EE7A76CB91EA380A42A71D7D7998B2DCA7673BF7B5F00
:FF7D92008E2BDC6C16C19B8CA4F190F22B56758CC3313822E7A6EF2DF4B500A1A9515FB700A1811D93A0BE3078969D47227029BC92C11FAAEA53F2A923417A4E5009971967907F3997E8A2FD9442D28561C585B1199878F231B5CCA4DDE9FF550139F96BD214D9A55812A1135F7EAEF5D847451959E9E3059EEFBE416484070ED292D17A891DEF70CC281F86AC0B742E96EEE468D3BE36427A9B20979BE42AC25AE682BDC12232001F8515AB751EEC7315771AB72E7035460A2ED94C92EE747C1665B5ABCC1015356BE10759EA10C415CF6390526F61C6CDDA59432A378E9B40EB19EB6BC3E33793875C1EFA5505E2E741582DEC46F3477319CE3DB41D22A81848E1259A
:FF7E9100C035C91571F31BE04CE1FE03DB2BB2D6DFE3F0FA5E3C891E5EF9B16CD5E98FB04D7E40E580E56E1139B39FC4BF9202AC9C86B287E78C590A6998472077F7D25A01B69CF3E08926E8B02771EBDD31888CD54F5C7B08DB448532A3CD8EC6A00464C3A4E1D7005FE5213B39B69AEAA2B3B98D9D5EA34DEF99BC84B417D9111FA0CAF66717BF3F28C289F3779E794452BB26971410663CEAC4645FEC8244D6714BC7442964529DE40FBDA7175A89F6FE6923CE3D8CFC88352F37C2E0683192429DD261FA867660756392C19B72B8C6891DD1FFD300D298E08509916FDEC292F25B238F7B3E94C90DB254EBC687AD1BE5CB14B9170562D83F26A7995422AD24764400
:FF7F9000D907F871BB31B8FB21E0E22F38FE14959A8E415263871E883BB4D9F155468E26F90A781F4A0417F9A58B753DD9B22737F35C756890EB87844125E17F4E398718A88CAF46D4654C2EDC19E1B945E6AA7273ADC61E94008E953E57E48CC4EEA784964B25F9D4006D3D3217428E584FF44EACD23A7DF8E09DF55C2CF9C0B10C67D2A5B600C94A94058FEB68968D23EDAE11A68E487CE438B021753D0878F7A36E40E21FD33BB49721D29AEFA628CB8C8FDC8172880283649A676FE69D7F9BD3F313E2DEA7F1503C9C28B898B6403CA510A5AD99F706FBC366C5504637B579A895CCB247C961C04373BD1BE543959DF6BFBBA9AB75BADC380DB881F850D1C61AB65C
:FF808F00E9C5477BCA52AF569F2831FB77D9000304C1D01FC0847187364B136E8B042A11405316D7CC90EDDA562ED64BB7A63A55ECDE6D47111D3898033F92A01E4D205949BD457701AD2774D667E43569742A02EF0A38E024F599E75730A7F1B54FB6E26ED871175248ACEA9A3CA192091C52C8024A93F648419FDD251FE3383E8819198D3798893244885435D6076BF56B697CF8B927E973D7E766BCC5ED0BBB77ACCD042A02CD0B03296F1EB574C522BE37A6AF9B75C1551E4BCACD399D81A63BEE463DE9FCB0B4DE7A49F7C313B6DC06F5AE5464F42F5221D711BC513CBD37F2163FF5B99556485599F288E30FC0DA42E78C42270C52A3D2FB71D99D1B5EE054FEB3
:FF818E000422895CC1F007E58BB0C3151A9019A9EDFEB50EB6843BAD7665DA51E959A1B9D44008462476B8E196BE379FEF58C95EF33AF7DB3A153BC4E5BFEC1F3580DF6EA607609E103B3542803D62C132A87671C94D5C1EDBB15FC7FE0300995BA1A62DA06AFF1CAA4F8F809E5F262A41A6BD28AA9053D441E05BC1B22FF08EC186FA7E842B18735B119DEEF5843699697180B068D552C8A56EE78A6534CE106D12B318F9997F40B909CCD9E37578F98378BBA0C611FDB06D8725692A5211429A7AA11C40C555E78967573B1689B8F1D60F9AC9B2D2DC52B4A722EA7E425CB69DEF82668ECEF7809CDA105883FD116491EABBBF91DB51508B79ADEF5A7ACDD4A04288FE
:FF828D00BC7EBD2085C2BA7A328E95770C017DD4F68BFAF4529757AA40708A95D873E5844D97477BF716FEDC0C2AFDDC1FF7DB6AF8080F4DBD8329F1E69DB1B3283A1E1E9390B9F9C4CB008B1BB7430E5AD7F4D0DDD13511F153C61D9511C2280975882468C4BBE303481752E7F60C0CD86089ACE0F581F9FC520C85A03CE0D4CE65082E3895A7767311E71C56BD034A18D73FE1DD0886CC8AA9A250FD48FDB074DF1187A52F90F1B873FA1D103F68A6EFC0E71BD305C8C0D6115B4EFBEFE54C37C80147F730BAEC5A270C1B513387364E359740B740F18E26410369ED1DB07BC1EA277631BC172C998489037709881C06053EABAFBF37B80E1D11099FCA7E8134248F7D
:FF838C0023B07EDA91E4B559D6B23CAC4248794FB125E756F6DFB2455452244378EC10EFB973FEEABF9D8178BCB23C0D22EB84E717D61CFFD6FCE09CC9F1BA0D47A832325EA62E7322D8756A18E22CDBCA73223D79D4FF88616BF2F2D22A0989AB066768BD4170FB7C59235E75FAD5E384FC9559F85B03A2BDB814452CCDEE1F33924B43B478CB5722532124D72ABD59A0DAE81CE27D434180CE4771CEBE1B40E861BB5A3721465EEB90375A3310F2BBE3DE3451091C799AC12CDDCE66D7DEC825B947649D8EE4A328A7EF69A38232C7EC8B408D302CB78CEB92CF4197274FFB2E41F226A0423FEF5AAB41A972F9C0DB13763398DD62BDC7BDDC454E44278931917F1B7E
:FF848B00B5CB79293BEC7FB229F502E0410F1BD54D68EE079065D5236EA317F4822078127743F32133BE329B1965D9098D7B01C25BEB29849448B24E12F939B622228C5F12747F09ED34ED8B5F1725C0DBC329AA51425B3FB9448C36C799D5ED6F9A2A772C95A7A5996E155F7AA75BB330AF451C197809C59DFEC4B4B5F541D2E8F8545FB7C1EA89DAE56AF89EA0DB99B3C6B8C15146BB372348F3024DC5B060FED06CFC0A35129F7018CE0FB48B450B8AFA9C92E3AA43E1EFC0CEA60C0D4B3AABC36E2467745323CB8F53C21E890E9BDF3DB5C78013EAC23E4631AED0F2550C92906094431E4EACD3A4E7EB978325A7EB1F403D394A6431501ADE149709342C80BAACDF
:FF858A005BDED0662DC648813B90EBABC2B6C4E1FF5BEF313520D7EA62E8DE666218BBBE231AD543E62103A6DD6E113DC11577BCBEB1A3A3B4395447ACB91A6C45DB5A303F4DE9E697F4C02DA63F3A7ED2844FB9242569358CC1CBF580E35489199258A42E271C22D8819184325FF682A06FCF4C308EAFA50C81D5E6760D151C9FDA72ADABB7FC8AD34BF520AA0826CCB51418130681F81A0A01C087C203737A9DAFAB404DBC5A10A59BA63779B024B8E4993CF669C84C296D0221B510C975DEEBAA9CDDD5A7D4DE03C8E24B7662B013B7C8F30C54922BEAA95E0EBD3069C699A9BA4C254B1F532E0557EE270B2B99D69FFB9337C84C3209B786BE9BA5FBD74DAB099E14
:FF86890060F404EE4F20837749939390B31C25E8137C648B9EDD8A0670EAE7D3154844322C03BD0A3C3322CBB75840C88D72E71F06BCD103B58EDEC2763D492ECE3E5D4A9504D8AEF325A4B85EC9EA7102104956BEB438A0DFE49430990F653F8955A8654726507DA0A01FBE401D0D69C1A3370D2AED2EE451DBFEB448331BB2C2E0A64E4614C4421F369E9A106E17EEE2143EFD92AFF4BE6B1A5FE5B8BE8447465DF13261D397C1013FACAE42CA84BF69E636A13C43D9BDBD89F7D4841EF7F4374F381A48D6597394DE5770FAE6F5991FA8A9F37BB56C4FA6F026FE381D06131C7EC03257474AE970AE6F5C590E841D6BFB6C51838462F2F13CB24387CF4FC79460EFE1
:FF87880019B1FA051822C47D150D225C3F460732B2BFC422F0B351DF5B7372155B44DB1374B56D2F372566D788F89677051E2F699355F4335B7A3D9F67E63D3192B8DEB5A878A466D772C875282499C413557BB609DE0FF70E017EF98C26EE6053F0B04921D37CF641511B987C18BC4F8DACA1B5A86D2EC1E217241638499162FF6FBB073844F4195B2885D3DC0489A2A110A605F8B9295A99700AD84AAF77C153B5CC72F452375E1BD90BACA038E87A68E68A8EC3E7DF1F6CA4A5CA5641D393A5C1C22C7245FE61B1FFBE221874DCFCCEF3F9669268F66A41DACCBA563FF41A3D785C773440E00A87B1231B6B489BE9F425935A05AB6783E9BFD53628D019A5FBD2D8E9
:FF88870017E0E700BEB2BEB6273AF0A3156CC3518DDDC8AA5F8BE790BF9FB67AB2E7288C4EA43D554AC7F0EC3720E70F212F68393A0CDD0C0B802EC660CD4766A125A23A895504CE648E72FBCF79FEF0C4391D8981009FC3F97330BE1A5CD061F9276C3388DF96FCA5883A03C9F8394B860544080DC9951E8504A96A86A8E4BA9808DA360C02B2FEB599D7889FDAE454804AEB9ACDCB34911EBF0652004966EE17F82BF3D5D27A8460D8DC319450403E8AC7626DBE400DF1ED7A8FE63A1FD70446A09E5CA928805F41EA3FAA010A97415AA55CD53DB476570BD48A97050CE27F78DD5B9F7C0BBAFD757DFBB9230F3ACF5F4D721AFB7170818715353BD63801E4442D284A
:FF898600AEEC4857608723DF3287CB8811D1A09DF40EC06C1451388147C0211962462323A44BEBA4DF4744DD36884264C18E00016ADB872EDD9C819BDDABD1262E5062E25E2040E294329CEF61B93D73A76DFBF1787173CF2E23FB699B98AECC9B9A358A27B7F3010A400B1AC8B1BA13B2A65A8581077E812934781BCC8AAE1A4EFB9F3A7E524C0F0B4CFD1C8CC1F0D9A71F65C376067CCC54449F5014334582C4C77153F4B070F45E6959E73F91ADE0D3C8706067BB38162E90CC8FB90DA8FA4DFC9C4E8742CBB284706294F8CBB86A848A776FD4D6B183C114CA06459E31763BC5B7F9D0C2346C4D298F3D7CE41C3F5DC068C8E304EF7F95A5F3C4CEBA3E89773BBAAB
:FF8A850030454FD98BA169544F234CE3F57150D8AD5AB4860BBDD10A16E473644F471C0DB3FC4312167D616907EFED0E33EC0E34670792B5210A5B707776D7F4263E1831EA7D4B702EFDC920FFD659F514D9D50FA0DE7B406637560DDD36C70083AE38EFE63A59BF5503DFF149FEDA1F49B40D86CD4C09AB7142FE015729324E01B75DE490762BFB6B76D7369CBC1B0C6D987DF04922C5AE204F327BC3EEC72923910EA3AF76D3A38F260449E935BCACA4919E65F77B61CC3E481DED32E9B1663249AC7216E3D485FBDAECE29F771C990428064AEB09ED331F4ECD65D9D83DDC7645F38D30B40F431A78855EBFCCA8243A62CE8A48BF8DD4CF1861301DE7B057D9C98C66
:FF8B840068DA68FC70568183656B5E7EFE5D183FEFF5162C332B95988B09A42351F515D59802A81541F3F8A7FCE7A271B6F7F48CB6B142ED90D30415B23D740213E51630A8D3DE2BFB7B0FFBAF08C5A316E72BAADE90A4A69F5B48F4E5D9045A5D5BD26AD1997BD0B42CA765090184A1955AC4142DB3E2C8FFECF2E4866EAE0FE76F4BD94B459FD0626B002333A676A7B9B432D31C0A706C256201CE34FBC3506314F78AC35B804BB7B31F5FE2439104D31D6D5A614BAFBCACAB3347D73D090261F059DFF6C3231AB7EFC48041C1A68763438ED8E45A634772208DBF9F08E2753B8083AC271BBCA2CFFEAAE22215E68A930101D00592454B76F80592316A0F9044F008BB
:FF8C8300F8C9DBCD49AD4E099592766394BF9B7CB80C7C9C3CD144184E0A679916C385CFCBF278A9D8C9E1366A06B8E783529CFFFA3FA7286F80AA1EB72212345176A62893DA61541980617621E593CCEF85541A7730C982EDFF8B5A20E05CF134D8BFB3B8CB72AB8855FE1081BEA559BB311AD6C782A0E89CD2631C5B72D081FE2184FFE9E10BAE9FA6137E969DF854426F92DA352046091C3D58764A72A2ED84B8FFE0E0643003A40C2DC7AB45199547E7322CB74CBBF60A9E7F79DA7B35736C9DE9C22AC926A7D7CCE762CD31474BF4225822E6298E9FF8923D718DB0B94BA4C6F60494D3E891322DB2BD37FFA4B750130F6A212E6608E0472538CFD6A20F15BCAC73
:FF8D82003831557CE4E5DBF3D740E2F15C599D94E12E2D39722821B74F8AF85BD1DBDC513318DC8CE7302947296BFB8E9BA3E853B5C73ED2F40DFC3F9D65FA384F4331C9A0555E116417A420C9A5B918EA34103790AFDC9D096A7A2C9FE4C17D934B7E0A0F431A4AFCAC96BE1D42586A108FFED311182670AC48C5130FB86A22845479CAA78D7BE192F6B9918671A2AA27488CA65E5C381C1F8843F6BD88D6F52016DD5A9A0BB23C70E5615092BEA56E2E39D5B0BAB020CE662AAD8D8EF9E5E0A8832923ECDE2322535396EA6E343802746A6A2ADE1DDFFB4AA590B1B5F2C1A86C0E464ECDF3C6A3CACC3CBBB70EBD668D16E9F4D408445127F1FC11981346C9E82A3AB4
:FF8E81007170C826C773493FB154BAEE6584294F220F940314909F400A95B97BA0D65C84849A06E695409D1F83F8D48131BFE6A83D24399AB2CE373C659326317F88B3568AC94272215D689ADD6939B8BA0F35EC84ACE8A9DC8E72C4B0BB59B3EA2BF4FDC3D32746E793977EB332C7DE1660BF8F240FDF3A178836FA9DD57E40D0FB841B1B73A68F63AD2B795935B7134B7B1C9370E7B8E05015F23CC6EF539DBCD014291F6ED5FBE99A115ABC604D9C301135434E57E3064F65ECA2AEF6BEDF95662DF7BF6A5D11E6EC27B89A0C642DD406A7A68F6F5AD952727A8CAF9A349571BE32234E73FF3D8AB4FF9CB9277D826CB3A9BCEDCA0C7EA5B78594234FC0FD143BB98B
:FF8F8000E0000716C5783A3AF84A1E960AE67ABDD72C47D936B7DEE1BEBB8038B7516B27FB9BA91A9A4B0CCF587F9D685F9D94AF2833F3658884870084B4D7E78C171A0F326D9E84F85045D45E4816FED429BCE72439342FC6FEBB29CEB5F240F202B8EE334FB6BB4275332B3CDB9B9F363A1D4C88CBA1C73BCF67106EFB01461DA3123F914A8A1F8FA720B773BE3D751122E2591A99D0AD9CD95A9F6F72807302B80D3A1C4FFB7D1C76F037CD19C85A8A09E76848E3FF3710D6839640517B2BE505F25B6272A961F6B54698F7824A97CBCAF2ED549643AF5FB8FA3D09EE24C7F90EFB439A11B0536F01D5D081FCC85B6353446898D2651F49B6106D4FE6A421C6883C0D
:FF907F000F17C5347FA172033227BC782316BD025624E0AA912D596A66AABD7B31AB866871035104E368FE55CE01D7E17DB2B0C4F2B64C727D8558A38D1473C49E3C62AC9A019A52B846FF4C825CB95648A2824D6EF7F75AC633B8C658530E11AE25416C8A4033084F307C203831DB6C174B38AA71E12D88424129DA1A4A2E6AC12EADB13830CB2B142027DABDD104F6FA63521756146379E6C189610819DD045B681CB0DAC1D38EBAB0E454CEFBAC81E23B5116F619630A5E299617AF7B588B32C99AE785A07DFDC98845D811C4D03812D08286A775649D82E0DD3D33189EDE694084C8806F17D8C61AF2155D70D409A53494FFDAD5FCBB8B0ABB91018826FC08B83215
:FF917E0077FF9ED8B35A2D77FE02916C789AC90E58F16638325A1734D88F6FC9DEBA491D7193304A9B6B4AC3202024DEB0B800E010BFE53CDE288D295F2A631C1AFE8E397A805CC4F773CD40B69F9C05FE0AAD871FEBD468B1529A97C3A33F401E7B0C46EF6E3FBB2427503E946DD122D9F9BBF1F3534A8B53CD037A7E545F14C4D2201E6337BF10F8B12299E4E7255864F20FDBAFACDA5BF3156A21220FB7D05BD8954D2B6FCD9EDCBEB83D202F0D091EB9F69F632684EB86349665CD944757C042B37D7432F1A9BFCE527A3ECD07302BFB762D795E81CEECB93D526996E191F10485CC6392E15F6569C0192019594E984DEBC55C1C36F333DFD60ED19A9748D94187D6
:FF927D0083A40C6C4722F267DF1DBD4DDCD6122671ADB42A70ED93187B325C9FCD70FAB1273A7E15F4C4C0BD50A7DC615D3A21907C1998C7FC106F4A01BD9BFBD4EE2CE16160B0F925ADA8E2BB6DAF7D69DE7A409F0EE7D772B86E16E029B83F17041B5CE130C3D863470D298E86D4FBC9184C727F8637869401287FF4D25FDD9B6EB181DFBFE6C5433E7877A9E2AC6AD4EE76881279E1397776D1B2A58438A3507C42DBDDED14CC1F9B1CACD5EEBE7AB4CD4E44CBB150D578CB0D5595F6CB997AB1F2C7F90BE695DE9A9EB0E6DA0EE1B178CB3DE1C6B54878251CBA0F863280507FEFF4A99AFC70C8AA320885EFCCA01053FB0477234B72B9EBFE70F93C4C675F3D76D9
:FF937C00A0C7D35DC629BFCC7E7956A66BA5765A11F2776DF3AF3D0E6B1527C61CFB4676F537BDA45A3ECDA886E2D75F51ED5F2F1A958938BE498CE4C56F18F838EE62C68A303D0D4D160E9706BFC9B787303DBDD8887AC299C8E7F4CDC9378A711341AB5A4D49189CB2D8D975235306742F5A915CD42DB902CB5A51BFF6238A89FA5B438C24690EE4C56668C31EF48B9D15990952E659F0D87C9DD28F8306F93597263AF60001C30BE78062C82B74B7E1547B8671D967002A6244F52B03E9AF42208A11391E446B706BD6CD55865C900D11E2C11BCE8CE8934067EE0C3CC28CC33FEAB2D9D4DE55EDFB8DB52B5014DDF898F649D94D3A525A3EC80101A543F81EEE71DC
:FF947B00FEC1D41FF10B7C2D162972DDEE13D7CA4C9E6A2DD4937B0C2BFDFF82A0B916502A48BD3AEE2BE217C15FC9795066864B8169914B5D6D0AF99B875E0F9EABF74B7429BD4643B651B5BF0EAF854D58A9F731A83D8EB40DC55B6FE64C473BEDDCC8E7BC47DB9F723200530E456420DA699E83F330B26BE52B824D121594B6C19D1AF1AAC61BB5DC4730B2F84764862D2CF5E563BD2DE0760A7702CB43EAE6256CFA56E35F3F85D5E60D96F01596FE45B9B1F4C8B0C8379D6218460538E8A661ACA2236452FB38201C75010570FD5D3A7772CE4502107E4A7976072AF909DFDC0F731B81DEA8C431B0C7F0AB02C3723B9183128EF6DFDDB51725E398908824342960
:FF957A006A85F5A083246DD5C3A1CC7D6DDF97B7AF090BC0F90757953D083DA20DE92638C0CB536EAE80231B0E7C6DFFD61F260210B1C8F3901E234EA2050EE079F1BD166F94FE1E36E59120664C4A2EF15085856028A3C7D2DA739442F74967C655B4A15E04DE770B4427992291497B709F155772C69EE20135E6A82512BBFA265609E707952B9C0A273990CBBDDA29D6E07C5B252022CDD7B4A674D85E4B61C81006D4674E701E8936FE66CE1D34A80D02EA4DD6ABE7E169AE7BB371CCA153F19C7E1C774424D0E9A617FC4088C7315EB1A424913412318557EE42C5BA07D8A9788811FE3812D8B4E701B8A3B370DC4A87C2CE94462AE0C080E10578E90E8C5CD040FE
:FF967900CDD889EBBCAE8E5F058D377B778C8832A104B15E795669D77284BE19E7BCE49E72515FBFF0C9233EBFA336197E7FFE372DA320CAD2F5F844A3B89367B483F3C5E2A627F576AB7EC14BB5930E1BC386B2CA4EFCA95E40B941D3F6A078554809E7E8774BB83B0588DD7DA02977B7E9CD029164973FA68EEC7A7716C52A084DF7D30DCFBA896DE2F478B5B3D0A89D916AD8F7B5A0293BCC0B4B92559EE56545BFB6DB89788761B313BD813953C6590EAD7ACBD00B621B94EA7CAAE7A99A5EE3E57DFD8B082717F627BC7F3C8B205A2ADA48CB55BA03D4CD3336FFE790CF512BB74058216F53B5C48C241267D2D90AB8F76B43456A87430B56AE8F9EFF9406A9DC67
:FF9778004EA87AF946957E2E17D77CF345FFE9718FE9730D5E33DF6E7051719F0C6955F3BD825A3F0BF44DF705B1E59531D9B6284CA541287CF427882D31B46243B99C15DB7EB38DD7437927F8A91361FD541456E6670EE733E7EB78EB2F3F900B366487362F9097D8B3A32B8A0B4987EF8C8028B3315FF0545917B14D4F9B6C05605DBD604E25DDCA3FB1126695951412E8D4386C9AFE3650B753E2C15094801AC8B224B136EC8F6699A80AE7973E05B5DE999A6E3A1DE31C32575EA278BE8D334F7ACD70E099324F9D809FCA9E6AA2FA8CDED635A758A15B70D533433729C2CC3FDD08EABABB68460A8D1F0541BC61F976FF53C98F4A7C8DE84564E6D085C2048D9AA0
:FF987700FD49B462FE6B0D8DF00C8162C09272C20828FA6366F6295695E8FE869D0E6CF9BA9498BB460654BC1DC745DD9307626B8DFC89E93EF6AE3BAFF7B2B759B1FD6CF637C616DABFC27F2863F8712DFAA84CA4E5DED584621916A110B65739E38C5C5A570BF5175322B3DB586305767DEBA4C60FD959C324B49EFF8CB38CA823FE4ADF5DB796A6CB27E72AC8580AD2EF63CC4736AB92C43ADC19D36EF7C736837D7A8849CFD4FC3E5EED65391D30DA342F6F0E3345AD3802C1F7F2224683AE3B003A8AD4A060A069410894EBA1C8138B1673B6A18D9F45099610807B00825CA13F006830048E245941639F10659BFBAB568118DE4428E6CCE15BC3394DC8B008F9AD
:FF997600E82153AED3DAEBD386A8FDF5B08256CD209E21C765C40B2FC1C06E3A916F5110EBFEFED632AAB9767C9E5F7B63B8A0490B82F0CCABF42A17AEE9670E27FBB150C0CCDED16922E3D7510B8B8D8C67C12E77CA7B7CAE77F8A3EE74D3CB1B1EF10D555149B258347CC131A9D5AE04F2453A2C1981C893C93DF6AB9391184283CBA20AC68402B7F63567CE11E452E169EEA3E85323DA3300E0EC89681854587D0469A5ADB9ABE5F577A881AF275751DF7D26E036A9D2AA3D2D534BE0D6CE111AE73E0E2951A6E76529C4E75B98B4F98ED32C66C0F9CB4D6CF0FBC50E3A7E4DCE704C692699DE52FA939A69C1973EAE6D4B390D2E72E5664CCF28AFE3E4271EBAF80A
:FF9A75007BAF9CAABDA4D53793C3D56DADC89E51955DBBE1C29F60F1C13BFBB512FE952AAD950D74DC4153896EFDF603B837751E9932159C6FF9EAD32F77779A7432F84098D04E259DF195CE94A16940C31C041A4764548922441C50E5F7260697CEB50EC2F238D3EF448AF2F873CF778F6E58A5ED765147E4EC634438E347E20BB0868F6E8283B7079853DBFCCF49B13F4D41AD1F3D5444EFB1386AAC6AD55090C89664BB8099A9B869B146CB00C3F43D41836B1AB05ADA1EC9F322899B1706CCCC4343B960401EEC5894B5DE6A4F0EE439E337644C0A83FEAE0232C5B69CEAE7DC232BD072B02F03A95917B1D72CEFFADB81EA0C22012D3305096C02E0FFFFAD970184
:FF9B7400B22CEC95490E3D4CF5F63B857C8FD725FB54ED049FCB68BBE1E3AA4521742DE3C6A2F1F47157A04565DE6A645EB4EA91FA1C24ABF04A217B4C20CFB11C311D85E3B3DF92DAE04A14FB9F4756DE4E7A9A447484BF0FD2CFF5151F6BB2643BB3837DED80F3C998193D64951FA247E320A7D3C785D9D509DF8B74890798927694CEE24CF3A185C319F444619EF6C6DC3A8C266592E163627442FB748984691579971F2631A71B725B06A29DD3FE207E6A834CB06983629FC15361A7585768A8BE0E83637445A8717D3B27991720432263574FED66B4C9770512CB18D9C89C0EA4EDE507B3BA1B5DF6D5D4C7DBE6109E616049C6E0CA7CF60D6BD1F6DDFFD1E52ED9
:FF9C7300B355874860554A1647AF8A27CB2D73FB0B92334C3525C19B6421C84FCDB8FD0F773F25E1A87EC3F00F95C5EEF702B149717952A6E5248252D06BB5BB1CF45D1CB5D9A8B14025CAE139263DB4CCC5E8CFFDC24DF748AF8D5BFAB631CB3C0F30E67DBCC58D6F0BBC47F2D33F372A065382173935E1EFB4470CC5843425EB029F733CF32A7F4A46673C9A85B33E3AE27889582AFA0AA94F89808DBFCE1F50CBA4F16B6DD0E11D072AC46C1DA6F4B0F006D478DEB85C97E393D2E37B0D0B56CA86E6327C2246570502CB3FF55428D1E3129549A8AB0E8C0891E9AD29C2978D82572BFF8EA30DD80781F0AEA10BC3F8C3976B07D0D76890A5EBB7B1B91C1D85754641
:FF9D72008E318C72BB0283C6DD760797FE0E048B246A58D38569D19E96F81960EB75640C6A60206AB6ECE5B539FE642F25D1A922A22A1CD6D593ECF8FF1FF9D6C016FEB0FA5D2D961F0FB0CCDCCEE16F7788F1BF2CA3C6330341DACB3B0928CE13CA5992470E84067BD9935C50BFD83A2B8B12147671642D094233CF8A912D840C9D57DE9AACDD3A4D906AEFD5E077415E02EDD4330BC06E40CE58C9B557DAC43AF74908F76E8CCB965F5D2DB3776FCC2C705C88A6CED8A8BD752E43C0C02EE6C3BF9A1C6354C69CDB4650151DBA5B0769165676222D344ECC5C4406CB021BE42407FB0156437D07E2C5E2AED668C55561350689E5FD1300A00EA4EDA937C313FA79A6DA
:FF9E7100A6518F9D47097DED9F971FB755E98604B89AE36029B29C395A530383E7EA6AE69B90B9DE4147EB39415F1ADAC557B99F81C1ED8B3EDBAF90A6CAE722575433D06EB68B283EF30EB567E67042370759B873775C3CFB90039D806A282F4A0BB86764C4FA03617DD17289A491D6A0099A8545E439624B12A21A244D1771A6C81426BAA8AD37FAAB99AE57B4FB40307F848CA12975A4AA8705E65EB49B24F7B3235511A82A12577F4D096DF1A4045818A9D192C93F418163ABB00BAD0CFA26C3B610CBF26025361CE2A920AC2F9EF07A6CAB726FDCFA92E8317B1FB821A3C6D571D20D8A290DD7E2C380DCEC13E2370CBCA46B49E6461119D3665411354115F815A5
:FF9F70007F93D1077DE72B166763177B94D1B438C9FBCAB86D968544812A4CF4670DFC7CFECE24E64DECE7E9484E1D58C3BEB84D5A61C87F00DF6EE7B8CD029AA5C4621B6D8A93834957568B196CC8504E8613D8405DF516EF71C07FA55EB49B38541970CA4355A3F209CF83194C5520841AE9076ED0A96201D7EC5163A64420624CE100D93D4200137C31B14CAB6EA4BC3194F4A14A61D034841135348441D17997AE8B895BC1B8821D64F5EB32644156AF832390F9732CF0D352A57DDCBBA69E2EF88D34C65ED7A86A330F3FE503162D3B2EC4D230D8BA20E0334BB3FF0D599E1F105CB0EC80BC98040ECD3E29AA52F8872730C88F0F22ED4CD6BF77E30EBEE0EB5CB9
:FFA06F00CF28B1138938A003DC7932E2FD7169094BAD38D6D2DEC0F8B05F9D294F778CFC478ED4689B920A72D103F1C6A108E744F99B8846A1044EE336282A4AE7D6D2AAB03CF552CA4B03BBED1327FB87E1A887E93AEF27F7AF89536CFB88DB3395EBFF957707AE9D4270CB2702BF6D6181FE0AD206F74B91188EAB0F09CD1705F3661E3B4406E412CE6DB424FAD8F2086801F10F848D2DEADF108AE079DA7DE9E7051FE332B19A4E4AF895FE6F217E92FCF7D6ACEAA3C583BD275E02FC20F1500D0C01ED1F1028B88A3B3B44EA0DFC8C194838D84754DC83C8345FE5A0E9E4043B2476BEA2669181BC4CFB780AF837AE03B7DF0BA8CD17C28E2869F85641AF6271BB22
:FFA16E006226309DAE5091F264CEC95303DC40440DEE9C6025BDEAA9613E8B9C83B393EACA4CE23637E4A3EF1C72085903D044B29C22BBAE107FDCC16B93E73273B602103AC932118DF9D43DB5F43050A7D596A1997B26959ACADDAA3CB1E903A369FA631C703C0FA5B07A667DB97F55E6687C3DC027075610EB12E724ABCB6CD88DDDAE3649686D980A8A6F1932655A8F2426B80703ADB2ADFC4C4BE120238C3B8C92A0B44CB19DAA1C1A3CFE50E9A4C081E856CC233F7567089991B05A557CD4F9193D255A88CC9B1A034E2B42364F1E672BE21C4E9F94BEEBB5588F585B218269962276B7C063F8CFD63DC83C518F09014D09EC81D03204BEAA694D217D9555649C37
:FFA26D002AE5E4AB1EDCFAA83B74946F317681975D392C344DBBE60C40B6EAF29BD4C055DC64737E9C95E6406EFAD61CE6AA7E97A96079C277EA94633C8B91D16D86767F99F42CCAA8BBBCBF4A21C4B2AAA47A33619A34248B459977AB4BD66430BA2E259EE16F038F06743DD8AB9A5586DF6F1812F8AEEF3F59657BD206F5B257A4FA5DD81A0AF4DF03A3060F6D26E316B4AB4E4F11E8B8A1A56A17F643E7D62B5B1B2D6584AF462C2E09B1EA1B8B838351E24975857E243138A9E1ECE26B8100C27F2A440983AB6C04C38BEB001F8C9FF32655319F9593EDC28FD3E2CFAA58F8F07845664483C45EA3DD096FDE58B1698CF7CD5E1E89673DC191A94B4AFF75557D487A
:FFA36C003D06786E7E3A308D1E626B22ED8759C903C19B5C3EE13B5E0801982855F94A41C50A8C5EA571AAEA3BE9080FF02445CE0704C51B6BE61B926A2E6A6AF2A97DC2AA3B1137290EE95236C6B3C7078355C878D175C0655BA4881A585F601C8CE568009278CB1CFE5BBC65EDCB14D7112BF0C77DAFD1C87C3ACDC01B34B8B7771AA0E8EF9A8E02A4E25A87FEEA8E59381FC18F69A0275697AFF7079FE4C51F875B9ECC5BD6FF7BED3E425753A9627C68ECB2D564CF9379A45DBED77DB8040B4C131AD7ABCEDC5C92C6C5915087A48D099C8EDF47F93B3B32D111717261B26D04C6E47C246977C3AAA6CFABAAC1F9E29244351733F1F7B6EF1BE9FD5AD64B8D8F5B00
:FFA46B00F28CCD783ED9F40FE6ED53DF2A4C8D283D5338EC814AF43BEE712A85DADAC6B5D76CEFB43920E7F44496692E474B619191389DD1BB9DE9C030ECC2BCA28205BA577B8D31293A9615D340AF2F32D119060C7055BA4966D0DCE5811F8CC293349EFF8D26D1642C99F8BD8EB30DAB30CE0C32260C79E3B0E4E326A008B4594E50B86A29FEE5E9F3EAC983BD27C845DB8E518936E298C281B33A8D158B9AB7C0B70BDBE851B96B53334BBE5438BD5EFEB0B32E7DA27B10B46C78464D65019DA21A3ACF52836DF4722F66A1A069F6A8E1D3A1689F2079C973144765FA7549C6AD2A1FFF02EC8E1F01D40D8DCC0F521B4643E115922073CD768A878FD8786461F5E0B9
:FFA56A0023749CD479355FF12A1B6E6D9F118C2C8CB0813DE3BB55A33485C9991D054B768B45D3DDF3E3BD038CBCAA517EBD382ED4E84ABF7ACD3FE660312874D9F07138D13407BA8B255E88CB3D47B6ED4F45A6F05027CA9F004E5C779946C1063F057D6EF6D34E0AB103B93A3ACAE300931F3E3CDEE010560AB76FF51A127382E29C9A5DD765232A7E63891FF15AB03B9C8804C830C7CA94DFF543112D2F68F1AF7FEDD6B43AE8375862E6BCB4BE79E1F3BB5FAA8C62788DFAC154EA596F01DEBD62C91A3C29C888C46368B41467B3E8AB1A7D898263E3FDBC5423158CECF0DD879833957AB75DC8DE8F10570B108B7A92F2785F522F738BB3566D30EB8460697E2770
:FFA66900922650EFEFEF9B11FADDCA76E386FA27E24B40DA080AD53C52BB03338E40B7F1AA93C04AAA216DCF6F5DA8C9E4AA52A9AF26B7C957D0F5B2A52CF95CBB7979F3E4E3C436791F4B17C51E070042532C6AF8D367FE2FB547B2C5D1841D580B4ACB90FA0D4A5A82FC9629C71198ECF22D2E92DE7D6E7A078284B5289F10DAAC896FE69FE4B88E5754D7291C4A00F7A5904847B4B39C71E42D6B5ED81814FE44694F907BDE0882BD90377159A4B6F311583354ABD46737A47E6FA304A20991C37E6EB70FA3574A3AA4BEF290E0F814D54FF8971CDA8E131839205A1415E26A462BB786ACFBCEB2CC28986B100407B791B8086A692910230AE4119E6D63D0FE1012F9
:FFA76800A1CA43208D21EADACD7DEF0A0FEDC2107BDBA5FF8AE96B9230ACAB361C1962E7CBB5758BAACF1AE232CC80D19F6B5E4FDDFFDE5509833501F3662A9943B91A1B9C1AEFCE4602BE1EB9DC017A259E4CA2F5056532E3C4453D854854C85957809B78ADFC7BCA999BBE8EE78F2BE136DBD1CF7B38D52D5A253732AD50A13E3A4B0459AE7166A3C25BC64B38521D8E07CE4100C3729EB1F11531A058A3D0DAF97F48EC2A249C69C3204B5F147B1C4CA41378EED3F2D6DEBEC687B193D3479BA8D2347986F773C6979F1E1CE9DC2EE04F61CBA95F9A7E0960B962854BC358B5AEB27EFC7450CF78A456A29BDEC198563AF2733565CE610E49FDEFC8156C4A2ADF69B3
:FFA8670025A597FCFFA002E291577ADC288E423CD8A8DCC89FC753BC037B48609BFA4C39ED86A683B4919F25A4CA5C9A177917F511C7D1C186F00EB000ED1A23F12A6D596E89AA0ED82B701A6C641D3FD2158C8FD28F72016DEA5BE8932249701CB58F28D4C563138C6819DDAA4ECCF252D7425C9B94E798C296BCE4F9AC0408AF76F004D62826BBB30A1441A4BDF67BD3CAAB1E769CF71CBE2229197D3D07A73D9E7365238F072C8EEA2374FBF3B6DF3A2E13F508FE260A7105420A47339B6C2BB4FE0ABEBF13D83CC8EDD99499160A44A0A7C7A2100CAF4E3BEAC4BDD3C8FD52DB55545A685894B2395F4860BE0AAF006795CE54545FD1E87BF7BF17ECA7140E31C5BF
:FFA9660021000A809CDC2DB2FD3EDA7A944D47279E9A47C97FB3C47B411951C5028FA88DCA71C0EB4C07A45D2D782D3AA4C1804909999B0D8924F02FB0E17C2FD845DBADED4E43C96150A570E17A78C5474DA07E8CAFAE6E3AAD4470D1CA8B9C4C4F613E385181FC82918271D178B42CD790D4F0D6BEF062EA7B91127698FCD33CEF7045592764C3A891349575F42DEB4427C507C6F537F3D8D8EB64620D501770A8A66748B59111698740E98713DC752FBD78F151C48060DAD1D399A031037FF84997CF0F0D3D27F60AF885750B5D2642112CCF1936A459C505963F4DF8B92C3FB80EC8D3C34121608F540BEFF4282961B93D34FB3A07C9B58D2056BE7A089B01CF1578
:FFAA65002269CD5522E19A380BD798F2A5FD8D56E259B43E403F8F5E446A06B6BB3F4223E163568FD4245436CE55CC67546D3BB999CA8B56C96F31EAF09F2956B2CEA0D8A873D9B956996DB9CD3E4412F9642F5DA7168C50ABF7BBC290E48931F0DBB8B00DD04B2DB92C7DBE0B6E862CDBD31D6E4036AD94F1E3E481C89D96C85B112AE4C93ACB75ABA5E05DFD5EB45C7D375593C209175DC26BDEA41BD1060BD1F2CC4793A084EF5AEE08D9D41C5782DD50A402AC7913424540AEF5027F5BCEF47D2A7F6E3617ECEB30980C56B35B2647257C8025585C3D7BAB70FDF813EA252A4E318D0F8C86120BE90B3AAD3D4BCFFFAA32A40D97094D896D8ACFE911E77AD0800AF8
:FFAB6400AF21155151282A8A164781E33E18E91D1BD476DEE579C7AA9AC79F8A8B9F872635F2D1D79F5F7DE3859C84CC2FD89C6B8A48B526419109918D8E061B6F63EE350FC00D04BB9C4AD84BF940AB763730DB5CF64C2EFBAFE8782EA1EA42388F6F87E9E43578B6A60C09771D42CDF70406AD2DD1A17172E8221A58D1C251E9459E42C8FC7DFE6F4B22485C8F022007F9AB5037EDAFF7691ACEC492361892DD8A122D5C36930B21022013C3433F882D9B304D535A3B9D23A091CF16DBF060BE470E5BBDEBF0204B8B7D31E8DD20CC7CDD0353483B03AB74199C7AC7EA0367268F1C3538B7F09259915608C89AD3ADD58D09615E6E8680F678E5CA6F1C0C7DE4595F27
:FFAC630097EE9CD8132CDE9200D46E0086A4DD9A810A5B82DA340971DE46FBFE748386DCD389C22E7C085D0E69D88C89253175C6BC320FED9B532476AC0CA86B355EDA8076574C22D379D699337B59E2AA746EDF68E5A1A2B273B301238C3ED24977D60D1784B489CB10E13E6BD1D3B136B4517B0D4FDA0AE5BCFD9AFD57FBF4A2E8D86DAA1DB8B9B1AA28E30BA0566061C8072BE143D96D8FF6BA5A32C651B54B5FEDFB68800346A5370DED879F055DA6CCA88A20DABE60FF5ED6D2331BF11FC9D2655FF65E4E8C07CFDC47F305D92EA9E93B9EF55DD21A26CCFA693B913D909554D889E7942F0ACF31F5FB1051CD399D3C4EE46DD4D50E98AA5C427837AEDBAEB8789D
:FFAD6200D27BC14B8035EE7B2D6A6AE9BEF41C6705A6A653C5C6D210F08638922C187AF3D69C7A3B3494A990712353381EA75184A2A8E7BDBEFCBED211D7678392FA518966C3EAD28FBA2913242DEDD1FA00D1FFBD5D192EB861FE1D185A82575E0E99170FC693F51B1C0F80EF6450698D38877A92CE0FF08EF79FFFBF6A1904012AE2FFB7B08EB0A7138FCCA46D3EDA1946BDE037799091C18A4CF8F41ACB3F7DF9A125C48AD0ABA2AE36E1024A7DC119C6CB4A2C1BD3579AF040EBB487FCE6FCC6F7021BB270BB61A125B9BC95FB015307CE40B4E10380401D42316B60AF472AB4352C831CC709ADD48FFB170E13E9EB5B50B2458BCDFB8EBFE421CAE5FECAF3BEF167
:FFAE6100768068E78BA10848263A0CC53FBBAB0E7254FBE88670A78E9EC219577727846DB3955BCA6817553F6DDFC7B0A950880AC008507F73A2E53C6E07AD0D7C579A8A6AFA2A1C617CBEAC9D25042A14D95DD1F32B42BB5342D18BC70568C6C49D8C8C4830D4587283B94B18BC7A8B17FCF9116A5E0C79305D032B18C2FB40E5CB202F81769DE29499845355A8F779926A16FF0AD7194306FF1529A8C64BB0E0583CFF75DF844B90093814C2A767FD634C45093C872DDEFFE079BF01F3CE93320A62DF2B7C23E8C8388F2C3C2013DE96CF6148F8BED0D601F4DFB6CB4BEECED78E3C9A8FFF072D8E123E5E8D7EADB2C05306080493B1B50BB37B8683154C0587D19180
:FFAF6000B41FC2803C84CFC43A13048A752DA7975A751842F3497C6B680FA46847A4A5C13730CA150E65B90AB0FE06AC71FAB116CA3DAA0F60961750AEAE1A1C892D8B3610036FB42A65FAF659BCFC7927D6A48632A106618E9B1678167D389EEB41A74042D5EE807451A4147FEF62336145D6AD9603DDC5FC8B22398B530CEA03F9FDE9DE35D274EC91FD6B470AAA247823EC9668618DAF419269F50BA648C5E39B7B0A5695DE2A305C25E59B2EBA751BAF28E3479ECE41EF91339DC9FC0FFB68D64CB7CF6A22E3E40371C6429E95D22CD25AA6FC90D4990684AA3A5663CC9EC2A1263EFCDE924EDE75C971839808D073B1AE819091C02E4ACE308A646DA36938786E31
:FFB05F0042D7D29B30B6A09958AFA4C13CAF241C3BB36351344281AAB26DC8782C699AADD274417A8E5DFE59DE3D0F3BABD2F2DFAE7034051FE0E988467C5CC997B13FFF29DFA8E685CC30B9FF68603B6275314DAA236671F9DD01216896B62D405F9FBCA351464EBAC63372F6ACD414076056F98CDAF8F171C3EC0DD70E3778702A7374B63B77CC4C6D4170421E9587DE35FF48C856FB3D49A80615A610B17E76A91E37D8701D6B9E82C368B4FB25D04C7819901AE879685E7E0CF54B1971CF710F2C866B950E240689CE536AF47F10040AAADF3D512B5365CC937031FCB5270E59F8E0F1B47446FE127AA996127BC9F7E62A132A91AEF5A587D0FC5ADB5D80D4323AD3
:FFB15E001DFDBDC8B5D7C09D980A19AF2944E486D135BA5F9342D23A62657D869BE71443274E2ABAAA081620D94712C8F4F34323B6124C4B4F4643F05BB316BAE8D8C09193DC0D0C465D4A8C0FCCADC60FE2BF64CE04B57D4BAAF59D28D0159829E5C515EAE0E0DF3ADA2FEE66C07D4E960CDC9B6ACE7694850C5B11A0049C69959CC92DE0B5B97E3711621F30F82ECA2B17A245B2571FCF477B70B4D9A7C1B17417AB9B461B70CE2DDAE9C39EBBDACD9BD23E35D5023C2315B24A2493C12A4E7AD27F72D5B814B1C5B69461E579F027E75C710EC2E2EABF6C23A5342FC98F2BA056D1DF47CC13BA83E939DADB5CB2C8966E57DEF320AA6FB766A75AF02F474BF8D762FB
:FFB25D00BC76A81F7D670DA9F82E9601301D801EBBC7AB3FA2137D1A0B5FDBE419B820ABF364265A3745DCC566BE96E8246C4A62E00E78EE133A011AFDFBC69C4FFC216C49E16CC572F281090C1303CD0966A25794E506B46353EE64E5C5F45D77F07D119AD11C6E58D6DF67FAFCCDAA3FA21BE55389356F5DECAE7572460F2A6B0E5B7A9615B8B4892B0133F11BB004CC3968BC4B92DD73FD0D128021CDA59880BF19EF11BB1A1D1D286ACE116CD519EBDA7055F401FBC1FC298F0D2A44BB29F8B2E95701A69A1381AE90616E3F1F0D6C946C85A101C7AA7CBA526892B8B47FC7A5B079C657D63063D20D11EB140F2563039B962262FF5A736E18B83F83AFF510E7C742
:FFB35C002FB00178438F945C1F82BFA0715C2286EA1AE33B881C0BE67B4F8FE91B28C5738D58066329F8C983778217D6F17566C06C0EB2679D5B2DCB89FB638AFE008C038C1228CB6E6C7C8C41510A07B7C38987C3185EC03177C6D5C203FD09EC1040F5BB2A9EC53222EFF189789703A509749CF1822CBE034E0032F944AC35A323688559B38B0453F21CEC6C8D102ED2B13E70D7748EE94DC30A57604FF6CAFA97774D7D4E81FF72848170C3ABB693AF578388E64B980E35C1E03FB0A17C2A672DA894114A6C0C74AE83BB59C3900CF18A8B325E5EB249A6F08F793260A326A38CC21F999CF8BB71EB79E6E274E14CBD83C1D17661C717589FA603E87BF64B0C53EECE
:FFB45B00C01C397A93FFAA7D1F909DAA2DD0144FC5B2997EA4CAEE7FC5E757E36BDDD5DFCFD2FA53377401F9487A45E174DA34479B422609B872EA0058BA751E29F7282CC7381BA225D2A45A50C9E09321F8D3A9ADE329682F290E90921D5ACD661DDC147487D26013AA961B0DEBB2EE5DF1CC523EE33C7825EF34D529F451E2E4AD7D79553D69E99F3599ABC6693D176A8ECA21771813992326EB93C330CDCB389E5AD971B97A62E3D4E26F7FBE1812DF2683BDFA98850C8549CFF7B0D7D314125B340518310DF6EA5F2CEEBF5BF6CAC54330E24579791270D2BA0F5094E736DAA6E35641B060FA388AB8BA3CDD4B9345E4DC191B741E82722DE361866D702F530E9398
:FFB55A00A97325C2BF3DF1B0BE3C2ACBD17213560FE296065B791787C89FE869346ED26438483105BFF4D9DD19FA8C6A2EC928E62835EEE2B77D88FC21F3EB007A995F20DFACC9A20576D03E9CEACF58CA9F980EFF56CB78308395162A668F9B15751FF51919B7606518B464F75E570EB6E998C673BEFC29AD61EEE12BDD1790481871DAEB7FB6E395AC9260C95A465398A66635C8BFC36562904AFA725912C892164035770079F8764E7E132B5468629ABAE226794C902BA5434E55AEFEF55B78287615B60A88B623C0553A93108181ECB38E673163594463755D0BC51741A1DFE0251F15E2DA7FBE4CAFFB81CEAC72303F326AF50F20BB87A36859869911A8082BF236
:FFB65900B14C0813F979725A0FD7DAC9A6CC787D6447FF6A9F467297B558E3FFC70525DCF08F99A868527CC1B1D5992901D732340CA924157C7272B16256711CD2DA5794322F13ECB6B4766E247D26B1463BD01675B429EC48C8C751AF6016BC3DAB5E8363C604C49488815C2FB8A73E5CA426FBAD98EADE9446492C184B13C36EA044412BB875FABE70552E959F1208689F81C4874F915FD2FAA605E97B7C68561E83C2A523E6387F1093F4C5405E6984D8A9C59359AA33D21443C5BB199CD088AB5ECDD385B3211C5E79BE3F16CE71182A53A4AE67B826B17C727604F3F7EB4770FC35FEC4FC711203186D4C4A884AFA844BAB30C855EE9ACB82CC27C90C04DFCFD4F0
:FFB7580030EF6BA1DEFD7E7863C7E332D62DFBD1727273166F5639875A05A103464FAEF92B47A7F9CD70991950AC331DFB3C89F9E5F45F1ED47DCF74315316F7E532EC72CF7946BB9AC582A01A46755C67A4D03C0662F040682D87D2952712B5EF1E27082BE2751450D306700851E389CC1BCDF7AFCBF19343FA4E92AC135BF3596571E31D0A3760878EA8A0A36E288C0ABE0312C750BD6EB65AFC97084D287402365B2BE0204A696F715530C0203519898A3C79F25F5F65D0026435D6DDF51AEE89F80CB249F1B335EBB73E0E7EE0687CB55452A7BF5B9CE21D97B17E1ED80A3AA585CC10BB3CED2B4DAABAEC7E3A8F1C94F9BD6666F2A1AB7D1B6E8FA5792DA4DFA04E
:FFB85700E767962B1FB5DDE0255163D95F05513B4BD1AB748832583212A5915D791003E956C8EE322CD2796A374564A1A81788DDD992FA000EEC6A1FD6075FD9170D624A590150B1F4DA4F53A1A3F47409012640E9131F678F30C13F4CFB5BF3C55AB3AA8ECABA26467284B9138D6FEECDAD0387F49496D3120903BAF12CA5CD9F924D2DEB01B4075511514F98ECB9BAF6AE26AAE37D072E6B3F5E7B55355F9C2F4FAB8571BCBC8016331AF2967311DB2D076E7F2E8DFC6F816E4104A76562E252A3FAAC55948C758B5342249C6D937904A6E01240D841856D939E7412A1A256CE0D424F377FA19DC714368E6AE1C97C1509AD0236963160134CA5C4F327AE7384EDC633
:FFB956004F3503801B655142CFB4F0B515349B1B6B450715C7C458A878E0FB110A9A090421F445EC30F9A042DE76A169A8CFAFD0EC82472ECFDC8A9337A68A6441C0F258281DD2ACDFC0E8BF9ACFE1EBDDBD197EF73A5F530B18BBB0F615C1349D5478E67D496F7DBA3D9E5C49311CB63A398B36B947921F4427A8E38EDB17010BFB5F6A4A2130947543AD619E420E6C3177886E1178989EA2A61626C8591946EFAA4F45EDBF35639235C4273367A716C618C5D866AA98FB286DA64639A9DD363313E50DC34F5E800C7F340A007E23AB7ECF54CF2DA87143C28DA8679E67D882F51AFCDFB2265521FED32A691D4C2349022D10B17524E7C103C35D24C90C7A7A66037753
:FFBA55007A0B299CBD7DD86DEBB82A9E7198C081E48970C822C012746DDD1714CA7A8B1FA0EF9083BE5FF5BA1F608BA5A75A4176BD00F84943A73AD373550189C75EAF793714D5DDD26DD74B0B3332F11E33824DAA6CEC6519AD256588CC92B0704313409A20F895CF83B8B9370A321D73395DA27B239468A9328595D15963758B6BF8C994CA8B266231DE9C6A5CDB260CFAA2590C30DF5743AF488260BF6DC95F53066C6C062577249BA24E772EBA9B2931193DE95751A435803A109C24D640572481F1FC18CB1FBE5EAD9D4CD8B49DD5F08DEC0B05950C2E2AAC60480A1911BB1BFD0F9E022932B475B0DE731F3428608374C5C325A83A34558F4BD74FECB383A66032
:FFBB5400B5CA9B00A6DE3ACD03738729AC334A68F24B269F79C3B384E619BFC8705421A1B85FC38AD6865340DAD919292A0B781930AAE4B44EDD6D35CB8F9B6345C222930CB1D76E769CF357C60BEC84FB7691876CE61B6A770F0EE15131AB4C7707AEE21F32C601F17FE5654CA0D604DC962514ED25178CA613D4B29AD421D3E78A5E2BC35FC219C67D3CBDEBCB32FCF58FB957B898ECF3001A5BF7ADF1E55263D48A8FB42B8116C3F074A211CB679D474006805520C7DE7BF81943018C823F4A6C4DFFC3D5CAFF30E0A667B25966EE5F71780429C7B59C6E921C5A81C23FC65511B1DECA88871BB2000C4FF1EB2EBED109AFA6D0FF729BF359A4A9BD42ACCB93DC6081
:FFBC5300F5C0060815EE8777C5E436C6710D1B952AB8ACF3E494D2183B71C70D5182E760B053FBB3FB0E215803DDCA59062916DEEC45826323A5DA09CC659A6EEECFF918EE81BB40F4E0005295E8D6E4995493E693585B55349BB129FB130E08A606AB00519647FA3BFCC8EE22134BDBF580A9AAE59E221A2C3EB89ED26BD46C4415A05A7FDA44C0E0F7238FA1235F5DA5510FB7B6C1581ED7512C86B5102DC777EB4CE9FC1A73DB015375A413A8037787D9E6753BB1B078488AF960FEF02184BE20689DC61B82126320DBD2007493014C748B1D2A7551BDB1D6DA7FEFD24AA2A088C49F927DD29FF2DE022A16EDB4288ECFAF66C1B3BD4C43653E66BF08E8797B59B17E
:FFBD5200C3A3B0F145D4E92B5BB3B7929FDFBC9B8A78F3575B81E0A2BBAB57E3039ED858A691D574C53F50E2F4AD8A5DB383F0E4D1AC7551E1A0044E8B86A499A8ECE77E2B789E4E3B711A8CD5B71E7E17EDB26483AC76DF7847F77E8F2E31FB9868B07539A0534CCFFC6F439785148D900F531C6796161AAFBEBFCBC46B2943E69BF37B0180636FF6C835FF3688F200D792F1DAA413817ADD9D4B66729B2327C4B343BFBA819AF7963D0D83E57C0C9C6CA4719A99F597ECDF5478A586E561E45BDBADE7B4CF043FBCF9AA071FB1A948546E5A2D13709177EF291A85BA28C386E44F8A7F2FB6CDFE4367014DD244874326EB76B9EB72BC053CF99E09AEAAC0305BE60449
:FFBE51007142C81A7294413E8525307F48F33A3584F4DB93283AB34E33792D39C65A2CA6056BB1F899C18F7BA761768E3545C119F74118B680B515285504D7DBFAF524222CDF9857C243E48BD5EED7A7F5AC484B9EEBED71654EE2FD332556817B04CD366E56D186DD8D61EDECA1DB707BA709B9DD686910E49D0E325B981229F4F010FAD2A78C0FB121BE2BAE10C6E8D84408D50771D59486A058F34144C3D54BF4458641A579DFB3B3E86BF2B5B868D69664BE032519B8EF9CD6FC28F9408D1292B6478CEDA7FD1DB1135667195A9F27BD90EB33FF17C6E8F27882C1F6AAD433B2A7461FA3760325D66397DC4914C33D1453222992940268B85B34131889DCA7452F2B
:FFBF5000E4CCC51ED566C4F7F3D53BBBED5ED15286CFEAE6F6D50B158869A60B3AAFEC7F28F5F611DBFAD7CDAF2F0455684CF66076DF1D969D91151614F5F253CB95A0DB6C076C1EBA6049F0D5179F4C226727E5A986C161F980FF9392AB583CB07873D1E8929476E19A7FC63B023D0C68C8CFAC8D70995B3DA6677D9A18804BF7BE29FB2E401C24AAEEB73C67275C2CDEB68C321D23EC9CB4A7240D7F6A2E0EFC555972137BF1B7FA0C04A2CF715CA28DFF5E21941AD4C0B1CAD9E4D4F7609E2A208BC36C113693176BBF2B138F062E77A89A2FFDC9BAA4270682F8B43C598A9ECB0922317941C763EC78AABFCFFC7C5112D2424019613EAEE5CE40EC90A00AA99E2D46
:FFC04F004E426E921BEF67D173A312515DDF36FF7FFBA3FFCA457758250435A8C54E7F4F222ABF473B18F0EF5CC6B5FAEC73FA9BEDC929B4D9B870D5F3CB81ADC516014669BD25682F083A83306AF3997C2A1297A2DFABC30548B8C96FB2242E5F9852E9EF22D915895A2745F026978A29AB6A14790B1D834F05597D0CFED4472D6CA2AAFA122E04859985C25A7D9796770B37DA7E63BEC0951DD70B9F0510828EBC01467CE9FA2F4C60BCECF17381689B57FC3E7E4176EAF42B678C86DC4342D9820AA94F89B4EAF53E9182BD9DB366E959C1EBCE2B1EC5355F4FFE3125179CC7B16AEA2F40ADAF8385CD5658889BA84C8809967FD0FED81E2D7C239D106F0C4E80EC47
:FFC14E00B469958364E48332F8112A156E30A736466FB33945803AD20FF781B9CDB33A90B04D18EB91666FAE06E59D9D8E1DAAC769AA88204E3E50F90A54574EF095D501AB8F671AC5A89A90BF51B7BE19FD5E9F2901EB5AF1B8003470DF9403892D8709C719992D3D2075C6FCF5EADDD4C3213FBFABFAEF7F5815CA4883ADE4697D40075D5845075A881956BE6FDD240BB1BA9EEE04D7124C0F5C07275C05C6513CDCACF4ACD036E3FC2BA52F78D22136488F071D6E7732DCD4FB3B25A212BC91460743013A16F6DEEBB2A55A415B06FE164AA408104DA9DF160AA904405B78648441F5240EA80ED388895C71D212A3051FFFA981AFEF5E8D3E70A48D951404C8D39875
:FFC24D001856099146B78B1C736BBAF92E7F57CD55736BFA8EA9B8ED16F4D1710259113A29A1D4EBE9584634594D2C395DF1D151368051FEFF953C050C9F9BCAD6AC315114028F49A5DBF96129EE5F5604EA17757921054A6A3AD1061959C070F3DA9002EDF5A74D304CFC58718B1F46027F1B296C0177D265A22E47187DC21E786228C68907EC0EA6865D1FAC790AA570061363B525E3EEBF336D604479F410BB25EC3E706E122F90BFA7D32FE2EA2EF6EE2882B22F8BB43891055BE38DB6E3686ED456BF44FC6AF711FFAA7D56712ACD176B49E81091933B5769E327407C01BFB91E5A94EE84DB6CC2286DDCFAA31BFC5D574DA73770DD23229B916AC958941B4651E6
:FFC34C0095C72F919A32F32D63ED8CC1D002A0885FF7D679843D4DF489A0D7737380058CA78AC798FFE83A33C7B3B80A36E5D4EBECF5A8F52BF5A583FDF97D2C972006CCC3C74F313C11A3C5F895316C29A6252CF9CE30F170DDC8705BCCC810D340CD015FA3B7EC931CE26F8F53EEFBE82EA12B5919EC57A806B8B21B7A3874F4D0D5BA00A3EF14E4E9A02321447EEEECBD6A3B28E44A50AC1A7B92CB6FC0B8D3713B325CC8E155E1DAD6480F187EF4B8B04CA863DD806D85775DD7537DE0F825436137B719DF3EED467935B00937F0E70521D10D8C7D56493B38A9C0ABF6ECA729B3CA0B769CFE52889243FA625E421FB59461E05A9427CDF7E43E540F6F7565C8E4AD
:FFC44B00267BAC3743AEC3B935C39645F9D2A56A4DDAD36F064CD9C8437E5B1ACEC20F4C61A896D4AE81546D2AF5165E35FE3A9DA03946938F99A0F22BEFDA70D107E56EAE7AD82039E35881248E1CACBD694EC5059A3A039997218741F0BD134589F8F0D320406315A82AD4055A85C176CC47BAE879910723E62984727B780BF8F8C4D83DA56E6B8906FED9C739EF1E7129D8CEEB038DF2FF880CD44AB823785DD42B113B66A1A54026E9BC63FA0B2384CDE717BEBDE6D2396CEE03EF42E272A7679E00FA69C98B88F0E1934883EE060F24E1896B3C0D8FF2C5CBF571F80EE7B31E19AD6C627E0FFF76D228F0BE97069930F8D84A1C104C144FD7563545FBAABCA07E0C
:FFC54A004CEB246221BCC8624A234310AD7346FF952D6AEB44A6F873330A0AB645D510AAEDD42C57A0F7B4857AA9497017A769C73E7DDDBA9D5237DD2278F61056C466862598AB7FD0FA1B9C25871F0027AC4597841BA9C6BDA9B162C8041672EEC791F512001E54C132796D365ADDAA98811B6E86682E31CD039846C69E81C3DBA0D26DF31E114D0E77FDBD568D1579D1014799EB75CD5381B49083E9FD547AD1C1FCD6E20FF7EA1708F104A7A69135A6448241557F5F4623944E57E013BD3CC2C7B6419943CBE2066E799CA3AF2CBDAEA835E7EDED2B9E851B65544F6B8157482FE8814C62F09330EC4C6482C2C127F0C151AB742B0B996E2FDFA32EED1C8D989ADFB6
:FFC64900D339FFFD0EF5A314761DEC27368A41E8A34F3D0C52C1AF699C1A89AF05137496826F5DD46470E8057B30124C39C947400F5FC3CB8A036B08A0CC1C4776E7A64617D79DB6CFE458AE84FEC1989C64DF8843DB90DC8D302E002436E9321364C2E565D2424298DD92BD91EB319BEDE4E0C5355514D17DEC622F8110F8099AF21F02B1E915CB4AB6568431355BD4D4F6B57437591C2C29C9C39202702C36107816C6F0E23AC98F94F0EA78A74DCC53E3403AF04DA309BFFE07FF97C39EAE129834D0020F332F81787CA21E247D0B7056F9BE08EDEB09184B863516EBB9DFC3CEE460FB49ABD65AD67D288A7886631155061442FB11D59287DA3E9CC0CEF30D14822D
:FFC748003FB09D5330CA34CD090EDDE730F07CF08734AE5642A2087B49655ABF07D60F9C8ED689D145C71F0B2220F59C74BE910DC37FFF431FF31360334265B5D50BF93B34F52B206979A1D0BA027EC98B3B37FF07BA1DD354DE06462A5614810AC545B015898D7BACAC23C124A30AB687CDF7A80082C4AB67AB7C0759FF7F0D4386A68843E7BF679321B982F906CEC2CF868B1A3461ADF9A01484A39FC3E2281026107FA0560848205C80344D03C31802933F1B9D0C4C5757F41317A5E20C696FA24FD837461AE09FA1CFD447AD6FCC82FB07486A2233F9484BD8C9DDC9D27C0E537C9BE31848F401A036646104B0DFEDCEE0BAA3C8C8515F7C6AED73AC630454FAE701
:FFC84700A6E5197BC789EDDEA0258721FF96330A4E0427DF2E57BDFB7CC508864ECAD01481B735C938B965AECEFDF80A3307142B052B423C72A189E102C86075651662CDF1618306E52FEC9E093780E73DFB58EF68E999E3F34ED3E0839570A1F9C8142A3A8AF0F9AABE60A3C72795E9305F1520640504189F6009618FFE97BC022F831A87F2F1C78D26334BA1D18AF787418BBDC9C5B9590B2AD078D314DCC035A5328A41AF853DF59D97964C264BEB08970EF4B62F25A6CACA4913A22D8EE35D62803DB1D6C5439B8436EA541D52D6B1D758ADC03652082223882F189E44082ACCCE509D680BAB1785E785EB6BE2748DB72AA2B88739D07724555177DE71AD77F2636B
:FFC946007A11828C4CC9D030CA1C2D38052FA9FBFEE5F1424B9B16899ECCC116E79F139E93BEC28CE395809C2BBF62DEAD3791440CF6A375DFF48A33B33EDF844DFEF38A3916F2E5F3FAF82C75ED1C0ECFB439436A741860FB399A47BDB8D3FEDF575B049A3A783CAEA598EA462B99036BDE3F16B574C511E580A02896062B67961B82C8CF19571F9D376BC7592714A56922987ACCA613143B685B01C21B62BEF41B78113BC4BEB0F27B751994D2FD1C59C48735AC1E95D4660EE6693128E1522305B7ED9BD343CD19D7F2F74AB0D75629E9D443217047B8E5A022874953FB854857C5EDE8F0C687518BAC18944D1900A0D2B39CE9701BA6F8E7E45BDAF0DE4FD37DBEC9
:FFCA45004C70526ABB26294A22B70F92AFB0F2DDBD580D36AD9C0E076A982FF9A6E380D44955C84CB12C3213E913A001C25AF230CF198AE4F2B8FFE04C0E13136CE50C8C2CAD212F6A5FB10621ED1396CE5394F6B517A29CBFE064C7CDB193728EFEC44D893D756A91A3F3A3CEC64681D53D38E178FBC13E6A3717A9A17B1B5268F65D871241A1D34504A33C339D4EA9687591146CA2B5ACA657E857185F88CFF8B184EED3FB05E1E4811E97401F5CE6301F01E49B99439D7190A8BDB3AAA8B28E08C7CE98D5497C0441E36824897A7560CB07C4B5698E04DC378CFD66D083ACF7FF6F026DCC4F68B9DF7E74AFFA1ADE29D57053B772292E8B21080DFF5BF6FCB982411C
:FFCB44004B3C9B1101E1B5279165B6CA027AB82A39E9F2FF9B94C5EE0DC4101C4212AA3024623698E7A425F2EE9D3E8375842E99ECCFF1078A3AF81E799D7A37445571C663081DAF0515D71FC165DD3493D2FE04225CD574BEF3D2860EE5B131AC9495C0B94861876EB500893BCEAA73374CCFA28A251746928AF3C6168F4E55BC2307DA004859D81D38C8F3DF52445280A98C1302FA6D84562ED3E20CA877AAB5869C41BC3F5727C31602B7076848E7E63620C75A687A8BD8E3FA15274676A19C375F8161231F0AD264AB017E601198CD752CFF38108431AA8249474E6751873F52A2525BB5322F25205FE8A7D2F86FCB2D7B70EE31ECD27179276E591EC8DA1B197862
:FFCC43000EA2E345542FDB808C0BBA4D13552B0094875A92E91DC79342BEA26FE5C209D0A9D2A4AC724107FB02DD19120C27D28F2066BC9F68D809BBE4F7F26682BBB8612A9B1F791A214FFF3EB7319BB2DB1278AB3A80972F4CEB0C88AE7BF2DB5BDBE9458748B8ECECD0B75CE184FD3DE0B1C077C2619FC8446565B7371DDA7A6C960A918595CA0B0CC2126F475B38807403B3A405163AF683474B104CB2912F3F42ABB3B9F51092A624D42F6D65AAB940D6E8F7D515C663ECCF59BB98FF67D5472969F797161278D55E9FBD396716B9E2204BB6F4A4D9583CC9FCC9D99818295A06C6D69E50E6BCA43448B88F65AF398591B494449D910F0873BE5D51FC803B28C2D9
:FFCD420021E3E48AFDB9BA9206362DBD464AB0845BD06E39D591D058B0D6FD896E26382EC4B2D742B16F2FBC4E9918FEC993A3044B108578E190ACB64E6520A45F6A269B343FB4A9C826AE28E5B47E7F38392667B45E43EA4BA743B05091DC823E0B9F79FCE2C9FA9FC638139248979647D01B064E0A6482A691CC0B413F1EC4A69304B11F6B55D0A8AE6F14FE31A439F32F13C463CF5BF87E3D7B099A28C5570F1F6011DA5B3BF8F282E866EA6F4DEA3E435116E1CA4FFF3F1F3B241C6BFDC371FAA4324867DD6AF359E6E4912802386D7BC6A34F08BC13B347C0C98465C63A0090492880BCDDC2189708CA702898265A9A52F368CF25E6CFB5AA0C6B6EEDE2D0900B45
:FFCE4100D564BAC38007B3CA4FCB7A45833216DE58B284FD014EF6F1D2DC353E87252ADA394BCE13686036E3939AA61EC98552D601B5DCAA3AA14D24DCE352520A0DB90F7DA5605ED18268FE127616AF2C1452CC393D46B1CF2C53F369A9E585DEECCD8044BCD11D1D9CA89921F38362F37393443C656D3D49F3427EE2806CDBE467A83D62B75C83BD4F955CD5830B07308BBA5632B2E2926B94719254F9FABFA7A2E0EF810C4E913DED32D658F0464CB1C8B8241922677F916CC7D43CDF2D511D6CD24AB1C94F95134E188B9B96C1290C1A659CBFD5C979716805B685CDEBD18EF1B2EFF146E46427668B5A9F69711E050E6CA83DD92751114AF9A4E75FA0C6351275AB
:FFCF4000E29A4E628FF8AA40C5E5F6F5F5B39964617F15988E0BFB0120728233F3380407430BAB502F010974650EC56363A5BBDBAD84D0C0A32C576B6CCD767B84660FF13B36340C97CABC3257810EB410EF9C7A34C2AE6E51FC5F3D81D4235FA5417B7D73FECDEE226C27E50DC3C88A5B72B2A93B740CED889544EEB773DF48A3823B6DDFB03C02C2ED52CB9145A2D54D3A770872902AE1AA6A9A0D6E58F55B6FF561420681A06002044B1861FA9CB05380391B83E4DAD5B1557FDFDE2CEF860E21549530DB0492856E4D56DF4CA82A28B99B1356644788EAD7139466FA1F5A8344555C8080D12E8930867BAF5D4ED120AF9A58CA815F7B6FF9E4EE15B4B01B0770D4DB
:FFD03F008811BDC955D300B41B5128FC065C4602843E3B06652DA21BA8C6A01A6EBCDCB2BA255E64BE1A3FF4E5E14BF84D33053262F4EAA2218070AC146FB2BE586464943F0FD2827A9A3E2A5FF21110195C019E39E6C86A882A31ECFB967FA4ED0A14D50D1873B42613F34D0DC85E68E678ECC9E2CD4284CDAE19F14DCFA1327B55A91CDBCC06651252582C7E7D56B308C7AA94BA243F5AC0F4CD0569B3F847359B555FBF1D7ADEAA624E4B9E8830DA1FD6B9B8569FD8434CC6B43EEA47E0699C7C537EFBABF6E5DF91943DC2AFC0A9C12D36FC42352B7D12010B1704EB6A1104BC170F4FF64C18C9DF016C71E7EA5C8977C84D912EFF0B39E82A6B69DBF58AF828D6BA
:FFD13E00CCF65A09880FB99BDADA05E39C918FC2557166B2786D471EA032F8C452B65944A96DEFA87E82A68317A32BAFB1BDC6B7694DB9DA31AF38EB7428CEBAD9AF1099EDA07EF137403A2E897DFAA4915F4198FA812FF01C962D29C71775CC8B380E0CAF35B0297A1290EC0B344574083DA414579573C287A5800843FDA2FD4DD250CD5E71EF6CFDAA6D06DE4ACCDEC1F8DEC859CECE6EB9774AA2123E0C71CC44FC327CEEB79B0E244F0E70706EB0636A54DA7A83EE4496D180E98CA51C45E7274DD1A5CAFC727238EDD2788E130F8AFD77A36391F0555C63BD368485EBB0A55B9B4F410AB183737D3A37582B76A33060369D7B5EEF14355486AF699CF30F0826CCE5
:FFD23D009846047430E2A25449F5768160521764323990508AB7F35550090D6DB2D86976373A1FFBC8E7F5BBE37505C5B040EE06D47DEE56B5DA555D2E52E618D91CB609571B2D8D0B40018E27A90E84F5646445E752954F09FC125B64F567283130DE3C0FC47781333F0EA5E9D71693769459AB957701F5EA229208579BB622F1771BE013B2610EB08DDCBF8BCCA71FFCA73AE4F5511C0C2DACB42E785BB8EAE568044BE9FD32A9F07F7FA2B9D58AF9B3DB8F18F426CDDB89BF6E5DC93B8549B866A023A3A01DA70FCE4BAB7ACCC4F140C96B695BA0D411BD2D39E60073C7AE0AF721C6EAC20DE0D72A4B3B514B9D1DEEDAA667218219EE8EB96902D2717D50F1F33514
:FFD33C00DC35D4DFED45FDDDD36AD466012F0AE5895132F03D68C53E00959BE1E997DD91A2B06AC44A2C68EDD771C97489A24DA12DACEDAF40A79BE3FE3878D1BC363505CA7B49EB384C6DDECAA41B558B29524F47E27BA6A8405B9A88314198B5CF0ABBAA263A08BB6ED1115EFF29497EAE42A9638BF091EC636687F38E42AAB2CB971E09D3ABFA2FD6EDF10CD50ECAD9489FD26FAEC7C388AE728A28BF47FF66668C34E5DF4D58DF1F7336E9371127C88BD988DBC74B7130BEA60DC112A9CEA5D662BE4D84CB91FA7B02EC2AA46CE1763E601701F7880C1AA3D563E3189479F663B0EB3BB53B0309395D626154D0BC2931F28568787B2D970909958778B02318C2D298
:FFD43B0018AE086C21F9BCBDEEC1B6CCE12E8473E85245CA89D5CD2F3C37F137480A8C8A10E8745880A72F443DF424E5E78A1F13F8BE820D580FD5D393277DCB6D6891B3B53E7D2051E90F110917E13C9A931D72484F6E3C8F61FABD87482BA6604AD8017C65AC6D08931484538C87F74AA15ABDB335891A3B86562E905B44C86522183B2EA5CF16DE84363E0A789E8719809124EE123955ECEEC1F4F8AE3FB78E0DD21FB87798E5DEE3ECB5203FE65224DBDD32B62294BE176D1E31942092F8014FF832A352E00F8FD584971BAB7A655947F3A7D832E02C6FE9E6956B9377248444B09543F41C30340154FBF798FDEB98A431DBFC4B49FD1481040EF9D8892F0452ABFE
:FFD53A00344108A0906BECFFE27F5525A28F8F4478A7323DDCC6AD5AF485DBFE86480C4D70510EF9DE5BAFFDD1E26D59AD460D6F120490004E91A660F9AE18EBAA712C4777ACE501468F8C76D9D886A1E5424F00F6006C3ABF8CDCEBDDC1ACF54B9DFB66C0A99247351308E83F921CB8E072E4D626C568B8731E241E1FA8C6ED7B3F24BA20E963F31FEDC5049665894C235872084BCEAD21A4A68F5719CC8A84C85DFCBD284FD018B4FCF542648D2048E7F27863CF4D851D480C8B435645A6D18749BEC6573163933576EFCE1D1CB7F3BB29BD1D6F5740C395090413A68F3DDB05045E347DCC3D8F4363E5202194DD7481683CC970CDBD05DDC7E01A875EDC328ADC7AFE
:FFD63900647861B996781AE337C459A2F7C31F5E5E2324E3E27D73BDAA5E7AE3569A58F340A1CC8EDA795AFA6324A1820D8B3DF5DA7508D883FC63F71192BD0308A3425F93D3327F16F6622299266F6764CD70473B169621CA94F669A65B5F2DFBBAF33383EDB841F37CCFC2ED97992D02B23408659C30B5F4E6570810846464F8FBF6445D07EDF52198BCB7C67CF3730FC878C28FB86A2686D241FC26CA581C98262187BF3DBE646C957AF3E90CCE7DE2412F5B8EC9F4E09AB40C3E47CECAA62462BA2F093E39C0DBDD254D97FBA446AF7D742EBE6DC7E75F77FB2EC270966DADB3B7BC80A310230B58C63D7C0892F526A24EC7A33AB59F377CE69B3C1C9931F83341A8
:FFD7380018DDA04FBDE5F980B40FF8C6C6E79400D3EB1B35BC9EE9166F6AE1AA44ED55C5EB67632F6F84D2E90F6DD483D0934CB3C6AD4F897A13CBC037F931ABF889E221352AC71B16055EAC0DDBD4F31B8721626C8239A0CEFDD17222808C668BCCD969FF64E0FECE59F30B196FD1E8B736E6B8AC60314403F488DEEE3628037A172842861D80E937AC8FEE43E3264663936C49FAC8E4F4789599F6068A64B8F60673CEE59679AE8C5C77E221D209BF78E6477BCE2A5C511E1E25F5418BB47721917F084BD738EB25770EC44A1395CE4A9F551DC68B0C32BCA148101B5F08E3F8DA2DAD3656D30ACBC4CFF1961EDB57FBD4D82BB76A97E1263081D1227086151C500E9F
:FFD83700A81780F6019714AFECB768AB48795E2CD862294D20E417F1A005BFED7DA1BDB399CD6E7852FFDB72B83C2D5957323C2556070C574D05BB5F493EADECFACB493C0746AD6BB4571F8CECC7073BCE760A801355ECFA0FD787BF9BC32624AFE39E9AF6220CD72F1F200C2D61B62BC4E15B7E95DF71C71D9DE16A3EA7AFCFE30D97AF608318BD5E69E81C72DE0E7DB8A5800AABE3A35429026F573300FC13C4C0E82FCC8BA186EBBD62E75ADCC6E63FDE9D30BCB51E0DBF01D0F9B48C74FAD4B9C5F3F3DD8FA72C7F86E8784B62F1CD72F8858F4802DBA73B00CEFD6B86D91AF73ED30AA44862293729D1276A659CC9EB35BF23CE3A7517A24DB6CF6979BF6F41E7F4
:FFD93600C08BF9CF19E7EF181013672BC0D166EFF49878F5811FDB6CAAE8DE699415B37FF9A69E6D90E3CD34E8F8D1D3BB716DDACC3338C052F94A6AC7EA8333B5E5A0EA9128E76DCFEDDDDB29D6A10FFBA3CD93F04A94A21E0D57D00F13BF4777B513CB53B56B854E020E0F7C10EF1F63BDFFA263FD2212C012C22EF68DA911AFC097E1BCACB522495C803EFA35BA57DEC3CF7C25BCDFD23A291CCA81B422E25820BBF323B18969E4EF82DE9C21DA16A3E9B887AC58915CD2D4374229A85841D16288AD4DB5842ADAB35F885092BD7647D5DFBEE3B4E53E047882C5A4813371B84E63099A2752DBBFF23C337D8219E171EDD1C601361DDF640D72179B3D0EC4A33F09F4
:FFDA3500CC5B2FF5AE268E0DB3B77448C83A3D9B94FD98F159E292D0999ED9773C358D654240341FFB8D4D7D5AC0FFC9929D4E71F4F2BAF3CEA95EB2F854F3A0C8B2B8EA0FBEF28F30CEFBE3D392A3589261023D79CD58CCEAA6FEE7C9A816B59C0FB9EDE1CA3FCEC49BD5076DF71DCEA37485178224392EE8B603B7F20D9D336720330F7C22647DDA42B34F6109B9205AE1B87F976EE418AA4E749DA82ADF892FF17FB7360BA4D4E7B08688D77EBF5B4A049E5C0C9335A0B8C64A2BFA9C593968F0A80DF4F568D5B9A1E89B6438E8DAFE45DDA9913C2E2506DE5838AA735FDCCD357597232BCCFA2578CA0B9DE660D74B4262C4951A8F231EF2F6135A175E208BA44FD6
:FFDB3400825B4E59D3FE149B04D2FE2BC34B4874FC25C987C5AB39564F632B05DC260429B649951638FDAEDA225A51FECB7CD8B49CA3638ADCAC3440625FEC3DB00D0961819D96598D2457F1F7B889B09FA2599D54CAB04282EEE79B3E3E2B527E6A16ACE2AD4A8933EC84919AF1AA571A71505E116A4084D3F8141648D1AF0CF8197D3FDC4F17C6BE5849FF9AED5BCA96D3FDE4AA8AC18DF4C371D3EEA9E8F6DEEFDFA54280B5C677354FFCB6BBC3CC55DDDFDE4A3E589FB25F8CB43351A49EE0612D2329322BCA38CBB5B0A80121641ADAEBA9FCC5FA0C7C9CDCD2D68B390234125980D91155D9010923E89CC95C0EA1AB0E14F6503394933C62E00891E19F9B184E2B
:FFDC3300D7D9F52B057371CD40FF1B343E4D387DCB55B3B589186FB750DA32EEEDDFD9045819FB9C6AD8C26F37F838F6CC14E04DE1A5E7DCEBA56F607F5F0835013B8CB5695FDEA3F8D119CA594504A8BA8D23E70C7D1452326FC37BD50B9646D4CAF575B2CE43179BE89D6227488C04DA67ACBBD3DB545300CCFAA11BFB92C36292A88DA1AEBF66B020837A36110709DB9A24906FE29270BB6BA82DE25541E16DD84A8DB3D33661E140B9FBD0C9A5EA9DE350CFAAA34BA5547045BAB95A64E5662A74CB48948DE277C9A298ED38B195C7EE17AA1DF63193894F73774A530695ACB6E3F3714F30F6D79C11FC65556925E7947752BE4CA0603EB08F577CE43BF5DA4B75B1
:FFDD3200C0EBF8A485F7B4781BDE16B1218B561CFB624FE047FE17109F22E6F9928A2C84B76823DD732D4FBC6DA5DCF7433BCAF4F3D0FEDE3594E3940550BAB1BFDAAD5E8F42E829E9706E71C7BD85F5AD446748200277F07F7B6C47780CBE06F3F29337787ED59F8448C7E377AF7D3CDCC2F6CD80A991B6B25EDF254E20A4B7A77CAB0E07C5822F7C1E3BCDB74E364BCA32ABD14AF98FDEFF38251B9259E17A75B424F6D2B4F3D36C850807B41E29395990E4B393119AB8C4FF4F802FBDA8A7FB6AED21DC69AABBAA72E16DFBE72EA31D5D6BE2D19840F4C0566C7DCCF7C3A656944DF2F214BBAEB09EA588D77D99C6D751972EA24698803B05E85B028C2AEAD827AA8B
:FFDE3100AFD5104A46BDE00C12CFE72D457C137B3991D027D26BD06F79BC21F37B304BB0375A7F3AAF1E7018477DAC610F5A8D371A8BEDA3EEF90C1C06A92A104F8510E6B40EA30C43AF0AFB0D052AF54243B79F89E120D7E9EE2FFCDBA1F28E4A46498ED662575EF27C4D6234F47B59E7B6E7E0F6DA7984E2FC71058785031FF73F2DE6F44ABC88D2D807D4C7F11897D1776736F0850E410077B568978D4C3E26BBE1987791E3441DCC4FE4CDAB07901D4D277204A1B79FAEB8C9ECE8108DBEE3326672A1F350B06F87B66748CFB4D4923675F798E558E62436FE40FB816D1804F9154936EA9B7B2F76AECB851E1662228DC4F0215ACFA126878E3B65F6A11F446C5315
:FFDF3000865BEC67D0BA16071F7D14B257A923A493E3A2DCC896EC8E12EF43286DE31936E195F62E2DFE16DC2481EAFFAD2CED0436E60C18CEA01850F8B2E7DCBF0B4BC330FC540CA9025A64D919F8F32B77E66ED6DEEC7CCDBDBBE25188033F55FDE49AC716F3A2AB6406C30AB5FF63A1F4CC3CF2B80FD0CAE67EC3B16E90ADD5B63D590545A84A94B5758FF039599E829DF3EF30F564C03CAB7F4B925817DEAE531173604E4C3D03655E333AE16C778A6A87B0CD1E2422EE66A5A81C861E013E6B45B790D47D17EBF4AFA9407CF7C8D91E9B18FCA1572887E64D6205F5F82F9C0D0ABD9ABC81C3AD4FCBEE1BE494FA9262387253C75FE7833F4D35BFA6A5A753C7AF6A
:FFE02F0006DC68F5B2EE92E71C47962FBDE3AEFAC54FB712F9B0BE5F17DDEE0C6EE1E8FB45E73E23D968AAE1F06E626A40CEC15FE5E71287E0B9A1EF206063FDBCB508D15FACEDC1EEF61D43EAF103089421051CAEFE7F4015D0164A58692AA80802F777A998A1F867CFFEEE52E0A7F719383721EC9A7B9835EFCF9567808402973B4043B224911B9C2BB124ACEB8A0FA90195371F090FBC64B67FE9A808CD53C99139910B00BFC37FB3A185838FCD9CB0EC4DE7B6A73E47EC26F01D6EBD660753BEFBF7F22B0592327AB48CF16A86149192458D7F222CFA8B65C5A1F00E6C322BC31885C2667D10ECF0C6AFAB7A907884BF6A7ABC880292A26A8F1C8C3E040C939D5721
:FFE12E00876C6D6909B38D80EE254110A7B7DABB3B43916608B357D9D648160964269BA24699A959DB433CA92C93BA91FEE4C5A061AA03F05B8112E1229ED3A86BC8181BEDA934F46910143C5D1B5417C01CD0EBD23C70F6503344B2065C51C7F9F69DDC577597FD66DEB8D3EBA7FEE6EF2BAADB26C14A436F3997482F314D12A461D6FC5CE05EC0251588863BC8649F8911F2DB4646089E418ECB07752BEC5E85AFD7285378A583867BC7B05D87E997A59068C91B3DB4EAEE4710FA4A7D71CA80D643DD6826235036171F0D21C3CC31FB17E42EBBD509BAE9084F6AFBBEE1B6C1B0B8EDBEC635EF103557F0DA5965BCBADBCF47406040736BA0A880BCFA775976DFE71F
:FFE22D00DE3374FB7C80FD4A2C9A1486A080343BADE814895F2CB26F15C3B05A6778BF4ACE0ED19FADB88017E370E220B4C2B010627AFE35F65E1238D791F002F2A6C1D677F2F1BBD987357B7E72E24BB8E2B3A909B283FAEF137A5D44EBC98074690DF156B889B73CC025E2BA4B83B2A7B4E085DB8A0D40C2FBC7AF84687B97904FAA0954486B6F100C297F360A4DFDFD0E3F18D287AB5BB6F250B7BAB915E4535D5E4B3D40A71292522876E3232E6707056EA203E96FFB70F56CA191524C26B3307A0786FB4BA972C527F80549EC311C380FC9B8EE72A0DC0A46EC6C34336A75347BA8BBD5D4DD4AC8EAD4E2B202B55310DC5B8429A1CEF9A6DCE067F053A6AB26354C
:FFE32C00ED98996EDA82091CE2F9AEA46FD9F5936E605BFE99B6149C2E50B82691A24809A6DCBCF115D4EF2A323AE473B5CFE2D15733527F94FAD397C05101A630961272580D0C82F5AC5458EDE1F2B8C36A653C6C64D686DAD0F1BE12A68422BAFAC8A84E5F7C2EA33E3070E71A44FD82CF615129F313961F53192E65CCA365691F283475277A1794E0827CA492C60CF077F3B65BA5629DB8C26EF9ACF64CA216CC61A9C34767D0A2F017BD1C00C757D6E2AF34B08D295F71F612DFF21EB051FE12E75C66501CC07647A79234400FACBD96D6084F93E9A3F8AFDAE71A98B6AFFCCABD73D998895F6C90F9BAE139EC23C0C999C91084245E95D8DA17897A4CD1B9F6B330
:FFE42B00CB1AD0E9FD1B8F695FEF266B1D97FFBAF0D15C49C6EC74765807DC725A65CD09DBF09F0F10E6F60CB31FB70FEC4361068197B54CF5C457386397E99000D2C592DA15ED2673866EC547AFD84C79C91492F82F1172B29D8745346108963755FCFCF2B096E4C553E159655FE974FEAF72A754B5B2181E7C157C150C9846D1B5771DA1253FEE316DDB07577DA06277B82220BDCB4B80009EC571D558463FDFEEC145CF347A9EC4FF2C97433DBA01F4B6C209E59C986D142F3972EBC8D6687CE6B85806E58D04DD72EB0A9AB761DCC944D641B7E080B0982A98C5B1ED0EECA66FC2BB5E1783D258DCB7E5331E1E8FACED9F8F9D5EF6E4316DD74A9083F39A6C1705D5
:FFE52A00DB9B3CC538FC5EF8690EEE78E29A87D8D9EFB762B318ACD3BB5B4BF7A5654FFB7B079345EB410081B3834B9342B6BB991AACD7EE3C64F7D57CEE6DE6279C6BAADB6DD587CF2C92117B4439A71CD542F1F595531047782908653ACD505F911C6A8A89C5BD32E09F95152DF1B48FDE4061D5BA73FCC51FC3C3608E06F2FBDAB5AD28E495DC6349FB8495D481E03815A95F0EBC66DD4AB32F8BF2A712CF4E4035C4A97FE13CDC6D5E75EE613F7E88DA0A28718F61A65D4BCDA479DCDF865AEE364DBE998A4B51D851C782CCEA934767CDED7A433A12A2F327F0D6FC37FF25F801A081A6D856A06035C192AA4892A392A790D1DC234E88611C91CC2420140DECD744
:FFE629006AA15AAEBAB0BDD794168AB52627F1F97336C913F17C8C38DC2E7F696CFB029086BE2F04434DCCD5809CE891245B40C18B933D766CF4DEB0E32025FAC02ED9DADFE21FA3CF012574845C1D3D75C5E7CF6D22E6C0AB59C01D01A955E6EFCE2D00EFBBBB4A069987EFB5490BC244E97FDC215B22F0BE2B72AF14BBD2BB7C6884AF6C6F9BF0B44AFC526A142C59BBB7B70BA1FE1DF2670DB9301D3E71C8A84CCAB83DA1F894B9CB50E5E3B0A5B212EE2BFB191EE7D1D6C5A7CD14039E23244428C0A5CD6646275CC919FD5F1C9AA752FE9F33A038CC7538B949B09FB46C19946A8DA312CC4BEBB1BE67D1E8F5716713BC87AEF8D532121EA960241795C712E8B217
:FFE728007018F8B876D399C6270890A8703B4A9E290B6C50F4B2D4E096FD4672C7D1B413815596335821EA8424C0532E1B079F9B781B4A86085900CB2F2C743FF5DDDA03115959DFE53092D2A10604CA6B4E7D3F477EDBB1666F64EB07310E593E0096B801AC54F761C30D7AACB03AE6F3A677E807D360DFF3543BD4DD0ACF59BA91EF65B40E99189393E935F6FB468E16AB86C191AA1E8C2FB20E4CF031BD1A94B89945D3A71D9A8D1934DB7D21F0A02395B8A84E886BE543CC1420EED4EF49884FB96FE04A7F281017B8F1EB2DFD999A8AD389537AB6727A2779815B75031A56CEF60E6934DBFCF268C78D9D951DA2918AE50BD03C109B1A8644EA468A8B80E7862ED7
:FFE8270033F8C372875C018298295D4B9FFE72B2E63B029BA2283A180EF3EB86228FB8FAF26F3EE8FCED2C53B7FCE4CDE07C9D99178A66B7C185FD3072098358EF397DA597E7F606F9285F177EFE0BB7721374F6518C21822F95F53221CB27879D6E74C09C8EECA1BBFB77AFA2C97CA63160EE5AC7258340570F9EABAE89BB34EC97E64DF2DF8B955D3900B906CCD603062E22556F39B2B02EB53765492383E08B89583E08780ADCF86E5973C5CA1E90E8FA88E9C35702356EF6487B7F29E316A2670582EDC189E98C3767F4554194ABEEF1C5487F3108FE8611AC3C1D06038A40AE4B36E0CBB24E7AA0ABD8E8DAD5D71F5E7248E558D95EED9144E08D7739D761A2EB27
:FFE92600753E860342550004584F90A659D8A42F64546E336E297E5F902CBC60E222667E284EBDD5284A99ECA271E3C3C5A721DA2855E07194A456689FAE4FD97C586BE6D8DCB87D7B6C79BDAF91DD3C7E0625662EDF595F37A629A3B5155F6C58B61D3B8B3BFB104FD3770AD5E4F7013C7CF586CB26F7E6578CCCD3E936AEDBC662E17C8EAAE5FAD76089766B7F16EE97C759769A511B6B6AB30EB3C7A101F2DF74A65BA08D35A8D0407FC0EAD26F7D0A6131EB01274F3C89BF1EA9175C61B1C86B882EB968C06E2EF55BFD12A3CF52796B60F4DAF77AB5AE18F30C7F84086714B0ED78B127A52ACA545435A285167B5A393C12DD80CEBF58007B33A9644ADCADF48003
:FFEA250093AEF6F13645465A38840F6C4F53167022FC41C35E79B86F97D81360C5128EE4B3902E582C9B23EC862A245C276807CC2EB46F9EDE96BDD01C34EE115D3584AC3318FD6CEC555F2C3962F0BA3FE3FE9BB5E76E0F6EF8ABCAF013813C0368CCAFAA8522460643782B730B853DA03F2B614BFA500D05AF3CCC3E894D19F48D98E6644745A4F161FB4B8A5D057AE075844B5F7C3BE428A2A68B193AF96A568DEC61CEA8E0D64B5FC5D69713E455DF4B65488DC14C25AC25939E9FB4E17188C67252078479E86F806DB5D830895EF6D50BA8B5C811A8D737BF25C031E983F08AAED97FB125ED1542DE8BFD89D5FD613F4B048F37569A4FFB6B1392F3F06ACC06E97C
:FFEB240096950F6B96826F09DA131F44E040491ED433F908EEE7535A1C39356C8ED1C319D3C4415F959D381D094E80C0F2A3A518ABA9237381630A4175247C7B18FE2CB09AEB62D370293B550A3DEF79ABCD2A3D60771F37FD1D247F9078D36CE4284ADF2E242A591752B41BDC3C621ED3744049A633965AD8BF2FD50743B781FFC5C4DE51262998DF6E0F3E86BCB7E131FBB86B6AD85F3D199FF21CA2E930A847C769CF8254FCFFFD4935A8F4A04877A6F4CCE70D8A1CBAB7E6EDA29A39D16CD990BB87E634B68F04539AC59B658EFA952D12A975FC6BCD5AD7A6DFEF7D10DB0A7627CCFC4CECB0A1A1D3BE221E4CF2C7FF9B81A122854FE1973DA95B7B3C2649DEB4BF
:FFEC2300A4E0311DABF5E8BFEB8B964E37080DCA5156972EE8DFF2F37DA21557C0AD048003C5021F94D446FDA0A5A236C16CD2313D247DDB85CCEEEFBFAFA6BB05BFAE605A39B503F86D0E3D8179A4B89BFBBD6A0613C889B630E572004B3F3BD9AD467498A44021240C2FA00609F7B3401860FDA020BFF933DCBF1AF2187C51583F0FF8C1DBC53DA3801CC97E27FE7DBBD87DA98C3893CFD2443DE43271F8615790EA13E50EFB8F3CCCDEBC7936DAEC9114551A9BD5FDD3DAF03A0D64F930B68FBEE0D2F9099B94826336A2EBFFA09C07D4385213532CE65167BD46C4610CFAF5D643DAE82FDDDC195B9BF295EAF7FB4688835E6305AA3E7F0B756953C317F85EAAC483
:FFED220060C893580206EFC951554D68F6A267C6C0FBDC67AFD64BE42FCD94738DFDCC172A30AE681901CBA5E5C324FF0622B7BF0DA2F30D7F4C6FDD95A3766356596BA73E379F3DFF68DA8ACFF63AF99423944A51E7BA5DCC3A1BA1DF5D7ADA40035D15051A2230F0C3C056764F6BDCBB6CF575080BDDDB306ED5B0713483287C5EC84B8B401CD7CF492B001CF04E189AD20F5B41FF5CE88B307DFEA801F076411BD3BE330CC7AC50B8F07AAF2340C6AA763F85D521EE8791045C192066E5F6FB44788115364BF1ABF0C219E490CAFF6698A823859E77E222751D0FE908F390252F5BF7D366520C1CDE579B296CEB9CDC47B5F2F7514728D14AA5072B458D9DDFEEC684
:FFEE210076AD3D27067B2080024C5D0152BBCC8DAE19B05BA0DC0BB47EDAF288D0F8B50CC02646BEA0794E0F2CF85A4FD6FDF60FBA7C5F2482827A935476B0344821C2CF3CD5AB1A0D0D5B17B5A1F42DA2033B3E45CE6E62C835B2C77164F644C33AF4A52F55A1DD93FFEA02E73ACFDC401BEFA413A69CFDD3CE350D3AF3A2AB50E39038572B00AA89BB47088B2B03BA1BC0AF4B8B586119E18A6814EF66CF0A827DDBBF104908DB54B683A175EA608B1F58BBC4E7DA1C82F21769C3070AA431F919B73B7B2931B9B8EFF8C6C56F4DED6D24740315C6D25417115A64476571882B4DF668F1D86A9226454B91FCC60C21EB7B908BC113BF23D576E8A17CF34C57E4284D0A
:FFEF200072113D6D2DC20D4C3731755AD2A8357952D644DA3D4E4803A92500C50FD8A3056D7C47FF03C5436D6A41CD1CCFC4F435498308D571F47070C8301D28CA60846733FBDEC69ACD2389AB7C55E2560F93444A6C15ADBB20B0330548AFBCE331ABFD64554B86EC9BE7FF520DC61052E310052E658A32AF3A206642A0FE54BF03549D7C5C5E6E4367FEB3026EC6EC67F6EE6DCBCAEA4452E19E19D93F80D8D4FC499F286E3A2D9EEE5FDDA38C6D68D456ED8E91340878279A88365704F2BE55651AEAA3E201A509B6E6E72FDE23FB29AEA01E6B9A2C63077D535F61B93D9A1F0D7761A5E89774DB605C32A949698CB8EAD8059858BDC766E469313F8E2D196462C0CE
:FFF01F00ADFE5959D5F468F41F19BA2D20E03EB397BB84CF21E23F0CAA76D1A804AFC0CD4809400D9C48C4D853AADB242E174671D3F1E5629B30E792DD8ACC2299D744B3978F3EFE0B9B006B416922C8F334388756553562E60F982AF8548EE65CAAEC27B00D6887FE244B5A0032EEF64CDC3225D91FE0D34B8C7CD2FCFA9FB5E149997DDA73D335271FF3D5E3FB718E28A59C137EB49C979380BC74E465C6FCF617604F7FC313D6FB862C98E67AF166C3D569AFF443235CB8D6EE83861621BC244A24BBF5D477FCC9BC747A994BB5446F91EB02E2767E99A6126488777E83C802FBC896692C38612C8ADF8609E98E7C66927B6090DEAC4E08F7CB1F057758686EA4DB1C
:FFF11E00E38450DA58E4821A8635512B39CF3F8236D0746ED83D8114184385A341377DE1CF8D8667F540CF771A8E74774B6DF6A7BCC577C01EC8A088B5864F350692012A95889A51A84389A9445410B257288CD69DE22446149A0389653699E823E4B0ED4D8C5C6E88EAC5402048F750DD1C565AFE427F6E3B4532F134F06297C6B37DA93FBA8E59DBCA60252634A8E0AF07514BD77EBBE8E0EB49D861221CEA8C60557E74233D342C901C37E9B2A1DB4FDAE82D7BF5A10377B6A4AFF94303E29FF741FBFAEA94A449F6C99DC9FE328237FEF99E79141EE3847114813FBA7F980EDC15B8BB0A2CD0B56F1F22C71D7C60F14013B1DFA086DBE8DB38F217D259281FE9EB20
:FFF21D004725C075088DA9CB6BDF4154BEF67877801AF5F5BE66BA8DF2BD3E20EC7591387B5CC6D58955471D980223D48A9D19089747BD9567B48DE98B50CBB44E226B6E061EBA8AAB2613339690AEE6E5BBF5289798AC419B72B1F563E61D93D2C3008CF518205BE2EF71E6C047E6D6EB046171F830AAE66D163CBEEE0310D342BC1C3885300C20A1CB5612C3B69816290D8666AE65906BBBDAA72B0662213610018E6B3822141CDE69E0D69A58D20093E07E7AE6E83F9BE48A2F6018885B906A3A2682146A183AB3359B399B07C61D41D35389D7386C992F0B7262443C74084DE129D73D904D1339967BE0FC5D621FE465CCAF3DA860A285E1936CC2889EC37A70139D
:FFF31C00920E956DD03DA2A0DCF27DBDC86C11C2F227AD5FBE3044DA68B80307DF41CC832F0EBF5EC83FE8F90019B9EB8ABB606D919553F95A9304B68B7ADD3BC0EEE564678CAE2C1DF2AA60BB58CF30CC639F355D6F0F5E3AE04705555024DACE43E1B9BBD83FA8AA15021B5A4364A569A74B35ECCCFFEC94D5BBBD9A1446D89715DD6536DF379133ACF3A9379FF3C48D7E1D9674BB94F5BCEF5B83584BFA419E1379EDE9EA83A9A41AE3B4FC5E08D4DF6AB218C0AE60C70D40A7768EF7C11428E17F31EDACB887B45BD8CB2E58334441C0AD862614F05881570D8F50DD96352FA8311A803B7F2E3EDE1E2DC8CCC7CADB7395E8F3A8B9C9F90DB454694F74BF47CB5EA0
:FFF41B00A88122EB889DC46E422650116B1011C4C86046DAEBAE2A39DFAC324A0A8070CB37B3F9282A4D41D96B1A9DD9FE0E621557419CF515191943ACFCD9ED937FC4CCE1AE431DEDB51A6D55CD2AEDAFC039E0027D967B81BB682AE0DA155D337C76DF67A05EA74F43398344B304473835EF84403CED097841FFC779C4B3BA2A73FB33A8B2F57E2BFFA401495B33B0121786D5447B60EA3E4677F5D769B661714234E9B13FE417EE8C87D7D680BDC995757CFF34EE20EFE199D5CCD27A19AB3FF9F42E959305489E1034EA06D27F7769D57DFA74540428B0FCB53BC460681B64A8B8D7EC5B9D359FCD68BE70EDD431448F5FB508F4172171CAB6D02319139E4457531B
:FFF51A00EEFDCC238365959A87621481EFA1EB3E9669E55712C213EEBBC574AB1610861AD8430A31BB995AA1331D443CF0DE4871124918CF783E00CCB0306833D9E885CD7CBDFB5854B0B076AADBDD96288CCBCAE4790066820DD00E73FF235BA4500E03A9EB9C070E4AA09A12E3DC3FAD3E90C8AA48F3393BA95E4662F36038D70F6427DFF82C7F1769DFBD4E82508CD54C1DF0CE2F1F987814B324059880D31B51E9E8234DB15252C95284E09C372CF17F2470A8A309DDD83DB6DC49B8390DFF61DED6FAFE86AB5E3FF9231525866814B65B13E25B521DAC45D4C5D24195795063724E06B399F7197FBEB9EFA29BAD8072DE5996BA60BB8FBC62805A87121C86A4CA94
:FFF6190087232FC820C97899DAB703A76E0AFEA3AFE348B8446A937B12FD89CF0E8A61C54BF206CD1456A35FC0498D2E00A1219D98D72FD1CFEACEA54E5F8F4B8F058C4B213E568ED31BF385755C2498BD47BE04A4C26B5CA0D170F75782C6307F0D8332C93681BBBFBB1A7B59036EB743BC6FA214CA5FB6DD8FC1E206F5E878CAC4D3DE277EA4DD11876B5B2B381689C108C37ABD96CF5B14D3E92966B2AFC10E295CFF3894203081EBB4398511E14A04357307A09251FC436DEDD42B3AA422F68B1AA5F3A9EFB63FECEFDE4B836DBC4B226D44C7FBB0B8FCEBAA5216EAC4FC2B3B3816E81A75906DD29C9A0F7FF4864361AED0ECC67387378799C74F41E5ADC1560BF9
:FFF718006C2840FDB5E6859BDC8746D6CDAA17714D8C8AADE748D1855C656279B58E2FF62C6A0C7F7EB386837F7DC490A315476BE4548A45D1CEC41F0A7BD90E433985010E0E375BBE80A25860394F34B68C488D4B60410799C55090714795071BFB78082BC8B3DB8CEA27D9FA014F38591DE72F6BB68B2390B7D2663B80FDB81FC1AECE0C9CD06D149991BB672FCB2CE69259AB2603A5CC8F87212473DCE69E3D933D36A31F4B080BAB74A375641F16292A832DEB9787FC788D5B439C601BD76D15BC6604200CFE98A7DCB3D792FD02BF475D448330B0C898971C1D517C9A078DD946CA9AB8FE1A6C283FB95D66B6EE1045171C32A979746A4B8765B8E33523856AD14E
:FFF8170028E6EA47C73BBD225EB416BE04A7E070A757FFB340A99C5F9F9FC35E8429E5393FCE97E6EB604D5F5DF4D490BD2F262AEA94641BFEAC74CEA172C40FFA0490414E6010694E40E4F0DEF3BAF4A93A5A1957538C755E8B104EF1E09508929D4FA310637AB5FEF98AF1C30DEF1BDA8C981C4B5B91F63DD98C328BD58655F4CC5EDC5DFC220304B9686442581598BE6547F4F74A5055189139092543DFD6F72E1FC572E5999C84FB3786858BF7E90EFD4DB8680E39EEF29BFC42FFCF1D1E53101EA7ACFAEDEA7FE2201639DAE5F3AC026A2D7BD3160AD2D223182630CD00BBD6A5AFF90D5884104A1F15BAC3FCA326A9B3F4B5DAF4296723A8845D32F735FC410C01
:FFF916005451F75BAEA658CBB08127BD81BD07AEC7915DFF561D0E986808F64D2265315AF8AE359EA6173BBA2E1132D9A9C37746C307375EC48ACE7C6B3B8A24B6316E2B0E5E85963D45665BEE147A804DBDE72B5E4CA8FE21C1F8373FC0E7B5F78D1E9134CF9141755F8EF1E700AAA4CE2DE1C9A88955DBF6501AC31CCC5F9546902C546F4AD48524DA80D5FE854837C59AD1620FA7A770586550B8FBC2EF9A858C38D4B2AE1EF59FCCE55ACCE3FCBB3E0A5DC5D8F81AF648EDD538D8DCABA7CBD4EA912F035E23702F8DD80EEB25F30E00708149D44A3C924B7FE034FDCB849BB1A9071CF7A39096ED9C660A00165E70B5EFB05EF407E09C7D626AFD8C8528E5D95FFB
:FFFA15009ABA76D6FFA98A8128F7134A8E5285DDE8110A63D6E8CE3D99F158D31FC8A10B759DB46B2EDEE76198E2AA70DED75D4E64409A46557A931CAEFB67A82F6C950729E0B3DEAEB421745378AFFE8B0A9C961E2AF481719578E690663FA7E0C5A675951C1BBDB9CFF92481EF6DB0A1FA72F92C55DEBCBB5E9BADF4C2FAA19BF88EA5A5604BB1F3128057BED9B63D082B9BF7A69239770F64AC27C59EE72E631E3F75A7CCF69007B88F1384AE5D7C4072B56C14D4F039CC843F38FB9C827E001FE3D4FEC9D7E98CE609BCA5B293B98214D04AB23F07624ED4B8444249FE5898C43D49169AE51FB305F0F7761707AF395428598F36AA3D787EE2741582B0BA468709DC
:FFFB1400F60369E1D000DC69AE956A43ECFC7B871AA9E59A3AAD1614D958875D9A9AFD2540CE20A4FAFBB039DF0F61999B1ECC4122F22A78F64CFF86924A6A34C100C9ABCDC6C49D51DEFAE76C47D27E4BD21D4F8521A768CB6082B0FDF0FCCEB6616F8A47A19901C56957CB79606B17635A7D34B0CEBC6D05C54D9CBC3E43264DE7D5051803575264A47C05811D2F694E427F47A05495A05D696A17BD9B3FBD27DB7259F3527F8CA42A8BF23482EEAC17024A3A5A4653B8D5A4F3664F53A2743B42F0EFF37F1AAE286012BB091AA0D255E86349F0C684FF508DC16B4C26DB63255E6ACCCA2D7939257AB3ED3EDF0CF2C4F230873D0F466ABBB60A6AC486B7E9C215401C
:FFFC1300086B0A72A90F6FBE0DE2D2AD28E77DBE26A70BFB90FD150FE4D4B5E8FA56C8B9CEA16373000E776B5814FE8B6DE0C0BCB78ED7E76362ABD43EF869C556BB3A109EBBA5C6764DC48F63EBAF24EBF116BEF03902E01584F07887672FB97DEF2BDE630E689851210451E00E1D0369C15347B9AAF8588009F64B45974C2D4119FDF9958AFEDBB83332B4681A22D36CFFAAADA5159F4A3895EFB242900FC76019A97D2C3B2F5B08E10784BCD1235D1E3E5BB4ADC95BA99E67EC06EDEC8FA2B543C1A36246DF78D64A2893679DBCF080C7AFD407A96578EB871D30C1FEEAC50F9B342348F5E7A850969E012DA20F80979C1DDD1B7925FFFE566188235D8C934DF6B90C
:FFFD1200796906A8E3259961BB37A08FEFEEB808D3D77779914DCC72E64AF97FCA606EDB682A54C14EB2F542999EEC04067B9EAD4FCA4F79F4FD22DEF53DF82060083C5301D6CAA63D65F309577365187CF9B66ABD7CD0FF572402A503D082A405CE4027EE33BA0C0C5CAA7471F300CA4681BB627258278811EC2C402A7E29C06884AAB26EBDE3A9C3E1E8BD96B44D9BD077BF9346857A764E45BC85DEA42EC2BC6B06F280B1102F456644175B0F055A0C11E4F6B3A6D875BEB71D2E0D2CFDB34BF640E65A9339A017AD4837248F63AD0473A9CA78D2B46B31041DF9841E629CB81911257A6EE9474ADFC06B8B99F92DF3DE1F5AE9CEE03C25F1316EE90A0652CFBA63EE
:FFFE11003E340B4AE2A24BC69D92797FD064CA75CE2494C83A82F29FEE070237DD4A2D5FDE7C38D0ECD9441FA280E1CB5C09A5F8ED0C7C8AEC1C909C758C3B78DC91F234124049DCEFB8989E9D8E05E3162B8F0FA0DB270780CE16F1D2666DA9FCB85B6BA9857B98DA2E0920AE3E97BCF453EC0FA6931B59DFE0E6BF0A6B2FCF6EE0651D9E9A563EECC2B8C31C8CAA72FEF927E2D5D4CC8F90F39C28855C72A9E0405AB0B070D41E5AB127FF1BD833C19EA050F5FC99DA586A97BA7C6B53C31EEF8138B131C9FB69A065EC0E9A92FCB4577FAB52F461BC9134C6C7BC0D75C135A91A5C5C46F09F9B78B835B74776729B58F88FB62250A950FE562BBDDBDB2A6905222448
:F0FF1000A80EB8D24FD97023F7E6D971737BD4E53280858D724BE82FFE7CFD4F4B031104E0842C7CF3A919089E8F2230FD8D24F8796CDF4F0A7FC775C79C5715594B5B195C70D3F8817C4C27E19BEE709F20A2458B811E0B69CE4F4AB12699BB5F5ED0746B792A3FCE3946B6597D95AE5B8D162D4618171670227C06D1F8031A151DB77BA1095A4996D1AD2BC490B95163B14D02ACCA9DE761DC9EC1E981DF60BD547FF1E447E39A2E2660451D71EB5942252C1DFEAF19492D2D374016BD09A0A32E4A2DB12EA6C1F8E7F14824117A58253708CED3ADEBE71B2674E8E9937B0556C1A57CFFE639FEE581B3E8C31508D32FB3162D12
:020000021000EC
:FF0000006A992EAD280BD3DF37FCF09DECEED4646397C3DD3D9E048E8E2EEA37CEE0559F8419F04B4EBAFCF34BBC559D3D5C4D765F89DACFA192CB9869CA7B5C95E7DF272C6EA823CFDEDF8612F787336B46AC02D10935D6C21A0AC3D1BBAE63223491D34FE38A069F787BDC10CD7D48012D9F49B4A4E8A3BCA3E2686CA2D21471BA87DF7B9E473499B93A9E80E726B0C32D5F9D29D41B4FFD7413139A37E19B38E7E29211C13BD1802FC36C921CF88650C3BF6F3A916392301BCA125CB76AE0FFA17D6F161B30192AF18047208A36BC31C23B2344B3ADCB920865D9A12594AD64D9A0387E4D8D4AF2BC7A279ECE06B8B116CD4C73D47075F040FF82800713DF1414496C
:FF00FF00572BF46EA9F2391F9F21137F10ED67D91F7E76D4299724839396E7A93F8BA36177F28D3166598C403E035F744144CA8392861ACE2CA38FDFFEB40046B40D866383895AF44555DEBF3D9C39CE2660C8008879945EC2DAE825FBA267D3F7CBD6F06F90983FA936BAB070805ABD4903A47CC0AAD154EDA6ED4F5FB4D01A67FD2E1EFAAAE7568C675446DAC05BE425DC4CD03937C621AFD61B6626A5DF5DB55CFF57F720EB9443D18F3107D13ACF2B9DB110E07F7E5C8E1C03E27169DABFED46F335EEAB6F8F5D20418D8DC809EDAB3908425E1EBBAC4A79E0205196C91BECF840E8F7BBC307973BD621D9711A89AEB8B8B43A7822BB73565746BE1CE93E5540E019
:FF01FE006C770A2E22882E7CF0866E8197DFF188363F3A9DDFA644D9D2205A92CBB2579039FF19DEF1277E740C01C3FBC17F690694BE09F77E870046B93A8E8A4C8F6B0AF49A3A023F7102F2C0F763DCA8D0DBF30BBE3713A46426997809CF23282C64894ABBC6450EB927CB7992AC642538D33F2880CD0B5FFA016B743A0AF1FA0A8E7A662895525D01EED0CFEC218ECE73A57866BD65CB6E33F2872A1359C67DBEFC4EDE09BDB3696F10DDDABE503630E8E2617C35E67757A43A613C6B7911D408AD30DD51C3EA8FF93F3FB5A7197349F92803E0E8400BA20C0D083B1F8E089BE15654DC06CB02CE0DD7183F1FE9ADD16F4455212DD05055058CE36D4C73493FF36F60
:FF02FD005E535D3D034C746341FDDC0A42FC7690A406076D5B4F395CB59DDC93A040E0620A051AF326ABD0BB7E36602018D9C33972C0B9B22DE3A3D5BEA814DD379FD4D39CB123CE856CEA4FC648D0FE6C71D519FFEF8ACFBD85ABB1DD9F19D049EABA7E2E593FF68FD5F1B6EC8D8C25F4E87F998A5902D63FA964E23AC7E46BB08D87610F8A2066A2C427FE7202FFA2C6E769AE96FCCC4AD7788E5F717EBDBC35ED32A4E94AD05F4C610513F42A305A3B943337661798D8CF588AB2C9D1A4793F2FACF4D5EBF05F94C7FD10B0ADEB4B0A7503F0CFC9629D5BC8A083231975F90BEB16537BBA2A9A6FC0A4AAADD4932C488E5FA2863A579FA791E7DC6F9C10C2EE7EB3D0
:FF03FC00CE02EDD98B3CD67DB4B41F7B493B492267276EAEC91B416AB7BEF65E4242BFE18D91884DBC7FA9028C6FA27B18C5417F502A5BF4239E248369FB356CCC78577A3451A9C4F77C280860F8736144A4C3FAD971FCDCC9E39C07333B4F891C666B91DAF72B8443A258A76F9D29949A3842B284F9230EA27A3AC0F05030659CAD59951B04C32E9B6ECF9799D41DA6C6A68F44380F09FDBF26B139AC751B4F80A2F11E72038DB41F94B2F20D310CE4CE5A9D8D69739A5B95ADD97AC11504BE220651A8B664D8FFE8288F89CDDDCE2A1FA589BA0AC3CFA048E405E183B97DD8FBA65E5E5E79BA1694D02A355AE4485FE775FD550FA17119688D1CFD67170FFB6506DF7D
:FF04FB0086D92942902BB27AE87186C8C2501A6133A184E3CB08B72EAD8EC5EE38EEBDD78674B119AA612B8351D716F4A96D7B5E35FF51B7105A7AF04F6320D56DC105354EC190606A290FC8D41CDDAD533E793D0D8B666DE7D9ED1E19C9C4CDBD77488E0F205367801B66F532DD2614C485911906ACE1CB9F07124A409821FA620E19C833C2FD42C765E78E77961BEC162D999DE2586F65DA7F9E36B45B77935345FC74067B5C2F51E0A8EF6038BDB855AB575B15DFD2B61A39D46AE277A70AED7643B0D93E33165B72EAC78FD319113245EF1172F54E0B39A2A1ED1F45399F2896855C6033CBE9CE97681B97969E1091A71E701973C170DF2B6B2CA9CD0E7DA066B79A
:FF05FA00EAA9FE97EBF8E8F93C0E3BF62CBB262BA0DD03C5A6FFFD8EB19C1AECC142225B5DC49CDACD13F5CD20C833AF3B6BFC8B0C615EBC37A36BCAA90618681888AF55C4A0EE342A38DF59FCE8C906507270C629F997B6460D6E9F3A89EBECD67B5A4ED01C37A65AF24A2D61F6793D56F1D849FC5ECF72938CC5BDC5961305CC09D834CCD3469DF1706CE1FBFD91682FE60B1160DCFDB27D8B748686F7F8BF5735D638A6958E4C412B65AC196DAC10663BEAB041D604428620FB612189462A37EE8A86254187BDC5C757E91EA6FC6ADC5ED4AE7FD3A14B37A4ABB0521E464F68F0667B002ACACB120893488CE6FD2A44F3A2D99D2DDFC62AB0BB088C06DC98FEA4E950
:FF06F900E2957705DCD5FCD85CF5A0EE3A982857F56CE9F4DA90B39890113FABF5D2BFADC08663874511ED92935369B9958957AB80B8364879A7C860B5C8E4B6CF037EE0CBCD06DBD48C01D5F806B03A2E7FBD0EF3D9D618175DF23DAE221BEEE2F69EAB5461415D69A289391E26DAC8E0751931202CDAED6AE68F0CE0E19739F8936F28B342A773A7A9CB8BDF1734C1FE2995B114E354D97CA237634AF965F8B0FE93C129E0B5848B9765F105B78130D86F57528C8E68377AD037DC38283360D3913B944AB1B0F8CBA9CC69B6638B448CF186D1D27269A6EBC653BC59FF8C8C2D522AE55CD26E151D18BCCA0EEB5F3D173F9171BD07A28D3F2734AE1517FA2E57B7414D
:FF07F800AEF4167FA2FE8F8A78DF5BF90829852BB92863A2B3DB5AA7251DE2DA79C12A996744E1787A92998CC2E0160CEE2FFB234E5FCBDBBB97E758DED77BA06E95D6336AD37271B3FD21C9B567821544175F034D3791A2335F49C7A0A6414AF5B27DE0928723D17E98B2FDE61C744924F66D618038698A1BD2EC901BE21F349D727C44ABA812C0903CAD065A6BFDDDA94FDC13F3C0CF64DD1A8A231E2B4AC32F3C4A87D41DEB0D3C6E7B4221266F871DADA17837682F257C20F9347B667D04BB2F811CA73BE03EA32E51C3551B7A52F0E52D76AF2132AE92D673785FD312B1C773ACA8F6145481308C111DF6B65A86186168BC2DC0F8EC4853E701F90B22E6401813E7
:FF08F7009BB51275A6C4DA723D6EE195AFCC9EE4D905A12A1E60C59712C2E8A5A1AC01539203B50A9963A80E3BC458F21560B66078E4537239407049A44D77A414D02E568893D0DB7A0D8B5D321040E241F28DDFD4BE3100586386CBE75F7EFCD73A5953D69DFEF1E963889A42ED1CE76309A7A0180E1498A46D31D9391701F440FF6C464432286064D67CD258708A01862BC2A4F4043F706D02414D7AFBB024B437005A4F76182B32FD1C59FB560F2E63B09857B420CFCBFDEB9FEF83AC4957119CB0230AF84862947302953BEEEA131E685ED75EB9FDDA094447BDBEC41F94691F62468BC09B12913FC1D31F22DAB9B7D048143742477AD8EACC52D4B9381CF97847AF
:FF09F600F0E2FE6B51BD5D3A44FB6B664D045640BDD7C4179B2AFD6F54B45AE58F81AE6567F6A0C75D1B6C1275C3631CA8C120EDA7E9B906CFF83DE2F2AE5BB9673E656853F437953024A6B5CB2520C05632680E238A7BCA5D2162E4334AD1B635293649EFEFF4392C854EDF83B3901EC25777DD7D197F126421DD986F234718D6BBEC864B4615D589FB7C387A10D5660D40B7501EE02644865F2BAF77437A84FEF89AC421DE74067C888FE533C17CA1FDD23B4C5BDA68FED8FE137F1524BFB66B8BF383441C73ED1BCF9EAB0F94E5C7153C79CA3FCE09E16D0610CE3FB84AA0D50C01ED42BD03CB7F40B84654BADA5BD3E529B98C4A1F63F8BF7EFD3863CDA85646E4A6
:FF0AF5004E5DC82098C9929AF3B18323C8907ED4A43F1596613215BA0958C179B3B46EE98F0B329E4D7058C007CC27E76E3DF1B240183030C9D8C60F53F6F13420A296EA54923E2E8A5BAF68EEC0F8DE7F20B84EE4E9881013BC29BD1CA1DEF77D9D9C172F0CA295C4EABC2749952ABAD6582A5C5F403FAAAEC92A6453DF64A574AAE8DBF618B6E361EF747FDCDA22CDC4FD9C32E86E305B8A69402133F5AF4173568943348998EC687CACD4BDEFDF82A561329470DAD3E796CE62A53F3ED27E3373D7C060C06210F941A0CABEB25CD815827E79B41AE2274B3B9286463884EF213D6AFE083CA91CDEA62F4862D97BE0E36DCAD7EC58B8EDFCC947C8486A469E2308C7EC
:FF0BF400759BCA2333E8BBB53D550D861DE7769E1A4F8045E29BE5518D8BDB9F192ABC3BB7B46DA7D02CF896EE47BBAE04DDB197B5959B7A7C1D0B5F8D9A14CCEC0EA5474D0EA4BB3925B756705D634EC45986B1900EC431354B696F24620208156ECDE0B8D7D38E36CB93929D2A7E158345E596B17B457B4DC4092698746475F28C0A97717666547225F73AC8A97D3B3A47634D77A9BB8F2112002343AFF57A7ED929EA97310999894056FAA9F609446FE0702FDA1CFD64EA559D2EA6837C8BEFFC85634BBEFF0D2DE76F7A84F51345AEE41DBA66F1646ABD9F0689A950851FFCF77EDAFD11B47212A79E82C3D285A18D86C1CCB8FFF582A9AF9FFF3A4784B4ED3291A4
:FF0CF300083C7F85E18F37EF08A985D8DAAAE2F97A0EFCBDBD02624895BB076C369F979DFC450D04373006F8A010ED79F29CB3318F61528527CB916FF21C3B0CEA0F058CB3C2E8B49047AB2316B126CB7AD264A0A4D93CCCB6825424970C8810A41F6A6E3A110E47FBE447F393B18090F1D9535AB7CF3D252367D5959C497004552A20207B1E63758C80834B8332CFFC58DEDD3D24D8DB6BAF05F738CF2C3ECAA3A2C938CA4B7B35A25B09BA6E70D2F08B7080999D7C3BA4E44C216984AA2F41DF02180F00C48C57D2635851F83F56EB2F2C1122502AE06CE6C6B1611481DF1584387C24AD6A6E54C2D6749C9AE688974BE8E32BA2E0B20C9DAD765F296C08DB157076E8
:FF0DF20033A29BF95897547FB59ABB09AE61376A9293AAD4F47AB4AD5CF286F395A814F5F4C62138E190AB97EF4E958D7346A279B4F0F359F5662BFB6232CD2DA69E2570856A5E9AA391116E3EBB9AD1BD1119CC5393D61F41FA7622CD944C095D271B3D2425229B06E2BC8C0C63E2F1029F636B9B37FD42C9850793CCBD87CF3D29A82C21DC8E6D85566DC5A02331E92719668B2F9C88D2FEACE3D16A384EB9F62077FFBEDC0423620EF6F27859FA95E867FE9B0220DE3BA6128C8B968D6C5BD70E3EC3CE57EE39176144FCB94272AEFAEFA9901A97CE79DEA7D5D0EA4FA2D89B52EF431A9A304C43788C843C4FB21D4D90AD34426D1EC1B3EDA0E97559C49E0C4E74D7
:FF0EF100EC16FFDB3612C53192D036FF2C65DEC50B0AE6B7187C0D12F07D9D831304AFD0CFD447F4F30F9CC7BA973DC2E6C764504DB48C00259D232660A9BB6497184737CADD3128934422EF297CFB86183AA59B78A39765B6152558A20E5431505C824BB2A50956066876CC8BFB600F243C83C75CE501100B8E757205268D489C798BCDD05D6C02A88109C96C9C1B5DA56D6F3A504D8C85B65734947A9A000F7337C5FFFD1DD0B4464D33C70BE215A8C65D3EABB8E86CBFB0331892427AC5AE991BE215BA131795B53C74A744BBE0BC410E55F5BC8E2F7A9156F36C053F950B402C6F48BB84DD41ACD909E3981EA68E7ADC5076673A3DD3A979113E8BDE16E712A3DDE4
:FF0FF000EA2B6ECEC3B7A862A04C5E646C03002BB4F06CABD7CBD29ADF1D3DF1F4671E7ABA036074730C8FA5CC8F4AA688E86382F75224BE37BE5C53761AE86A665712930137553AABD02E7D787D71B0DFE7D793BA03CFF93C01BC61783AEEFE883B2236954C7E3D23C9EF86E4255696BE0138AF9DFD323F41A1BBA7CB4A564EEC4D7270C1CAEDB7327F5852859996B34CD91C0BABBD1F667A40089F5121E55836C5D7C454E9DF63CE5B76A3D1DD2DACFB9B82C687446EDC653F399730C904BF2294A29B0A8C831814693C49CD352F4BFF37B141605E1C4E24AAE4C9513D25138952BB5453BEBA9BB36AA8F464AAC06AAEFE61D5D7BA1119AB96A82703733364982BB2A4
:FF10EF009C28691F16FB6242F19F6CBA595C886116DB7425B8D3EB6646F6F38A8D7266E8C5BF199320055264CCA8D134382EC183C1400FEB49DA733D539E64CA6ABCB0CA3B61839EE3414C2FA085DC9BA8AEE791232FBE8C605E7C0688F2226CF1F682ECCDDCF9FAF19A71AA805C18402351E91F262EE71397661341CB462A8A6D5E401EDBE06C1011574717ED690E1CF76ECF706D767C70CF220331B5D7B7B440FFB21E3A6DD2A2B1FB5932B8C02097790FFB3FA826B3ED0B2819CBEE151727E920E87344A9712D2F206D6E506D751943B153B2E73CCB76F53593E1278FB7B3DF73456EE10100DA6385D796AF5E4C44F7FDEA8DB3280EEBC08CB3A6AC981BE47F413596
:FF11EE00CAA6315B9618477BB3FEC65B7D5922C39C73C3FBB14C41607782D13A2A8E3D87AACDBF1813C0347BF8B51EB89C226822690CF58930A5164072B013534105536A97B2F2FDE8CE75AB6E43E5132BD8A6E194873D6E51D572A0510D3CDB2F4BCE61AE7BEE280755897E980DDB7867EE6E655AFD7A9D4DBB23E62E94F8BAC12D4BD606FC8EDCC347D8FC44523E65688556E1375E55838C04FFC6C2E5464047A0EC7208488424F97F9D08E3673E1B9729931807DCADE8635A2BDB5738090A2E5F4ED917F679DE445818987E26925F1F86B203B1FDE9D670153CBD69B97E51FBE0DBB950733B54AA552E143B0881C52BAABE5747420233EA69640FD54B88824CED83D0
:FF12ED00CF3D0552AC18C174302BAC8BA86CE7A866F057CB07320AFD28ACB9B029582013ADC20E643B404F566E21765CDD216662F6AE7E54AC064B36C80C9E3C5248966C3CAC16D8C1EE081A8A20E1544A05BEA2B3901ECB36A823927FABDFC874766FD26B4D620A2106EA4C914AC3234F6CF2EC1453BACD113AA396B140D41F95EB753EB61AF80C0F35391AB9EB058F52E992EC083C3FE6F4E64F4488FF5449BAB779020E7C2179413ABF2B37C413644243A10BD15A6EF28FBD62406542C8F16EFE8584D23D7C840EDA0500B3592C188E461794ED03F3D3FF11A299AC9FE1CA6B1F3F24948F40448264A5D1765B1F67BDB295E84239EFD7F138B57FEE9D1B858F4B44C1
:FF13EC002086B71CA3A68ECB63CD8E9F1FB7D3B92E1B11CAE2E8C4BD1ED783FFD5A9763FDB5D7443EE5658A2A922DB72F79F9A5EA25A4DF3029952BCF3B5F60167486F081ED3F5AD566B55CA4F6788BD2516C8FD0D1200FDF677DEFDA0ABFB90E7C69E55FE3B6D26574309C854CF2A3778BB616CE4D82B77FCAEF91A92C52ACB8683175B9BDCC3AC6384432384309609E6F1598373F984AE42E6CEA4A09AB1C38F919AB1C8A55CCD07B27CE62E0DAC46F2EBFF73105EE42A5C06EF108EAD4AF803E9A732FA57AFA0DC46D343045929426509177F1D716F8DFECF10B17070AA115D6055970D101A09A6867DD254C6A0C5AAFE30DB44A23110D92822C04540803639607498
:FF14EB008B67FC771838B29BE0154055BA0DB4E91D928F0DC52C7A2F03880DE429C25E311DDD564B51048F77612E65529095C1A1E106C62B0DAE4350B0ECD75F371B4DBA6E7725B8039AB349C367B5618E3BC45FB33A9770A6A7B47155A75CC080BAF04A8A494FD1959042BF67DB7C7696F10E87462F3793B22710FE1A054449C6C2C419901C7A029F3A598A1859AC92A3CAE1B6FC2FCAAC681B92ED68BE6CF8D8072C2D71C29A6724D92C674E21DBFB18E1F8D15118B71B40A1A48DAAE1928768063DA93C6F26F9EDDF84D4AE4AA1DB5DA510EAB002B1DAA5EA963383CDED97D347675EED9356A77860825F1ABA44C8F2C5FEB95F9DE5AFBC7E7E14D35F3D41A2CD2633
:FF15EA00DFAFE3D90D13DEABD19AEC87BE44E8FB776E95C425E916ED6CF2968DCE070673EF864356C83609D4E3C7025954628ED3D42E4ABF471739C8AD553DFCE66FA864AF8E09CCA320B187286266B7E9C159C61AC4962F9D7B455EA6F2CE97B8FDB89E889705C9090C5BCFBEE40FF15DA1407EEFCCFED4A314BD67FCA8F611AAED425B185D9BFEF67BC9B59C6FF5F1B97BCDA97EF94EB74A1B628D63071DF1EBE938F58CA7874A3A4171D30D57865F78933C0648FB911A43BAFAE5D44E5BEAF2F15A320853472CA791CB6AEAC9E718654EE3678F203C4CAFFE1ABB162C68D7C59808DC31EE2DB691BF5949A5338D40ADE90B17B738644A759D2BDAD6D9BCB76D10AFDD
:FF16E90033D5ADB4CB56F5583B6DF1E00DDB62BA79A51FBEB0A1785820557B0B7496DA934D6C62C69C680C3BE568AFC9D53DEE3B764D139F3A657867AAA53C721B9CEC2E99567DAC1D476780851DADFEDF970A40C063003DD9C71157B1906E5C359EB7C494C8D9CBED062CD75EA7719718939B91AD958E4702F0D754F05BB889B4E1FCBF383B50FDB8FFA3C92EFEE0D43AEAE75D86490020F5320F511BF2CF24A3AF3324CDA162D747683D2FCE060B59E134F5E0DA7CAE3D7BD224B58AD64A29DB27B7C90B3CB6E3478E7E3990380222311FE87CA1E688521F280C4C1C1E09210EC03C75CC7C8644DB00D5E4BBEBF54BE8E2A8C09A27C4816826C35806177ADEB48F2EEC
:FF17E8002E4ADA51C15E9C2119EEACEEFDA369DA43224630BD6F4C9D9EC278A9E83F6743C1BB6158955C826EBAE7A8DB35141DB404D085B8786F280F6F4357EEFDB742EAC7297EEFBC14AECD56102524F0F3CF50B18C6E6FFE0908F6532E9312151D9FEE97507D16D65CE5A65963929D6D81F85DCA7E7B7917218E10871592911903A27B2E6523ADE43841302FC3EB5157EDD073C30F1DF0380AC1E0199BC4782FB7C61418747C3B7E2B954FBF19D0A2215DE73F873EA37CD2BF3748EAE746399B72974510EA374C4AC122BE749490D77C6C1091A15155BFDBE7F1FB13EAFF556C33068EF5991F0AA0EDEA0DC98FA9FD4B8C739BBA989CA513C61C062C6977B4835BEBC8
:FF18E7005C3B47CC1F5975B75D6C47DF83624B21771DA07E4271C9FA2FA70BFD490B609FF279EF3372B2F8061135CAA0E871C16B708BF0BFACE6A9A74D7CF925774EFAC21795504AE8149345AB7ED4246B146F55011ADC16B059903901C6A6EC28C7844B15684E08D91286ED885B9BBF008050FD4DCA0C9ABAABD83C854BE9F08AD89BBF8C165D0383732B78503C53444F653E4D69EB34E5A6F44B5D156B8B90EEABE22890603074A6C0AAE536F1D6373C515A6FD29E9B72333E708384A5825F2E03667AF287D155CADC2BBF335FA824775C414C898D17EAA216D45592B9C56D0AE2B4EC35D24EC551C8C23F8B3DE1ED9EEB869F05EBD51D7950C796A75B5588EA803613
:FF19E600F3B28C34451250097392FB3BE6D1F845551A5878BBBE149ABCFE840CDF6B67E7CC13FA41D3A107DCA91A43FAE61EF68F6ED464DA1D4BD6E59841D1AB822734812AE83048D6B6B4B1F7E674B30F7F7402E0ABD3D79474B7E2A8F196F274F29E0D6BD1E96E2465ACA7943C6222EC91DA322CD3C16E118390BBC704064A52780604FA706480DF0776512D8D8AD4C8E2F289E5134EED2A12C40A113BCF72E93452EBE0E8FE773AFB4A9482C03BC2326AA3F7AFCD2C4A7BC38D56CC8852257BE29C9A97C9F951EFD67DAE1286858F4EEF37F9F07B5CD4123F580A362F6366339BE3D0C93E2B8D43B138DFC25AE4FD93FF10E92D7FBA3425D9DA60C4BBB94AA9595910
:FF1AE50031DE74DC805BC432FD1CD597235B6E9C341F9F71725F99ED16BDBDA60997F51CFC7E4A9AB93D4B0D76E274E1A226779E8E23A71360371A08427647C0EB337E96F396BC0DECE4C9E659E131F6B92A6AF2AEA526A7EE0E327CD0AD23B6453B83C9979AA7E68518C507A98DB059568DAE51E6F523F2F2AF1F48BEB01EDA90E0A13DEE14E44F66CB7FFAF8E4166568C398E4A7157ACFDA89AFFDE860EAB4A4C186459F004EAD449676BFBEC17801354B0B0F481BA4E9A0F0573750BE985746F23A87489306F960622BDB3D50E2AACAD0D1C236C937501F431691E971D3E5C58760161D62D9C58B3AC5CEC249AECD14D3CA828886D718AF57AAC70DE1FD97F30038A8
:FF1BE4000DA6A83F3C338B387BAEC8CE2981FA8592D6D8EF326C77905B68D5336E1A97650AECEC4755577CADBE0BA2E8162037874D0AEDBEC08D9B1DBB99D4D07D900028CD27CEF4B7BB2286770BA307DB64E27735F4327510074FD6C3A9D1FD203754A60F21CA925A98B65B66ED192F439B39F961ACA4081D247F755DAC7B0B0DC26337CC27EF93051F6BA86E203BDAC06724D64AC7198F63D23A6A6DEFC53EF0B9C82B36A69A240C99707F1873CA0F9784036FC5AB4A6DEFAAFA5A2BF747464404F97B3AE0CBC7B0EFC2CAAC69EB6BC06D3CBBBA4E54582FFCAE96D6DC9C560D954C5E574C8A2E0220D34DD741536F0859FA6EB65D34D0E6BBD2F19731044BAE0B7355
:FF1CE300E8B64C8ADE62CB85A41F23899AD4BCD9FC89CE4AB21D80D53EC02C8901F9083441302FCE806A3B77F83A3467AF17DE6ADDD2C6AC91EF3DEBE5CAFE2F9DFD29B05006AFF872BDAAC0792C809C33ADA6C0AFFF1F1646D4A2C9BAF8D94610510E92AB06EB122F52E59228004900FC5411E6133EF9AD9A27D1CFAB94DA68440E222F15FE3F5D6A79FE3747230C26E651426B5EC9D15D8B982BF09A56064F0466F37FA95C474D4346CC4B2C8EDBE8BA517277F98B3AA42B1A9F01DDA530F47FBA64006390F2E9650E1C877E4EA557FC48AE9157BB7B1054E04D335C7F13CEDF73BED5AEF6C865AB0BF04B1758398C8394E5C7F19971C527E6FA020D813D6462FA31A6
:FF1DE200445F120CE7C17E1FB4B22461C8FA3C8E10F05AC32A06283A3DA4FC4DD3D74DDE43314AB40FC4AEF9E0D2EDC4EA069AA6D99511328F992EBD50E9A0F668B2404E9D1E10B2FAAD2493CE738CA653C47111888044252F5E3E547EEEDB96F5E48E69B6764E8EF477C66573225F16B547E639EF14D4C86EF5FA46CE7447D638169A8BAA08AC0F4D24C9268329D0C4CC9883290DCE61762D49DA8C15733F3E8B72118094C467CA5979385A4208E94A04322B0C07B1A7A6A705A59B12CC1F54ED34E2C3F1B25CF66B4BC8AED8D0E60C096FC139FED43AE2AD112855A3A5080C5150C6D76FADDEA5E2B7A8DC45273919699D843105AD389C66FF3E70D0ECB7A64C397534
:FF1EE1005EB160802EE3596448C11389E8DD8286F0D4644C62D10F7F3D89C9A702B57FA1791471CF6BB859BC440BC4D8C44BFDC3008198F518AE2FD76758614F2FAFE4289E47BEE8E1457DA59847A0BDCC7A545E8B451CB1858AE8CCF03260F2F744E16573803FD37652ADEAA618B3E719655B50CF0F2DB5CB8958E0B4DA2BAB1CE9DC5489B7419F24B6179B44106F650B32C98FAE64F2C07C8AE32958B8523E80B8AA3C9797DD21866663C73841D0E7DCAE5A4C87621714668E8E62C83F16F4FCCED0CE1AEDFF4800BE0E73268C7A48330C07D73F0D9B59D101B842482D921159D5F1F9CB0D6868F7ACF0DF510A4F25B87250C5F98DD81C75743A32A3C11C89F9209D59
:FF1FE0004AC326692B04904E806876001E8B725CCB9D6EF7E8BFE3F2AE25A1150A2F82D9B0141BF558DB84BFF0799AA3F5CC73DF111F5A2B84E5E10C00C45F18A3A61F842AC35524689CB094C31CA7BFDE9B3C382979791E861438B65D0A3D62AF6F0333BA7CF1907CCFB641F4C5C730F45F655D387FCC4CD5294FC69EA7246131858EF2981EBF67518DFA1EB0337A5D7F021086A4409ACBB22BFE350B0AD543F11BCCC57038E34605C6DB841E4E3C84E5D2D82369B5F84C5E4B9669A546C5E0E828522A11E1D696ED67044C98D22BA1DF4C762546ADAAFBFAE7A39269A42FD1361DAC08C20621A3BF2BAE605077913E2A5B15EF303A8513C7C367555B30DBED9082BEBB
:FF20DF00A6EC6EE2AD218CB52DED173C005C893CFAA2F89362E10DAB96C61037ACEC6523BD734FA26A5385EA93400C41E0D04051F7F2F7F0AF2FFA0C76680D583EC7B3DFC6E2396DC19120FC25E2D5E119810C5BA07AECBB62D823D2D44AF393F27537A91142C694E1733EB09A853C9E7806717B6055CDDA4B02AB2A958460CC21E23ECA31F9936B1C2B9B14D3F830D9EA3BEFC5CB302687224F9804EDE26F4B6C2D055DEFA2FF1060C0E68A806A164311D8FCB688EC45B95A630278A21250DB36AAB47747C7A39A0583BF56216002662AB76FEFCBE56C368B21A29F1814092908AABDF5D677860257058D02D2DFAB9ACEEBBEEE90D0E5D406EE7A97AB731836F927C5AD
:FF21DE00987A4D47C2B751129BE4027B3E5F362AAFCDF14AE56FF4CA8B63B706AC1D2426C4FE8BA8413725E22B4239F10453C3823B1FC22F1C188EAB1E103C1698588E7322851BAC2B2D5FD07203423C1F1D6C785CB6B3F5E2644B6959BD1B67C524BF24C4F17BE3AF1EF58C73DA2B7CDD3024AC3E50AF77DD11A5B7B7F97CFEDCE9AF03DE0AB5E379F44AD39B48F3330A0303B43A996840B69FBF22F3AE10F1270E1BC77CA4C899ABEF5455441C580EF1A7E7513C7C7474A878EE438BAA5A47182497637D0311493210FE51C7C9D497073EE0D9653D632AEA7D2B8DB69819CAAFF43BED11A2759E3BC6F8F89FE10A137D0DFCB4F643B790847C5D38A3DB4AC15202F782
:FF22DD009D88979F8BF1B286CACFFC2274A8C39EFF92F03848476775D66DF99F2EAD5B87829E03F641E052705ED87E9FB1DECFE7F16E3D6EC69A0D99E39F9F5485CB16BFE72558D5A454D990DFFFECC58F6720DDFF17867BF76D665440973E8827D9B5D17983740A2CA32D1109A646A36C67B232ACE1B2C64D61173F0974FB65F9273FE43949F42B4222C902A456466FC5F53FBA550AD62EA69AAB411B060DD2ACA3ACFEACCEC93B0046D918576D05F315782C6D0D53F8B83665704243E1BA8811902BDA6DC94546D94EC6B6886D38C2F1006C227001B7DF8889EC11985128FCCF055AE21F013B4C955F51471D584F400A477F5B925F14AFEA6F73B0B6E6FE3B74A52EE6
:FF23DC00AF4407F9566FF3A2EA8C8E4D0740EDE3CEA63942DBE615D5BDB50609D173C98A9029625329E22FEB94EB2C476313126A41ED750738DB1D76072E49C02FBEF9AE514DC280A173BADC2B98A3A262D0264E7839D8E030C941CDA859497961111370D7882A7DDA66F9F4C33FF94887645BEDA09126F9FCC1A2AD5D3EA9C543927D4B52CA7A4A8B59C5D793BA0A8138961025D2EAF9981A4888A393E8C6E84BE71CE99B6BE95691F535D9C35D1EFA16B85E556CB05B98694ED1C418C578644973F4C7BCBDAF486CD9FE263309E9BD868146CD416FB9F918850E73296ADE2242B85D9112C93D7A49941FFC65B6138D75BA4BDDA932996EDA834056E5E80CA99D98F776
:FF24DB00BB62F37C8A2FEE071BB7CC2E6541A157681ACF0D0C3EB4BFB710C47EA879D1B882E7B7BDAEDD245A6268C43BEB891F3B467BE4457E485AC700353501C3078877130D92EAAF16EFDC2277921E0DD6CFCE86670FA1A2F20B16D79CE240AD5E26C1EA89658EE741C0620C1043A2D347C7036C4A34274DD1E93E7DA6E4190B33DE90CDCDECF29CA936A6FD1F9D3A6701E56EA8819934B7ED6637E4491ECA11083BFFE36FAF060819F1018A384330218F26CBF3BED3A65851787DE3CAACCE40E8815BEF954569182AD3BA84D78E6735564262D1920F284F9C7028FB1E1FCBDED711491648307F2A418A9D57311D553233EEA560247C4C755FF8886AFFFB532CA03627
:FF25DA007A2CA7BDD06A6C4D7215F874368B4AB3B7B9CE274761D79CCA8298BA4F382560560C3C34F48E986C8864FBFE4556E8295C0FB3EF2B702315DE46E0A7746D632130B1B9CD2BCB9BA64CAB39FF5CE6ECF6D4F20371CBEAEFD370172D6C82150006713FF108B038CBDCC74BCB5084C600245F9E261BF1B53B833A9C9E8EF52AAAAB58A072260EB6C080B0758CBF91E838BF342476B2095B39870B7040A0900D0B4A9FE642B05C99846BA544A1F00DE3625AAD1E162DF9BAA493016E62A014E29E8B75E9BCE51DD4D5822D73134221CF7BF049F9F62114AA1C10FBF71EC9385FE4413E2AC22ECE4797780C246847B36B3E47457BEA54FF80AC5AFE820FD4AC169FE5
:FF26D900445043526FE7A3B9BEACAC9E57A3F73207C47BE0E091979DCB58BCB5A76DB2F4187E9880FCD911340D8E1DA889C1C3B5E0422D7C0911307193AB943259384E4771230CCEC2E079CEE672712271F1C908A0899B1D3BD7F85D9945A96B0C6991C60653C141B99E08F58DAC126D525FEE654CF93BF723DDF10ECBA381ACEA4C598BCC57973B1DD407D50356FC1D08B09E0C23BD5798325DFB45F8E3CD2E40C0F2A6ABE84167FDDEA23D57D92D2A8000B3D3DEC160A501E464D8D3B18A77A6D419744FA0CCF292203C6A0540ACA57B82F4C2DD099C22CFD4497702F2DB6B0FB0B29B1E285BD448ACC9CEBBEF3274668D64199763E9B3C2A6647D2E66305746C03884
:FF27D80084912C35CAD7D115CC2030CC0C63E8708F039FB09C6CB5E444A776FEEDB59CDB88B9476920F0854CD4ADD8292601507E7E6DAFBF95D2CFDBBE80DF3828C2A1C13DCE06F62A27A6CF40F50A8E20572ABFB09A595BFD44C5B99A2CA2D04D99DCD60E4C3ED2CF2AA1A85E8A58BA85ACF7418796DBCC00FA2554F09893EC76CEFB129B0B554F5192D62A368631BBF2F00F120BD9EC016C3478939B14BAD099FE981BC881C4C962549DD68E429E958491C711CC27F2CF8D1AE69D60B8091ECDFD4D1450E3EBF8473A0C11B086DFFADC74E559308D3BCF126EFFE64371C719FC12D5E2F19A27604315466371D3B4329C1865FFA75BAF0FCAEC2F02B4074741BFE98F89
:FF28D700D0D25F2D722BAFF80E4AA16F4E6360F0BE7791A2CC52F7411CE11F0965187EDC17183CF123D2723D69302D8ECE02EB88CECAFA72E98AF97170EE389C54618D38B78C8B780BE2CEFC7CE8B593CB050747DC85D496AB183C05EAB3C934D65664E970F29C99D50BC2582C67177CA73C2B39CDD96B4E7CAB1F4714FF05C97547152E313870E4AC5446764597D6C38F0E0B4AA33AED09D31AD39A5D57F91809C040A3BBA172FD31E8068E76544A1A3E92DDE577E1C1DB3F9F717009E21F37B06FDAF1D45A897FFD33F435366F8E1C41E6408E0E3C1018ECBD26D131CCD799C2C10C5A41F1978E3A7B8E52DF915ED9EEC7A8514503FBBC328898E88D3A5CAC2E5F4FE2
:FF29D600DA253FD6885F252E0B6D45615D57148D158DB0625F346B1A60E595683C119916956FEF507EB8D59FE279FF51FAD55C21ABF194302CAFEAC4C54F4260002C40DAAE1B5FE7303E7CC3FCCDEB577F46DDE564DD212D90223137B1A57BCB521CDD666885AA8CA0167A0FCF05094D3B53558A6EA4F13A074E983980FCC389D5E0C825388EF3AE1D4C5D8E5E5012DBF3C5B163839FE269F5740067D4E71A46684DEDD21F553DE8BBA8A58D2426BD1D68657FC4908D6BBA00225ED226E79BBCA3658F40FEA2573B449C5704A8947746360724F0F79534FBF0DA87BCD9E979E98855482508E9F21FE6A04DF9E1ED30C2E145E8A189CB0453A150234C01EEE157AB2BFA19
:FF2AD5008F5DF26E3C22268006928A6A7EDFAAAFB7ABC5A58D7D9E93C857CB919A587DA0CD9B832720E877C074A71FD70465BACF69A6EC7DE445684495F07B41367B603EC3B65E50B4BA646E5545F4DE6F0986021C0BED9316A48E66A65B2C8D24EC3715B378E58FD24EF6FE44EF97629441CE466C5AFAE980CE9CC96D33297F61E7EEB954909EBA1CD5F300A1A9CEC67E2613E8E5CCC3E707E8A483830C65DC26279B2EE238137AB479BFB2500C222A96E0A096D460E1DC5CEDE16064A2E1627C4231C3D81E9A6A099AE90053EF6558D53A4E5FEAAB380CBA8008E915BB0336B041017EDA6D1E6976F35BBF081BD3D220DA6866038E9436FE0841248A99363B56D6F9F4
:FF2BD400EDE60676BA7221E4D3BD7CCF995B26A1A4A93523693FAC30DC6C77645E599BA562030404CD03BC2CB996DF829627EA6C7F8CD1E9357EEAE1F6C412316D788A5F05C2CBF90DDA9720426DCC3665E6532150330954B97B93CE0FDBE9EBF84259D972591A9D745CBDD44AF9C1812E1504AA1873DC619FECE595B16D63DF50080948460DA864300A89CE9E67372BE32560FFB9D5469FDD3445F2445AED6E4BA840F7B15C6BC526C88C22281C64B443B962AFBE8962670954AE1E0C81F3E378BEB504323F61736C558B39799135E6773F26C0122B346AB56D0AC1BD3B096BB92F83290DC93F8FFFB203FFFCD8F2B3317345641CBDE71D8013BB436BA0030A1974F16F
:FF2CD3008B3DCC20675A8D9333DAC727264CF3988D58A04D2084D2CB51469FE280D5936FA4D42DB2111AA671E9551634D782F769EEB748A736C08AF094200074A3F39960C345B23F38DC7F1300F90ECBA7E5D21D6E2F057153D3A17679B5B73AEDE622F89D0D9C11B0D185863577A4D2AF3C10E14AB09C8782E65B3894A86CCD61624A5DD80918557C65D918B35FAC3296050634E12CADBA67F7D46EACC7C8C2392F1C2171B1A7C442F658F79BBB78C743B2AC19F539FCC82D77F1EF086D0AC3D34B48445121C089F8F36A37CA2723B8015312E7D32F0B8A169DF89F3FBAC6925E44684C5B32C1748C5868DE33404A7C709EDD369CBD6A3FB1F5A93A9B52EFAA4B92635F
:FF2DD20015CD29A94F0A2FF4066556190FDEE74E0D15F0D73DE452F54772DBE7AFF750B472901C8DBC9A59E1A8C9D545065D7AF1C6018F3E3D86900608DFAC75053A50B10F2B872DD6CAC6355C624447F5A1EC59FE41C3CE3B7D041E9F160EE4D30F4BAAD92E27C8E8BD6E6C0413E62E56717AACACE95C9C04AF22D41D266CC0FE7EC4645509FDFB30A579AF572A820C0C005C31E12C8F86799F5E575D1B5394D90DFD4C531E1994A4F1398B7EED5687DEC7B2CCD23EC8F561EF152AAF3466E72E039DAE699FD52E69E0DF0049F6D5C24FD31BD5A6AC50C9511CFB7D71A7B20FAE10A87CECA7F705A39F148272B5ABA815B25B501988DF8F62624EA54B006CD8EF3C3D54
:FF2ED100DA71C574ED7BA1A5FAA593F6FE2D3605EAAEF89968EE1B7A8BF116317EBFD75C68B71C9DF33C3F8E7CE5E2231FF41DF194FDE2B8EC628F78A1304CC9992065E6E96242E15424AAA9D415200F440D7FFA395BBB1363C7A2B37BB41AB27AE54682E6978644F481D1FE3D27339E12DB559F021DE7618318DA31F6DEB5DA193E3E0BD37A0813F531744EC8279F7E8837259DF89DAC628C220C89120310E9C5D2DCB6D121038267C75C00D6B36CDF0B464E6601879AAB6A356FC04A7D493BCBAE21F15E49F0B0A481D94B70B70FFF8B5E6112BF7884EAE848C152EE4E365BEC117012BC92F6655907D951AD22E624C8193053C983EC73489E340AEF213AB39FF5B449
:FF2FD0003ED9F74014D37238828C56C2021D9E47223DD4659ADCE4D7A8EF75E7818E06CCA6EF6D32E9CA8CB75649A62D96B2928FEE27A2DED5F821B7A08BDA3D6C768CF420353EE44BD98305B698D8E1C936DAEBAAAD27666A2808188E36389920C6C4199F9450F707D7DBE0D956F30CEA4BDFCAA790C82D2621DEF5A375AA9575B6B776320B072A43C15F478FD6318E46A62974CA3DBE09AA9A3AECD70E78AFA919E107C496FD64255612627705E8E84F4971B535D7285249E35E95B6D4C58FBBF24EA04F8100369128530CD45BF85937F6F141B4DFDCE331D7F172B3EDA53AB9DDA428DBDC02F7E1686A117E65DE3B42BC7519504B918A1A569F7B77D354910E13F7E6
:FF30CF002B354C9B5196F60068564C8B564050E6C931A3986D006E70301ECE11E2F6121A785F2E56403D9EFF1F4767168C46CF5663A74599422973E880AD06ABB717FE19C6176BD86F2EBC1691AC6A11B97718A4643B4FBA327E86EDE3E6EBB4683B263E01ECE479E7E7BF5E30518217505DD436553DA973889F93BB5AB19C4C8C48BA6302B5A4786B8D4B76361EBCBE285DB45B20D5DC89AEB04BDF16B7AD6F317046998524C7F33A6456F7719C0C52E81303E3432119E92954ECB93A479F29E36E4331D99FD49CB8BFA76DB537F6F7CF12346290DE22407144791E756282332C42C3BC86BB234C31BCA9F68591390A1F748EBEEDDD403B00638D747AAEB75139022425
:FF31CE00688AB0914A70D92DE941EAD38C85B93EFB2D674609F535AFC2C32DAA3574DC87A2FF4F71627479393FD00E5B3E20670F55DB0CED41E21B80F76D3AFD42B63F0A2CB59DA27719CFE135DD4C4061A6603D798EAE42946B872B3E3907B7A62A3A893B126A308DDB8286C8EE797884CE3DD9C292B463EC807D1E5F72E03D1174D9538FCB30F719B872A03221061FC6B4473CBFFAD843B22C86BCC17900367E75C53328448A8B914EAD694FFA3E19BC73F3F31658930EF430A4C771C6A4CF515C03AA4160D725AC2F4935713A01DFA724373205F5C54E9FD24AB3EF991BCBD27123058174AB29A0F38FAFEFAC45959D065A4F2EC8801D34D39D5459D7A4A0A231A7AE
:FF32CD009F9E07754F162AC756DA7582C1EFBE5AEF1393AD30E1BDB665A30A80114198775926446A4626AAF77353A604F42C2EE6BE431A90937AB36DED29E065009734CA51235C2CD7461C303C4F7C20CE62720A77CE09F8A958DDADEFFE0CAADD8A40797D790625D3AE05067CA876C6D0468A72B602E0A4E1B60531EA77CF002BD9A5BC00F93B44E1CFDC8C6D99052C601A95D7DFD4735D88D80E59393F031708403673DC3283A7BD8E2D95223796670CDAB5F62CB33FFCDE363E651D52CBF0007FA670D193C206BD35FBD42F3A6AA590D40BDD3779535AEE74C2BC948D89E7B51575BDF970DC0F904937DB7346A9043BAD49F02A6E3ED9EC7E20B8E1DAB97CB407EC1D
:FF33CC00630DF5D3DA92423609D9B4025B9735FCF36D9A912E4516B6AAD41EB4BB6AFC5CCD8986E525B089F3D925C3EAE55D258FE6B1CE45FFCD465E15074ADA1C766C0F550A868AF1EEE15F745239E15F53BCF76A296E2527DD55276CB0D4F3260C53BBE56EED3C9D59BA96D79A24732760A6E8B3DAE85D017EF9C2402889A4BE45794249BE0DBE4F4E7DA57B6AD86F78E7A204E0C3567F493DC1FFCC084773FE318D7813941D3C364C3E8D5B5485FE9C121588FC41A4CC72D1E315E295202E813EB464C4D3C8C02E808EC6AB574508B939D2309035B7A648057BB6A900EC618D13ABB8DE5900638898CA3601BF0A809E1417954A646DE2D921BF58985A5D7706B7EA36
:FF34CB00DB4668EB0077D432829F4C719DC2910FB73E2CDE7C0C1F87E9CEA8D0E64A44E8190BC62B903AD40CFF57ED518622D280D407CC18441DE0CBF3E3C7E0B5DFDC3AE49F894ABF9DF7F8782C029BB87C792CF497BFCB79C13CD559C53CD7467CA6FC4FE683F6995B5E8698EC167C52E08E8FF60FB744C8944985C9C0CCFCCF5D6D927415CCAF4A59EA5A83324808EBCF21DF205F7B31CB53183DE484B0453C67913BB911942CD1DF6B3119821990B0E2B51AD1ACA2BF76E9D3844ECB23BF224A2D57D18E9FEC969AA30B08E44A5931E4BAC6AD77565B1030E244A6DD451E5026315764271F57EBEFC16AA378D4C31FA77D7C32E8CE5FBDFE0BA73485182B1BC54597
:FF35CA0063A3F721A4CFE92A326FCCF4332FA0B7AB4D75BBC0DA0AEA3C923655A3FB0CB59C6DE5736FC1962C8125C66D212324B47A3D675E94825D609607B27795827F9026507809FA47B2680F2D69117099DB461EBCE44BD2A098ACB22E2E9C40CF5CFFF397C5C3597B027FED81BD76452F229C3910E53913E4E6E0CC2E44772D56C256169A6938FC1A210620860E82145705A86D56B6F736EE062A5A6E044169E6ABBAAA8C740B39D442D1B0939809B29DF3BA2679811B81E16519BC08EDF278D55D0DF035E2317E9A277300C95CB62537386FC32995FE7C15D721A523F1D0C3B108AEA9B87CFB653E788F0B69F9BC48EDDEDFD5902C6BF4E5B6A26D0B35BBAE145549
:FF36C900EE657B36F3FE914D000A1A7BB577DBF7F1AE2328B6591C188DC83E898C9CA7F131DE4F8AA3CC52B6304ECF944AF6E2BB1CFF37D7DB4C2B3266560B682F54CB9FAE6F67A669ABEDF0B65CC40B1E53C4A5E48FB86EEC67F95D78192945E6B44A0FB2177ACAEFCA2DA0FA7ADA059CC865A2C6AF4DE900EA593337B48EF82B36A603180112C1DD2DAEF8AAB20BB116F5BBA321DED8E927269F740BA2439A4330AF0864E84CB0077EAC6B56107CF2DF4CC50AAF79622206EEE3950F77F70897D0570B023E1223A20B6F5915D46CB93F126C580FB36F655C4FC51C10F7BBF38A165E554497CEDBDBD6F616353188B9F301A020ACB4DF6DA2E4E6CD7D6F50FCB7E774A1
:FF37C800697D035D46855E9874D3C81EDAA400FF80415B50E39A338CC4715F3AF2D4BC789F3EAC679FD9B42FD1DA65EEA65AD27DDC342CB6C23FD62F920170F76326E4DEE948322C06A2259952F0A92E5DA5554AFE67AC16CDEFD6E11524B09B6D24827F6C7ACD729BBBAD2FDC04207137A077E9B9F4C9B3B249C4E838A11E868A83CBA203E06A359A21BEFC4F5038189624C015DCD569072CF5CE5899F9FEB37DFF947E87FCE404E00155F5DC3054C036FDB5CDD45C8C7753248749CE7A5E1BFF55484C74FE59B10963FC89E2BB9E3C0404A0AC67F86B869105034C35A5189B99F5E8A7440A0A5CFCEB0392C9073246CC301BBFEB5A139D0190B590ABB34C79044DC443
:FF38C700ED70BED70A75A4BAB391FC096CC5C7D8B7D65B5AF4712D362AA6E5F38CC308E336319C640AD12CAF4CC701C5B3F528E3BAB3EEA08303CAFE2E3A0986708575A2C3836D686D1565E878F6DEF0EDC13ACF18F46C1D5ADA566A2F734808302E820C35103684658780D482D1EC93F3C152E7A4254FB7EE6D4D03E3C7C5B0B87C72931737CEC97EA61C56DE12F6906150DCEDD991A189CA7CC72DB57AE8F14BB21000999116B915B236310711605415611211508DCB96016488D41724D861FD0441C47EDBD388F0EF50352108B6BBAC1F328D5E642B3139F8C117C32943DE27D01C4A7AE435B1F9073FB3BF8044B95939B682CFE618B17057D962CAFB451D2B03FFF5
:FF39C600B2956C6870256CD52D47320ED5D3A0E8BA4F086A7965DD651CA3BBE57C03F8F661E23B0742D0BF16783BF845BABFEEBB0E6D362E52C97999D9F20C5BCB77182A7F70822BC0DF915A4B954BE00AC2559A6B24939FD79D756748A18E6D1FC1302809D4AB4D7A262F48CA746F70589CB60BC8E3C1549109B7045F249F2549F1B5254B3A91BECC65F835C7EAA48827579F740E26CB404DE336C7B9307FA124F5501D9865FCBEDBCD5D2F466C1273E5A118FA5B24E08ADC463C004B3B352A265D978795B1C5D8AFFF04E6F68301082EBC9C3F84603DAD83C7C15AD811436E012EDD77E41C01024AFB068F622BD7774FBF627F7B898A7D2710224FE0526A0D3F5F5119
:FF3AC5002313174D6CA95964E0C913E85AF086B09238C765AD12428A5C54944C98C43D91B09105A91CECF2985684064B89ACB3D0E1E1B0CD15C9A7DAA12C96D51B3395E80D64B06D1B8C478A3444257EA6475615D43B3CFBE5205BF80E97D7A64F6BE0BEF6E6D6FF9013875E9EE25AA1DA5672884192C75017F65901E5E5FA2B1DEFD1CE3EC8FADA3647550C0667A5C78BBA1DF4717569FCBC3F55EB5AFCD3B0FA55970A9765E6A87D53B5D9E8FB30F0B5C29713007D7A020A701B9C5CEA9FDA77A3E96E16C0CF752350ACD8F378CCB7C364BADABB3F8042CC704D6B7D3CE5DAB78951BA7B926B2A32058B3B25862C739886F391743E337928494B8A340893360AABB96D
:FF3BC400A8A2BF39C71AF718A6800F561244E2455A269BCAC3DA2D8ECEBE9667BBCABF17E5EEF187B29B5C19D9B44D62D2B64D2BCF0F11F79DD132B40DFBD3413C4A55737DEA443381380A83AD8D964CEC717F68D21AF75D07BC9C251FF44D4C721D54EBE0D2128D62B10FA2B6DAC0941605DA1E2425BC9BFF7178DD4E926C69C14DB81D95B4EF97F8FBCB03E53C297D07D048BC3E5DE279EAA1918580A500C9C30875D3097A27F0BF5745E8A43A58BF918522D8608D252EA9A37D117CE137B08D583D245E35354B9E53E2CC36FA6DBEDAC9434823587DA5FA4893F51115D9E38FC091275C39D1B593CCFDF65D9E12047B08530FBA635A632E6137F2EC6BDA662054759F
:FF3CC30022E552D0C335BDA1D7479B7AC3027E349BF31396F1E07ADABBACDB84EEE5F2853A1DE23B60519467FFC227095FD7F87486AD139079E565F400D348B217DE19CA965F13292A44187D95326EE5C849431AA1AF7E5E93D3731B74E1087371DFA93372CB7A4740723BC8D2C2DA787AD2795D2C612488FBA04FF476FB0545989D4ADCDF16EDDD5C97F50F3F35A1BE4C8E07798A7AF2DA380EBF1BCE5D08B0B4D09FF186D7D8B0B66ACA7817AECDFDE0B5B9260BF97D7C25FCCA1D142C42824B48F13C4DAD2D8ACF14E9175F92E2A4F1648FDE60BB5507C49DF41887F8492441CBB637876899BBDA05EA366281AE94DDA2ACC505D03C22B5ED10227633BD816BDF6462
:FF3DC200415DDB21091FDF354A8D8FB0FDF6D8D402C6C7F3FC1EA03A7F05E6D9ECA2A2CB4FEB76C5A61359051313D45B421668496B4148C8EAA90E601921A9327C61409EB40BA5EC841AB31023BC258DD92E19C7DB5E881F19AD08AE7603D567D6D829FEB4F0EEA855B8F75453E7FB79FEC31E653B40E6B9E91E6E2CAA2B3CBBDD997DE3CCEC474CA8C621988C03245AA071D853639A4C19328D62140ACFA63ECD1421E5DB7BA20AD740D80CC895210B0F2056F6FD3EB9DA794CB5D881A94C4EA4AF151311A787931B815DC3907534A255025C87AFF1C0878EB11FCCD5CE410B930A554A0996A4FCF46F19C59D6A885B09744A89A4AF732249446EF5E6A2886FF15431A0
:FF3EC1005E4834B4FB13D6424246D270C316C7E1F24416375853213A7C41BE4B471977BED2452058B1BF3128680EF524558510F17AA698AD9094DBF31F281CA64AA3418025BFA8A89B10872DB57E2D36E9C27009C13FFB2CFEE9EFBF2605787B4D3FFDBCC3D09ED8489A6FB205825D0F85EC0AEF136A1CC6F878A31BE1109D67F302AC54BF9B3B96B3C679589C7742716D58FBB3EC9E882857975DD837454367C82EDA1318F362C3C9A3153E43303CC857B3C472E964C41F286DF2CFFF1245E749FA9953975B72B2B16D45C54129B4601750EC6F406D7DD5A922D8D6D4BC7B20A8B74BB7A596CCE01F9B070149AA2455573EF8CB7FDA201DDD7C31814AB09306D77F4896
:FF3FC000EF3233E41F67E04318221C445BDDC57118BA22E91F2C1D4C67CB19D62F9C8E555512C51EE0CD4AD0074582AF40374B82FE6A4C74DEB9D162E3520DABDB1696B9DA1C6A7F84C0C95E50633D82149C836807D0BA038B67BBCB4E8588475572726A94725CEFA2FE47C775E775487827857493A861AA8B8E7BADB198DA403533FF1880EC29554F9F1EA5D146D16F4A2720042C0C308E66ABF1BBEA3F65419D3A0B2DB995A4230F18E22B3BD7155474C3F36EFCE47AC6C81E3E1D5F1FD3989C9E83A5017CD737D61441F5873C02414B8AE1C221126E9ED3C3A66FF9480E41E2F46C9A8F8281B1401188E03378CB7829DFC6176723CDA7F18DEBC122F989CA8D1C8FCB
:FF40BF00B78728D4D077475DF207277A2B1892484BFE66392D9BBF4D1BEC2BAE41485FAC4B4E9633173327DB68694A816AFF5D0CA1488389A9F0DAEB84F4A34DA72368E460490642931D6B2B45F6D7D56E2B45D69D77B587E6A18F9B4AD7494C856631201EA8EB5FA47E6623F5564A9F5F444DCB9E41C6B17F5F5A65B80162C2871A401655E6AC2F0D547767249CE5ADA87FDAF7D906DFA77F77ADE327AD9503F6F0CAA435AC01E7E41C23EFFA895475237659139ED34A5543AB73AA7C78D8F094D954859DD5815BA8CE4020E43196FA40A7AC284D55B7047E3DED6F074CCE291147D3E3DD95AF7911D785F77772064EF742F88247CB97450BC18C06BDB7654C8F2A4B8D
:FF41BE006D3D736D06F9182D64E0BFB398A0C32E1DBE4C95B4210C86EEEFBB29B6276D4E7C4DB0818B8E031E8FCDB07EE77F8E16804A737C24CE9175974D56037E85F2C9309BDEE94029BA9524C02CB7D2B6F5997235E4C2A906634C2B13678C4D08C5900AE971B4E1AC949E0C0FF6D8E3F1E1579476C61811D7E30CC3C43D2A656BD6D85FDB7859EF4D07F10D093A5F8A2D32FABC1ADB704BA312B07629B9755EFAD441F590A0E9A637A991C950DAFF3B9093861EF57647348DB47A69A250784AE3E84F1377AC9725A73D5D3E72F7AF69427A84494AB68D3B448890AD75A1801DA5D5007D9BC24AE0E549701CCEDE2B792A3C79C2B875E110E4A02092DE2ABC0194859A
:FF42BD009B3A4B5FD137F0C5F2EAC78BBFAFC77E620B4150DFBED779DB3C24D01265BE513B81042FCABE26AB7CB72F9930AA7B751960BBD0A4BD40597E328C4434C21364C7B985D859ED089C0D96264D85724AEDDC769BF5B7C3FD9A572FCA4F8BAE6C8A0227ACA56A3242491AFD483FC659574FDB5FB9BF6AA9E058536527B053ED36648BD3263E1F6DFC49DDCF03A0ABAD158658AF2068D24D7543C9C6747E717779DF2CD5E7D24D413B40D4819AC7A490D74A7B7C69F2E1BCED5F73B7B11072FABE3FE690BDD107B27AAD0D2B2E1132379B83BDAB89BBE2358EBC4ED345F6564806C53ABA6776762CA5BE7D52B51240297117B26F90605230AB52A5FC653B19EE14E5
:FF43BC00A352AC891C6BC088D4EA3A67E8D4D94920F48AEABF869ECB9A40B4A756AA1454716FF7497A85138C01C80366842374CEC2F1267C1957662A24B22F04C6B075E154F219269723097CEA713B5BAE298CF1237008D91D840820BDECDB48BA2B62228E998C653F468E576DCCA2389687B8CB0F38027001516971FFBA45C59CB465CE00054A069803AEB126D95136860ECE4A8FEAC933D7EB6D1A1BAB1F483150364D798AB565018F1E814BC83EB7F22E34515539AAB6CCDBFC9E9F3DCEDB4F2ABFCF5FB39157F0D1AA6E5841026725AE630088AADBE844C1ED9FCC51206D6DE8B518B12A6C13D44192C8633D2D3BC6DE824A3DFA3C8463F1A5F06058FA6483BEE33F
:FF44BB001A95609B2DE5911AB05377F975AC8C0DCDA2DF74D3A02BB78EEFFFDBE524A6B8D707980461D37792A3935E8B9C35C61C3B93A55B6E59E0CD219EA6D08BC8C01E07539BA1D08D08BBD15A78878C399C247EA6D501D84F91888698E52E003D41686BFC14B052DF467950887E1DAFF1EBCC846F438EA3B6A486AA46B9D93794A306C5B60DDA55BD00B902C32869857BA6C67BA326B99E4694F3D02D394D2FAA9DC40161272FB1C74A87133FD2B80757A1FA1E4CEF73A4ABF28CDFF665075550373DD20485A8EB2EFA3424D49157F0EA052A4EC399088CB0C98B89DD3BA5407CBFC8406F5F256C10B964E1C5B83D2069DEC4C1EEAA0B07A7C0F55D29066689994BFD
:FF45BA0036DB4B2F9C0B795ABB4494692C01C0FDD19B0C8E92F59191E43C978A0BD3D35DA0E3852B7952C3693D1D1689A00D8DA259EDE85917938554A06CD948214164996E3DA07A51B12D8175DEA94B20153FB09856E077E3492E07C905410D79E7808EA2DBEDDB9AF70D844446969FAD6A5B690A2E32D0F3C337A74AAAD239B73E20D5D83765B6C64585CB17990824BAC30463BFD7FB9F721C450216CC5E93B95627B23CE0679537425DFC6BB62800C22DD38EDE9524D2F7FA4E021432581154A7B6BDAA50D855772F3AB9A97E7BC24AB76C51E0A2FEA8C5C16FF5646B22F2F4E9644ABC8FFBC7C0F323DC6EA1C20AAC439E6E086DADE4260E1F96C05B49F98E5B2918
:FF46B9007CB7D2396DD1A0095D8478FA3EB450D9CD3ACBBEE1993831ECD418E3283AA947FE660AEDEEA4183138338746BFA7D79946E1DBA8C1F5BBD0C9B98073DAA3F24EEBBC828A133C133A925A3385B8D4CF3B2FC88F3F9BB6F95CC38487608B90086EB643D88210BF7641A657BBBF30A71B95F0E934D7A8B43B14548DC22BD342031A9ED9CFBF3CB18F7CF4021D07E54538260BEF1489AF774DD978F55E80444593EC08C4BD578C13238A52CF47ED33C8DA20CFD72965988ED15AE5C8CD43872093A0254072C870E5BF8E83EE3AE03D5CB7231FF2E086483029AF1D7982AB9267E49443123F928D793D5EFBA62981DC46243AC268BDB3E5462476119B686DC7B5E105
:FF47B8008220859A6166B63F0652B4D9C7BC6F8D4046BCEA5D73AB00D1370E8117708C421857AF27725836A44601910A2358198F0467F70FD7CD3CC1C8F1D644D64AD359B4615B79B2A6DFD339A4EE121080C01E2AD52C7B32EABBAF8BE9CF689A8F4299E78F6295BCA5F94F9A1EC47AB7AE2B21866E20293FF05C59C4373F7329A4624BA6B63C4DAEC4FAA1453CED1AE6B06C2D8DA46D4E933470F6C1F9132DB46F03A02EEAE37F8A07B57D632199D5C01F2A15FF444B74E97032D675C077F1920273568CE0C317725E0F47F527B9EC23D253BFA18A9E621BBC0FC87724D72486F159ED83158138A6F566C26045407CC17BF3C6E9685B0CE5108CD53C8F6E9193E76D9C
:FF48B700691F78A7568EAF9872D57966B1533506AF7EED164349F409A5E2C03CB543ECD6E3CD34BA16E07C959E0DD85778BC7F0C2BF3FBAF3DFE71C6C2411D250D12F0CBEBF545EFFFF7E7CFED34174A335565B6F5BBF405E5FACC54436092A552B9B5E06E939A695AC164BBB72244E86D0E4CE3856005BE8BFEAC9BCAD2522A950F788CA06B171939054B790E2D284D159865498A8C5034DCC49D99B20A41B49DE34F30FCC807BCE1E4AE09BC7D496DEF47012F1DC18F4896E0069E3BA797CB34045D633755F95787894B299A19885059AC68C538825BE146FC704385B4F057EE0464679F9C31458FCC548826746274635CD256429CCF96042138550A17FCE215DE27B5
:FF49B600BFB68A53BD993AF8486860E485160A5DE100B6005D15378BAE6F561456DCD8267127630CF76BE5021C33B7395F514EDAB7C960206C9635D1E0B726F901C45714809A7E13B0FF250856CCFC387E5CF8C5FABCBA974E17A4C142D5B807B50B1E7BA6BED82F783B2CCC08F0BC29A30ADA3458860AB76D2BF246D70F39E4FB65F7E5728EEE9552001D8823AC3C019DADEF5FC4C2F911C3717742F70D662BB36B67F9CA69E5A3E4B8FF32BD9F39C4C078314ED93925B6A4FFF0A889747C71AC8AC30EAF596F992DA10E473BDDF0FEA38D97CB606DFC644D0422D764515B3021FCAD6EE0EFC189EDCE5EC4B472DFF0AB8CDCF12C073E1D37A50C7C0D0AD531E82A075B
:FF4AB500A73BB19E189F26C5C30277E79F23C83E908EFB3C214F52EFC205587F5F6470456E05DF77454C45FBEC10FE67C50D99DA26214281CD55BF53D7A595ED88268C0CA00527AF918F2FB4EC79D0C8A2692BA03FD18CB857B6360A310F7B5B591C25FD7C24A7B1E4365AC82D35DADE1233F4882E8D58EC6D9FDB8FA480EFE3D6B23F3436583946BC465A69A7BF0F981570FEF2A37035BB5F81AC91D0D0D1B2B1F2D7DDFA7B4D26634966D498925050FBD9CAFCCAACB7EE2D599C62B7BCCD2A488868B1A347FE33C1B8E810E22B31937F16007FB074C45EF337A600704519A1D805504EA1AF3E295FF2AD3A72842A9ECF41A7BB7E9D2CCF3A91C3C24D02941F8FB99769
:FF4BB4001DB92DAC92BFA74602059AFBD4A58764B5FF74885FE2532FB5122AC0FCA86B41574A6538D6250B0CF2566322ACF23060A6EAF2347691EA9CA1BA88B70421914EF7E9FB663D9EA6391DF72E983A73E5BB171D369F1EF38819A06995C7FE520F9ECB6EB9F236512380DC448EC74FEF6284B53A0596016750816D1F3CF8E9095CA6B13E31C758F5FC4E4AAADFF591DE5EE6E419488B33A5C06DBA24585AF830C9B4208BD18978A3EFFCD8A5D7AA63BA8D29C290F72E2F320CE9B6314B3EE42ECE5281BB57A2BB369CD36E96C2B8C7197748F84D9513E7001B79E57A0FCBAF1FD2C8AD1C7A367C8ABD3F4D20DD4430EC675F56DB8F77EBCAE55D908728FB0C30532D
:FF4CB300CA564D0B31B1545C32C4B7DB37F71E77FEA4830CC8921B1C1C0F0512E26F669CF088BB120FA2ECA21096F3C58EB72EA2909669F9DA41E90D45E5EE77EB6501FB58583C8213112127316EBA57217E9E4F2B3EE30E118FD482F60B551B7E9BCB173EC1C6D88F943884E1F7BCCF91C7B117294643C65F4AD186BA0F6DF506219F21AF884D87B80B8BAB11373B80F81E8412BE63CF637E5A7690BC21C49C9C84FA841097A56402BE9B2A25600A26CEF2A4EF2F5C22FFFAB009BD05AD00B9021CB8B111FB5C1E634031190A46DE934D503717E30A712AD933381A67A1D312D76BE21641D1AA9CBC71BD2FA758F624EB02F8559007A28639937770E2F846242195B377
:FF4DB2002117D6412560C26071B0E6A2994091CE6923F690537619D254573976C32DFB8A017C692355BC666BBF35775083CAA6B0D461433EB861C566CF2797F5878FF2CB57934078E5ACB77FE4AB81448324476E3CDB50C934A475A71DAA1995471F5E9D4FF1D29C8C332EF7751E7ECE6646E56465E5954DCE4F6FFFE089D55EB50D730B1900856E7988D0314E452A49F6FD3B6EEDB9BE3FCB3044058FDE8262795CBC89AFB6BD361BE1959D43EC73CF910A1CFE930A5E4AE7BB8350D7A56F371FCF605472F7E5BC18677FD116A3B1D754663BAA9303E525A9DABDCD4694187E218108C4AFA783847007FE9D70444F6CC7A42B411C3A717D55721C0E9BB448264CEB02A2
:FF4EB100C0D6E4774BD2CD0D3E11775BEA8433EAA9106A48B76F90890E3B0A2EA4CD4643ADE47A6D09B910EAAFF23B9639F2E1192DD80D41B950CBA0932D833C598E00E0716AD8E6B01F0B600873B16BAAF2750A48FC7E7C4D5DEDDE646CC78C9D0B5026C04FEC0340902815B3C8DE233F1BE46068C070FFCAB5A92D3B3428D1A4B95CC3A08699BD7A15ECE967FCB5C63BADBC179CAA1326DD646E54EF1A27A2C447A3BF903D88B96CB247C912C4E16A9C4DE89F43671C10CCEAD25D2B1BC6B37B79D7BEB4BD8E52A6ED0DF4C23FAC5D45049E8866C827696EFCBB335A71A14729CFF70964BC47E3A347E0285B2A6F3A57EBEF3BBA05D1AFA33EBF82646C42C2B4015FBB
:FF4FB000B190839640528A77A6F6BC722516C7C909B3D86FC9C28E699F8055A07AA12E513C942288E744CB28E6D3B7DE09C74D433464E71BD124B3B8B1F02F38D34EF27C26E70529FE6582DABC3A6CEE15397BD5B519A8D2950001F953F6F248F9AA915266E3AFF0073953FA279E278ECF8EA588BC30E1FA2771070F754CA5F81ACF9CEE6A2BD8BE3E78A638244541ED3DCB1A9A2A2EC1D9EE3CE5E48F30C17FC13F98110F2D2C894DD8B43E23974974CAC1BFA06B174501D94483705BE7126FE08829BB4575A6ADADCE73DF89F9B82BD16970F3657FC19CE6354AA2E0ABD9899A3E9BC4E39AC02F0303F48287C52C004D7DFEBF13F74E42E6F4115560F658A654F66BEE
:FF50AF00B8A2AE8B1CD988336259676533714A6660167E44D898619918DD712166765D1917E6B848F4A1E6CF2823C9580623283C8A52E8359C898D540C5781372B2FCDF1ADB61301F3AF419E996F69F49CA51575F88EAA7897552C336CB2D8B8D1EAE30A29833853BF0BFA2B3EE23E521A47378EE4EDE3FD50D5F1404D330471485B697EB53F1F241B581210A4BCCA42307BBFCAA022A5FEEDC719EB687BDB00A4B828E068083AF0A8F77BD96C36FE42F466D2F4091F3A715D917FC71AB5CC582F353A6E357DC4DDF8F157D63115210990DEAEA7FE669FD44AD2A1EB2A1B86409DAD2BFF16F525A27D374F46250B3FFC1FCC66FEA2417F75AC7F4D0774202C0ACDD1D3C4
:FF51AE00855C66B274C9052ADACC4FA010CC11252E5C5F510D513525EA0156789E484CC561C8BC170D685B48C89B86CC9C81112C47718B5D9B0E8594EFA70D7229D0E89F8C696101F561D187E96CF60B249D326F5F03ED2BEC449D3CC0E7C595CF76A2F4C40BEE14F0887CD522071B94FA76486340AE8D06EE23DF246404C530C1E830650BD39D144F559890B617715BF992F7047E8844121C9471734E4150DAF19453FE481D2A80196589CD8BC119509248D8C2E7FAAFE2ECF2DF1D310F799F770A080E8E7E447920B6F9A5DA476E8DD0EF31C39DF2608FE423196E099C0C6FD38D53FEC6BCCAA986BBF9602E4506CF16ED32F735ADF745F42BA201DDCB93E80CF6949C
:FF52AD008E84B777A93929CAE8655EE4A5CF63DCBE4E3055C62C2521E7BA79923774C4E5A4B9A31CBAFD36EBCF2DF38598C17A1F0CBDADCDA242DC68FBB4EF1FA7892237CAB178F46DFC87FE701F7EECFAA9900143028D4141CD467286C037E5D8601A17ED0F3CA1FE560F06BF18AB7B752E3748E79E870602281D809BB18440C26AD9E37C0DA4BC2EA4FEB13F495DBD9BD740FDDA5F9A1C373B38300B0C7968816F67F95DAE6D4849584CFEB41B10EBAFFA559FE9D7E33B2E4C13FAAEC9D28877E2791FA7A20A06A6D07EA6F7824008E31B6ABB123C8473E4E95674EE72AEEE163E74C1E6CDCE04CA487C05F1069A312A825FD29C1779050653E3EB3E0D57B0037B4C97
:FF53AC00C330CBBAB40CEA0E54E28F0A3A20DF2C55A552A01B97349C871503EECF4565E707EB2958B91BA833AEA6A3B710F7C949FFDA42FF1B95FBBF85AE4E8924F370CEE2E35F81121F8B42CB646563BDB029A050002E725BA673D316B85CF45ED97860000E21F24A92D220A6D767F78769B62552B5D606A163057999394A5C0C51853C910AA0CE9762DBD29CDA377EE80373F65F73A4FC75F476AF6EA04C32DB1A39765E84673369E16FA2CEA12A22C794DE7E65865AB1331F6A6B4263735B92F36285E161DB25066206F20D724DFDC355C5823F77EF26A3CAE6FD3A5BE3B64ABFFA87135EEB34626A23863586D64A8F0F5128E6D35126A63B87E0343E07884637F690
:FF54AB002270CEEC3BC6DA087C619B8FFF65AA288C9C5AB4C8DC597BD83B069CE0ECD4BDCBEFB9E4F33EA4554893176B1BAC74DA4A65554D59EFC510B40F40EE10E95F6935138111FC23D7758F48FE6C7676AA63FFEB2320C765A1F99D58A803C54BCC1A85EF99109BA02C20661AC64692CD0C39818877A9AB85279EBA65FA093385F32022BE8803BCBAC8DD009E1AC094C8DECFBCD9AE54AAD6C09F05589C951AC1E118F5384CF3D0FEE83BB51D2BAA382F87DCAC192A5AD9D60B14B482E3BD971857FD4C9DBA84400C4522FDFA6B01EDBCF5D1A5CFDC0CF0EA961611CC14519082E7463AD3A4581FA07FE5A556189D892F5CC46854691825EC3E6EFA4AEB6D80A6635D
:FF55AA00A065488D353CCDCDEA3F1FED28CE01E6A8AA1CE39EEF6BC6C1873DFED4DDC5FADBB33E062BFCC51DC820D07CD352535F3B0863F128B60B86427E945029D9AB16733044A777B8B6998D6B2D0DECAD75C60B19BD8351A744BDD64A15021E2B660C029E52AD01DAD913290C3DD7AF65735303F0454B02670682304D4CBB01F536E9E277880C02FAA3766493BD722B66177DE5BA4568F70704A44CF35530A47753C8EB4E9432408E89DE2F409AE69EE156DF00FED0AC9290925F22FB5C030C6484AAE3DC4642D99286981E97F9D3E87F742A4B015E9069C59B297C7B4D8CFBBA21CD34D5609C283DE4DE11D32B03E795A492886EDD460CAC8664BDE500EFED9FAAA1
:FF56A90003F799AA8D4D3FD2ECC0F02579E478DE73ACFD2B3C148F94D04BC1A9F5881F2B53D999439EC16C6CA69B639944476E036BD0F53B289A5DB5DB25AA4F16E8C7C8AE3FF0482AB47A720D7A645B76354171B596E176A6629520CC20A7054CCC62D21AFA1337F6D39EC9BA597F516F81E5594388B644158E7302FBD0346626BB837BC514806B2C580EFF2B5E14AE6940BB7D1D5F4FDF5C96D16DD8EA3C8BF977AFD8CB510EBD78A20B7CBB2EACF6201FF1552B99C93F33D2AFB6722432E4D05D425E2158094AA72700E4E0F74CE701B3DD2E0CB7CBD56E65D0E862760E9F620FA4CAA599E35557A8DA0C019772BA9A114C4071DFE5436A4A4A73784F4703D3906DB3
:FF57A80067F8F8D19CE1B0C517C26D4FE6CA8B187F3577679A99CE519FB3AE418B57C9DF1F5CD57DFE86DAEE754081FB54FCB8D47C31A133782AE312D117D22F2BCD79EB3876D0DBC0205F5F8B7DDC533A6457FCE25083F0146012653D0D1B87B4F57E73A54331AECE047E6BB912AEB72EB55A0E0EEE66DBAA6D951A2E04A7EA477E6559CFA284BF1853C3BB8B9B67789C4255EF7876CB609DDF92EFD667D21D80556517FAC10BEB71ECA3004048515056A2A0AF85C661F10C8DC268DC66C7B162789F066845ADD563A468687D6DE47070D6C3F96052876CC92C43D2D9EC8C0825344C536C4CE3B4E618183F3B158F02A8F0ED3A3A43D9509DCBA1E064B723E55F224E37
:FF58A7009B2C54F8E5A9CBA6CB1EB8F6A8E407C359FC44BB01B7F4AB368C5262DD142C69F73E7757DF41834A0D68F9B4C97D95E6EC8695775200A2ED826BEC062F88C402B9F076A891BAD77D12130CAD33D896EB06CE8559FC804039D74DAA1A66618F4C62E1A31767110AE16FD08A1653538C286C37D0528B9B77B891B90A5B1BD464E689D3470DF34FB4699F19601703D5CA67FE05A246B348FD3EB8910CEAAE6348FC634B0056DB4290BFBAEF7D91A9EEF219DBE1FAC354DCF2121D406DE355AF96B47B273BE66BF8116C1FB9A5F9CA0498D7961C054806C485A0034CAF6BB523C2543BC11F9C554C8CAF04BBCED3AB6652D50562E265F89BAED3D254DCFEED3ACA4C
:FF59A600D33BC47627921CFFA630F2A616164588CDFE8C8D9494E8C27B4E4B78CAED24D8E016EA1EEA67984F58846B6225861814EBECF3C14FC39FCF87A436EC7CA5D2EDCF4E09074AD265486208EEF3486A0919BB4741C09BC60CDDC5546E162775E691A21515839A4A0D37928AD64B58DA5D70FEE969A62536C31D44EDDEF26330CE2979A531CC48634BFE0928C019CC04541D0492941F2CB6FC27C2D77C490DCD53EEFEECA8188812FDA91E8D5D72E42A282CCFB53AADABC667F9E97D3C184AB1FC114AC6777D77D5FED0147F447495126C8479BECA57320EBF3AF24C8EB4016E8DFDA08DA47CE85E16FFA763946BC95CD3F4DF9005C96F40C3411BFF411CC73A2502
:FF5AA5002993DD9DE565CFB8F157EC2B51E03C6F6D11A31683E2A23CFD463B5E6A156014036C5AD06FD455E3AFB3FADBF046986C92174637F21E1247A4D5C2B1A3CDF1D1989478AC4AD6CC03CF95A12BBE409462A1D1E83E37D53A0A8999739918BF4F2FEADC655A1AEE44ABC8D944FB806840C8F8942E7DABFA51AD2B7370522BE9F1DD0993D6D085763C75A6F925A0BABF1D0BF30436228CF22F1B00C05A8D2D7652FAC48E64F895EF0CC648C24F7DB5FBE530700FFC51DBF25F2947642E1C477537EC7758D871A27660580058E27338CB094FA2A4588CDA42B18B9212B47A9897594B96A71D7BD92518F05F76695C09974C07E48ADE6C3159BB68A957B2D2FB2DCF7C
:FF5BA4000D24E580E7D0CC1FB0043B2B3E09F18F34129F947322F6659032DFA4FA8F05D079745B30E60D0B18FFEC59E45F58A08C080CE0FBA04FDDC33AE269C16E6F02449A00D96558FE961DC358C2BBE0D18E329C37EDD7840897234457B4E8B59510EDCEC8442FAA0494C50D5B72259FE073A2786292EAD54391520B122B10104D17812D012CBDAD33834E89CFF50B4506F6B2B0E3936BCEF38DF3B8980204FD189EB8FCB6336488AFD66B4A58D648A547170E61A0C846AA9FD71ECDD325E28BA4285CBB9A576CD68938DA4DFFA5C7DFEB8F004BBC7E03C9CBC5A79305B6031933AADC4D804008451F48B784F0B0384E792E11C959B0FD14B6AFE105CE2BB6027CBEC0
:FF5CA30053B63550C1E5E83E150671FC667F725882A42EFD275E1070B41624018EEE1A71D75B68243D69AB1B023B3CA8669DD60155A712116E04058B060BFE19221BAB26A9C153A5AA58CAD65695AF811C47F41E228073990A8754F5F5FA621A888A611B4FBDA08FF8E898ACCB1C160EB2ADA7C63BB55233448A74D50FFF038EBCFC27A40CFF6A006499DABB7C9375471A477C341AFD1AEF21B662E1DE876205FE140B7A79DAB74E9DD04B1C95461AE0E4A654E37F7FA18FAF2BB130C40C161FD7E06BD4833784B65B86BA9B61820DD199427032F49D21C29557AB199C2223CEDAE70F75C867BCAB88D2E7ABD30A30AB814889AA45D5D8A662C3E84C5DBD5B1776760962
:FF5DA200A78E81B15C09192AE6F7FCE35D78FEA711EDE8BC78C4E2AE28153B99E5B74B2EC376D758ECB9619ABC2D135681EF0D41075E56382C37D07632031065B1A1260D6482819558D8F0FF53908081B91CF111FFC1E79C5141E43164668FA4212F40E83EE8D13E222CDCF47C1E08E73A838533D1ACD85388ECB18C7A6AAB159155714E18EB2AABF4E2DF9401C1CEBB9A672808CA3A849C1910D6C18C9713E174749AEBE844F10E46A4BFA48A826052DE4C50FF9B249037D2D3BCFBC76BDA60662EF04D496146C13C3EBAA8CD0B71159A6EB7006E093E23CE685BC80651495C7A245757FC555CCBF0E6995758B7B98226457E749E86FE9D508404BE238DE56643906DB3
:FF5EA1002CF7B04DA12473FFA913191631BE9F5D6B8A422AA69F2F9E4DA3F80F27398078EC7A40AEE73C0ECD5864823D5D934DD4466FFCDBB75DF77468588868BAB73A508B199A9F7492ECDB1CC5EF8176FC0FE3C07BE1D506149518A098C8072DCD39F69AF7F23C80C39D68CD560A64312F29DFDBFBF6F921ACDC59E9E923A4E29C6F346C0F9721D21120FBEC2D9E1137E6D227F38F1189A4C7194E536EBB837E9DE16B421ABD9A3885C65299678CB0F72F437F68E2C5FABD6C518FAC1EBA5D4042824E85090B5231AF6379C91E23AA0FCDCEB2F073723F7346476513008F878DB2693C62F2C606D5870DD20EC486C6A909D23B0FA20FE2FDB7A529215B4FC50D555484
:FF5FA0001BAADDFE474088369FA299D8A08F39516718F1CDBE16A414626B463EC61A35861A48BB39E1913ED6554198992A07DCDC22E6D8D2386ECE9F34808C8EB67869BF0A99378C74E81AAA869B740E68E0F0D1127CDCCBB103A35A110213C9AFBA789A7B08E2B310A9EB5E331AA644D36D01BD0F5CCD4881F0D1FF948E6A2EA06A1C04913DACC4C5359CE0A467476305812958B5C24010CBE720619F5813A7EF61A6320EC774BD906A055AF372F68A0DD0F744489A4EEF68AB25DC6910FBFDC35CD1ADBF33309F28FDF4B1A7B8B8EBBB498A081C86D2A8695848EAB57F976BAFFDDB4688E88AD81E46E604ADD7E29B4A202D11278455DB13C82D950052E3275216B048
:FF609F0039BBCD02FFCEBF898B4C4E853E9BA981132BFD9E9918521868E162DC86BBE141EBFFAAD00240EF64A2E29F676E7DC078A6CEBD88FDE73BF1CFB8AD7B618DFE8E9AF4225AAD15A88813B398C3FE0014828FDAC24FFF65A5A685F3D48D8581011F68BC75EE91450787DC500EF26440F9DBBA17D4D3497F43EAF3D00921C068D8EB7B40B26BD13CD9C8E6BD9BABFD1A14872070B4A320FF80BA8DD7A8D3297B0C0A965111ECF837B661AE4585DCAA6BD35D415A98D06976D121ED503F8997AF62D0C4F9817B331ABA934DA263C1B79EFE95B9EDE416543BFF7E44E7A8F40B000366D70FE0D956A2C6149EE0601FFA1C4928A2BEA982873E7140D5215ED5DCE8CC68
:FF619E003F5D907BC8354EC376A1358F50F9A10AD8C1472D3092FCE7F714726E072BBA729345193B934EBC8F164469A94EE54CB72DAF56BBACAE13DEFA361DCDE6846586702997DF92B6E1F17F6F0763E66AA2C1685A205F68E74C54BC85ECEE650F6D2EF4B344B6915B449F20EFB602CB500A938B804F689F09865EDAC5D8C23043CCDBF1D8768760D8B5CAE8525D6FE5167197C8132B2835B12A807D7D208ABEE9392C7669DCA1082AADBBF6137ABA2D7F4A1E13A7A3F5647848CE1D7509511308451BAFC56E63084FF7754D3C481E252EF5B249995388D99B777949D0840E9B9027E6D809C9F1EF4CEE535750CA1007467145CA03C0AB8054EE2DF70CF38E9CC10E38
:FF629D00A3D5556F1F54861B64479EFBD6C9108FE4B2895C9160082B38169D7F334BF517C40A77677FEF7781076D36C940632B47C9FEFE63CF7A0956A0E37CEC6D30AF7C8C5326D1C87D285EB58B8AAE2388445B09319451FC70797A085883AC09354159992995D411098B2AF965B15974B3BFEE55E8DD6EE39C3DD4EE72E661E2BA74E591DAF7E6C841B73C32671FCE912CC96146FD8E423CE7781A0B6F55961F10167F6B327D3ABD48FB0BEF14889E3008C53EE1BB1B109C706761F0DA7D55F636644778B682642E7103C601562A2E9B3F3E62031FAC5D4B1809096A7ECC495162B465B25812546B4A386114F2D91193FE6C613148DECC439F8845AE3D591B22EEED93
:FF639C005B335484EDBC2C3A43FBF39075CB8DCC92D65E89A73A231419D757985F6D1648ABA2B191A0475B673A03F7FB8F374265C46936CB48C25E12F7B0AB9646C35F7947205D6DB6FF5C8FE8C9C6A609EEA5BEC7F268B96FFD4F8435E72C2FC80AE42777B8317938D5632BCF2DF6E1F97B4DF4DD81563959C3AE54F7ED2EF0B75EADA033624BC66A086B34C79350C643B257E9C9ECF8FC2080A41CFACFACE1EBBB47409297F2E125BEC69F407D09B1B4B73E92193DD30245F5581F0C20259ECBEF51DA06E3FA2FF211B0C0C1766D7E6B6780F69883BDEDC2C87F8DC27F51385CB03A5CF9FCA7552DD06D8E22247E046A0D291FE6F03B7BD0A6996AFC26F3BC3282EF31
:FF649B002EFA383F1E29C5BA150E789098A03B149F0E2E2094D54E5E88124757BD8D936F3923C204248682DEAC1C404DD5FD01AFE794773980EBA815F6077D4594F79E2DD280046834CF9C482C02B3D404AE3D67C3BDA4DE1141FECD58F54DBB8F0EA7100F84514249CE597A077A971B83F32746890CFB08EEF053852F070536211B178704D1CC77CA5910E107C2207DC1563261BE6BBE74CFC118FEA5E685F1063ECE572BF5F42C8DE783C9C93C277971D8583F155773D2C7D40B404F693027C0532526267F9C302314032D71116E6BF29AE36EF9BFCE25B9514294730871F56DAA909D58249B4195E28E6A79C5BCA1579DE0CE2A3025A2221129FA6603CCC2A4DC13C0
:FF659A005FD8FAB7C29C902715CE8A8B49F2D139AF1C076040D82F82C0846400F57F80125F154BCA14AFC281B7894B093F11A533380193F86B996DCFB9C01062BC26CFF1886AACD3E218352D1AA23C2BFFC08E919EA798259C40227E91B6A065CFFF3C8F4FBB7F893680D77FC29E650366ACB1CB560CA9A15C3CC79E9EBEE1DCC5014ADB6E381AB021DC01DE1D4B922AE0470B3EAF44CAB713066F5B441C08C74A642A3E24870F6F56B54A359FBA7241245B5E3A65EBD3E9A4ACF20948514A90F66F305259969B327AF851D04B8DEBE6EB39597DD1075C5FF0663117F8E073E61EFAA90428D142101CF4F54CD1AC5A654A1C8F5447EFBCF572DCC7E63E0BFFCE07AB28E2
:FF6699001A50BB1983A8CF7C3FF0D8E2C2C9CE628DC9E052D79830B381860A94071AA4327958237680580E7C6FF85E66DC17467753DBCE3084DE51B68173734A70DA0D71468F005346A483111C40383EB7BB7178D394489CE49F87A286B1EAF9EE7588A982A31278E2EFEDFD97B813B841EF95D9DD982A5F49FDFEE8120B68FCCCCB09DCA57D16218A88C1B490B23B1249202A903161D9FC95ACDCF7769C70624FF94D26A9CEA5ABA8C3C813B8A237B276C8151C823C9C3E80529BF16F3DCB8C26F240013657A196169F68561F928EDD66758D5A3392D90C998A5D4B4FDC203A153963AB065DDC9C41070BF901C2974D01CCE972F435A62EA504EC4FA838A54A50AC6A8A
:FF6798007CFE6257E388024D9AD0CB34F03985AAF7BC1926940E7E6FD038D30DDD0383170EF42683B1C2586B99E673FEEC15BB9889645247DCAB33756DCC1D490796264B63731877A0C25E3265B89A7E19AA6F7648945AC24A5B101CBAB5310563896B0B79A5B12D111F69329C473E64570AD924DF7885B9CB278B0453ED3BE53FF900065F58AC0AFC7DD51FE0E4D0712121D7C34EFC12F6FB0DF15F79ECA7B5234BDF9EAB0677D8C7655197C4C3957004DB998B50AF7F8941641965CB645BDDD9D7235D01E65FE9064B73ECE9CD5F0B3FF5A5031053E3EB22AD860103668484EF5EA6E9BEE5C6A788519EE9A67D88F07D3217A970FAF9E3785F96491DB3104F7D22ED33
:FF68970002E50B12B686435B538AF91BCC8A1AF2DFBC3416EB9AA0525BA21FF6A30D69F86090C763B86625A05829296B5C9E0AB9F96EA3FC224CE852D558CBAB9E4FDA236BDC36415D071D1101092A64B35900A8FA33D5495FF467E61D76515217768726B3DE9F72DA02B1B075EDE69F6E78F6C74EB0F817277895D2289F14CCD4373C716AC6F8FD7D4FE00448A61A935CABDAC6E7294F39A01D413E791998ED790D1C74C092D9D5240BA72B3F7A989CCA3FC01DA6C1504BE6B81C2078E4F46118253CA245825DEEC44F9FF110F455F0F3470552F149CF6C00B326AE69ADD4D8330BEC6EE92CFCA4480C5F7600076C97A34EE147ADB4B605D982F8B182AC2B3891739DAA
:FF6996001B7A9082171820A884CCAB45E8B4F6C62311083B2EB935662163FB79381845E78B74DA9A3EA7F0E1207F52C12492113EDE054EDA8FEA74A4A92FEC5580F405DFC8F599A5239E3AF4BB48DB86801434F093F5622B0AEF7AA873016FBBBA3F3201EF9007E1AD219AD0CE56E0D3F17392E81CCF80454222C636527663D039D93739220D2FFEB27CDABE219AFCA7E31C71A559A5D50D061B55B2D67F1ADFAFC510D2FB4D8A363912CE5147A7EC3E9A6D06DDAC93FDDC329894F7977DCA45C60C449AFADA1708EECFDF7DA21D49DDB80119631E0CCEEA1AD908E56782203FF487DCCEA286242FDB0770E6D07D7751B29D73E9A18EDF0288ABB8CC9C65AB4049006573
:FF6A95009CD32BB59D41D9766867577C236F6DA35820D57B9A4AFBCD2D81D96EC5BE53D1909887D9D9C57A51F1B7176CDBC61EDFF5B32DB029DFAF8FB1A3E9E99A3AE6623D63DA8C3CD1386DB12209E6C8627470E2B7AE84691BA0D8968CA92F247C29D3E08655967558FFABD1DDBE84A02EC0CE33AC792FAE028E5367D0E7B826D5947DFDFF05D046BC5E55D69045E6855F8566C079FB08ED00746D0A3FBB8336FB67CDC3F446CF0498D13119FC6256F3B6D172E7800442023256250F81A5033C0764C3C9F66CBCBFA6467B13FE7DF8BA59BAA03F63A59A92D45FDBE503B7185551D735F8EE0967B0E3A0A86A592E99BB4986FC313879B6C1A45B5700CB91E8C90E275F
:FF6B9400BD3DE94419D239D11AD02EBF9881D6C9057E693994682BDECF3944F06D8E6B1E4AA0B7656DAE35CE25943ECEB32F109FFF0A1E0448E76A107CA8B3915DFA26C4049896FD765BF928CDF124E656EAF234CE8CE26F7CF330D24759A5DE42272FF9F236E3D551C799183C2E858604BDD1A53BA6F25E792BCAB6A221475F784F489F7C7BB2BDEDB485B05BBF072BAB621B5073AEB896234EA63B3A001E0B4743029300ECF943030A18AE7E0C8C3CD4210B8C3722C758FAA1152B96A9519DDA5E75EC431720F5FB003893A35F840C8E41820EDB6CB6B6B7EEE33AE55852873E2B8F1A1E0BC3F228330F2543380BA1F8537CC46799449F6EE17587768CFE5D94216FD0
:FF6C930033A11328B08B493656D53AAD90E047C6C796CF5A0969C0571F2BF10EC9C15CB81F7818F552AD25A12567FD2C58ADFF430DC7BFB45347F0DC04480B3B14F40B50D41662D165CDE4B19A10790C96708CD0E17EEFB7381EE00698E169AE6423B9966784814607641EAF707A888064344B3802FBD6B24EF347BE05A83793B29D4F746BC06FC9FEC3AFC9C8B02FDEC3A5D06DCCEBC3CCE87ADED771B9A92903F9C457E38CBC9F4597DC5F02507F28803D5889A0AAB0F1EDD3AD08FB571AADB1C176AEE1036D82D6C86214542ECD7030DAF4E68359C8037B87B4BD2409A8395BB7EB3B4570750170C6BFEBB806624EFEE3EF6D1099188ABB7A2883867ADC236FED6AF9
:FF6D9200D9659519F02C18EAA4DDE9F74C4E6B31D0D21F20AD72D46CDE61501145D6BE5648C8BF2D43128A37A8D298CA4DDD9E1F88BF58F90AE7C48EE5C4AD35CDD42419535AD9D38938EC15CEB4247465AC44131EF4CA84E3DB08BBB85A23ED1A9A1DDF61851F045A371C5C68B738A2F7191763BAA43399A58BA04A1F27DFB6440C22E964BD8FE8F4519F76959094DF7972D3C8F8EAB6178C09D141A81A2CFF02E681CE638B26494EBE7395C7FC7A27DE85DB04835B403D253876AF22E43B0CC5587AC295BFD1C07E7F33DF41608C3A7CCB894C3635C09555C5E6B16E2AA72AA7D13D8AB9DEDE41A91F9066F4EFAB07961E5AA046AD98E3336641E285B584579EB924B5
:FF6E91008455EAA40631D601E5F05D39F9A5F0E3CCDA59EFAA17BA57C407E9075ADC03C30B80A9636D9FA5F71E4E3627384A29561319DDB9BA1B74A45439C46191FEE8901D3465A91F716A822DEFADAA0FBD0903C3FF217EF21221E2695B39DD1422CD6FB07086C903B5E4F43EE1C48A679A211638994AFF0E02C4D514AC1BDEF5A900A4C3A7EB1FCE0FD0AB37B51493496D2C3987896B40B5B2E926F8DB29E3E653AE2C8B43C8C706466329D4BFFAE49E8A2683553B17AE6A48B0732622BF802F8AF8C878310B766FC54906147DD75970B4EA7A1A3B9946580395FA3EB8A9946E44D6A84F42C4CE711A1DD2B8083D4D4C818DAC74937BD2D83EBC20C0A3776DD5D28D2A
:FF6F90008DCAEF9735A7AD93D34C9737D0B22B07404ED77B7E6EC8A7EDE0525B1356FF7BF1F13A0530BBD0C87DCB0B84F9B8BDC51C0D6941735FDFAB8CACEDF0787A850EB0CF3882CF0FF459D2411D51674FB5DC1751640EC86A033FCCFDF57A3E834EDC2CAB7B3DB259D867BD328B5F239B4892F8F9E2B9F7AA12E4AC19F40FAAC1840490CB7B418949949DCA1873FEE3DB732B0A7BDD52E5711BB9EBAF5439EA8E1FD658397EA03CB1EAAA49FFA102322044DE0F4A050B6DD992827A07B97488AF78A99FD4F1FF5B18BD70B1EA790244086DBEE907EDB845FEFFA8550E92CBA124487143B11BAF8A625CCDB7DB3776CDAF51D17CEED762370FFB837ECB3B9A2F28C266
:FF708F00585ACAC2EA7674F7792B269A5751C3807EFCF0B4ED7272E619FEE9BB1F31BB42E1C16CEA95CE7C7D5C7FCFFDAB80A36564D4A1265A2EBD33A48CD7C2D11DBB4811152510649E41AE4A8493486639993BD019991AD6B1581DE2D4F30E4A368C6117DDC0E86F0D021925757AB800D637D848A61A6C42AB67E0E680121DB1D27915435265AD2E3F9426B91FED7F05BF92D68FAE8FA9E9EDC011EDBD2ACB9B7A96BCE28E9B7268668D381B3D56746F7CD64421BFD3FC03579751BE2FB6C7C88DBD9D3F0E6E47FCE6FC91CE3A391527730C142F5BA31DF1949A148A0D0367535EBEA2F6F3DE6902820D8CB675B7EC8E1988D532B05A8432536FEACC34C8412541C07B
:FF718E002B79A76A33B15F4226D75662DD3D1ED2B1850BBAB1D9A8BF75D57AB778B7E28430D21010BB4499734ED4FC2316A98853663D00FC113F693AFD5CDEEAC88B015D2B1FAEF7B9A69B356051636469FADC01261E84605F91D2C65A7FD57691678977386EEEAB26AE4B9FB97F229D40AAFCA298475C616559F7642158EBCB720460FB9D2C4F7266223FCCEA366888CB5F8CB03E25B3150C7677059A7436B086561ECEE4716A1910B78F3A8947E8C451DFACFB7DE208DFB3FF6B6D53C9099EDE6DCE6951C9665708CCE70D05CBDC88F00D7EE7FC9292157888CA24C110F33010C80BD32964500CE2091D72372E04D6E3F3CAF9E743015E095B7EA877A2951AA58351F5
:FF728D00C98B9655F3AF53455D373B06ACEBE1CE7C9DB7B4952902A6E129D9F74F1628F4F78C2208463E5D0029D17BD8EB972F73C87AC5B583B3862D3492C1D5016B703F305FE889CBCD881392E1192ADEE02C43198FE8CCAE53E4CFF8FCF69FB4679AB810CD0D61E9ECAF4D5B3DB9530B9DC34AF332E284537330C36C8F1B086CF2E4825A5CC326F698BA3B930C9ED7AE704C00818649666CF2B7AD3A1A716B50AC7D8DA26E78575693431EABA7D39E9EB6D11F5C7FDA79856C0EE5858CC05917998DD44AD02969CD8C3A63F1E8BA9CA490173965E6ADC15C91458CBCF5F9C3182B4FF01C466348E836D29C5AB7CEC2E67C843B3E65AC648708DB32303BB943598EA732
:FF738C00C3E17F5634CB59E3CF7A7ABA7E82C3E2FDFBF438D2BA0AC9D4361C76027C0275E7F41AAC725571D41CD0E6955D1421D639CF065BFC2ECA647CCD9A796CCB0B4E5BA197336CA25803ED0CB1B9AADF8D4BBEDB300AAC6F0FE212970EA7B05114D132F7C7878FCEEED5B167C9F02D0E37AB2A8862BCCBB7DD598EB04F1316F8E83A63C637E984D12E80A7733F088D9FD68C85DDBAD49E387F98F5FA8B2DF2B1544456C038536844102F3984E3DC8B27C583274DD9FF08AD285650AF4087E884128BDB33A230CDC8AC57732D98B303FFC537D3531D21408D57F61B1F37B653EC0DA8EA9B747FC06E81A930F7B3E6C63E42F5FD3268D2647BE263687312807918D290
:FF748B00D2B2A4B717D440CF4337EDCC7D4C7CCF9780BB9B99B0A0AF6BE5841C19176B7F9149C0081D995C71F453FEE502DEF1580685602CA9BC10A01685BAC0E98E3E4FEABA0FD92FE5A170457183F18A0490CA7CF7E869E81930D82DB7AFC8E286B399FD5D9977B887ABADF516FC3E1E1A193BAAE45F1093314C50AECA0D69219D628F69D4EA512DBF9C4C72F1EEF32AAAD4A081601E18A6056B4FA9C7820958D73A654803A9BEE88D5908A64C61700260530D3DF0E0CAA7647F0696877640817D2DA67706272CAB6B7819AEDF1E9CBEEB147888B2F213A3043CFD081F4CBCE232D0A9E5297138253050BC8F22ED3C7BDC1BBFAD3BEA2BC2DA08137B6D6B6B4F69302B
:FF758A00E3D0AFAA2F0FC477360D0F9961B46B876A0E43DFC9552A256D31A4AAE95C97508E0E13A8987D3E34A39A13CD7E04E17792937270CC15E70B020AD16551308BAF6EF6110456480E38D2FFDD98F85F114B4B78085FA37DC705FD382C3EF550A5A3AD4782EEB364DE95896716E32A670566E9DF6074707450711E4471DC46B33C48FD557A5E50D9312330949FE596CACF3019801C70DECF5D1EC3733699FC02510BDA8C553AF54EF3A169A268E234A94285CA7CE0E5A47B9C33AEA2F908644C33BA705AB24CEAF9F42AAC5C6493AA3E09EAEA95466D68622217773E8FE8965198B10871E81895745452B229C4074139AD5A313AC15A94F9E5DBB9AA4DC815CE157C
:FF768900EB4039524DB5EB1DD1FDA2C749B66980DE6A3F82172D4ED8F727239CAC530F64B59EC76E8D15F6C1F53645C0BF0329079E9EFB8B51250AEDB0A0628BCECB70BEC9BB0A33DCF592D6C269F3D3B792BBE183EF79C890DD7045AB37795331B3E06DAF54C0741F8D3AC4BF5EB08073CF350CCDC258C2DAB8EF265D667D996F31E76FBA0F80D9EAA75988CBA2082A2A4DFA5D9941B4AB3B7D2E2B6F0493C9880939F59C86086EB895FD7B53769ABEB68501593DCDB6BD6395A825ADB1EC634F9AE74D504869C7CE57182F9297A4ADB3B703360F9338E4F2F29D7C92B54B7A4A5E3549C36E6347FDD35ACA191BC40D73005493FA5A55C1BAEABFB758CA6C832023B6E5
:FF7788003EC5D0766BAEFA555AEBA840E260EF64942CF2E878C68BC66E41A0101CDC5651E437205C449677ACAA2A16C72509E3D22F1EF22C5F27B57B5AE6110C40CB2277E52BFF68527F4AC952939F8DCC85004244254BCA86B9DD4A474A2606C0EA6C3CCC8CB4E2031AC0EBF2FE94EAABE730C48AAA94BDF0B63B9785B52532EB5F0ED6D16AB5019CB3BA6CB4D1D637CCA955CB891DCEFB1E8C28D7464B2D16436851CB10B9ED15A6A3ACF05A68A608558B99DB73188107E642B416C2E0A7A109DDBAA98932819F9B339A0A5BA4CDD43F79F1AB848A37C7120A83A9B16581D2321CE11A14CA1BF7CE9AD4BF765403FCDF90399A2AB7326C53B1D20FAEB5413535E8EC57
:FF788700CE50C75682F529742F8C4F108878346C4506DA238B8855438A6ACE17D8F2146C6B6AB85AF3CB0ABF83FD834B36BA89DBDAF3CAFE5C90CF8F2C922CD120CA770FA99C73D1690E8E272E829E1F5C444BD229B1597C64CBB44FBF33D7FF909DA38E9CFCB34DF152137AE3CA1D3E8FA264913C4064C8AEF2165C510639485C4CEE6F73C751F6A3BBCA2523454EB935DF242358648C59453ADBCEEACDA89EDE40174E6775B9D28923F4F23045BE8A9C6DD70B33C4C07153F6897EB9439556B7489276B1724D5FD8D2C99CD2DDB6A5100CFDE18996A793A6AEE01B5000E690E4B66509C7CDC5B61BAFF818F5A2DAF676BB401DF59C84C75E673BA88314A38A6D75D995
:FF798600E00F8C4A66EAD5AEF99BAAD9FA9689B98BEF41E4A00435CE7DD081EBC5B3162ABD53668B17AFE29FE24932EDDC24627ACF62361E540FBA1F11CC11D19DDAC1D73CC9B4C1C928AB25B656A2F36937AE36F4EF171AD3CB6BD4D8A073C80DC8FA931624AB79D53C643F085631D4FB333B75EE123A286CD6AD60DE1B83CD4302DD08B50D7C30491334C1123BDA6BD8616DAA968296DC0A634F8A5C1DE68A0AA328DC019D6881AB1D43A755C57A57BE7A140DFE61B73BC9C8D8A46AE25BAB2BDABF034BFBC0E6B4798990D4FBA46A808608011ADA128107DCAE761F2893D6FBE09425669FE04EEC49B097A81D78157DFC972AD520B44A1F6B57D1F8DBE3D1973B3692
:FF7A8500590AFCB691A01A83F2F000B0DEAA133E185E508A3F5BA5AD4180E2232D6C08DA760F2EEBECC5F27D145B81F2A53B67026C06024D3D04CE8A6A5DB8F6903811A323F0D51B49D2A958904FAAA375D1163E39826DED2A1E67B2001E1DAE8B0140284F7CD48F83307B83AC8ED00D91FE5D31E6FDA0C6D5665CF7AD16FCB1C6D818A2A8D20E075B2B633760EE678D9BA821E542ED7E02DAE633CF4299D9051497399EC79E754CCA4D17C7929A66557C1E9DD75E9385C05520A8689E3F5FF35AAA56C80705AB6F72D21B5DAC4C356F8164B8165EE846DD0A84D1F64825EF432F84C307EA94E43AC1F6ED4A9C16A60BE360A4A3CCD965C3DFE7314F8E84A6DD09815C07
:FF7B840015F30943339879C54EC14E7A782B13A8638A76CB7CC716B4D1069122412FD0DEF61DA71C66FCA1C13E5D36B6FAD13114A132C4F7874365A5004536302E3BB1D5F80CEDC9285A8DD1BB41D5DBD2E94D7587C8786B68156554DBFE327D39C3370D8096317F760BD7371F4D302255E5B56F9E70B20108175DFD3E0D8B978D11BC969D6B20831CFC7BECBFD7A4B10215B4B6A6983F75CE87514C1091134113827A5818E2E956D0EF9AAD5B95393BEB7C94B93FB0287429DA8BBE6826E8BB634C4B5CBAE8425191E22EE9E3E2C3906D076A8F5AA5476935449661C1EECD9A35AC1D184C8EBC567243827A0A2C4F4F6B3F03C1998B95D198CF3EC80466AAEEB32CA5EF
:FF7C8300AC440B3CE4143F447526644412B400CCDD85E8140D3457FE6C1DF1F5B0CBAF13106401160E35459FEDA90C574FAD07A373122A16E554AE21339516436AB401E35AC5B0C7A61D3F2DBDB1425D6F4BC9C015092CB14E418C61288603C4F1255CF5C033233030F0191CBD2614E4A5F866CCCFD7D4D4D5C55392443930DFCFFFC00EB372EBB017F924645EE293E5BC4E18732A3729D8A57387E5EB7A85D223AC1E7E0676F6F0E37F9D50502DED3D077E5A40CAF0F82AC26CA4F66D92F54E7A067006977801CBF9392A9D48AF32E19AC1A12D6A356BC4C7C95058D93B359309EF525DA2573A316CC352C893B2B2BDA66D299E7E6B91ED279BB0AEC73783B5106EE30A
:FF7D8200EBEC350C80788ACE342223243ED99F0195FAEE5CCFE44837E171376D3921ADFD320C508302EB2B65F16197566431917467F60B6E1C9E126C1774E5F2184D13D73238BF59D578150EE0B67BB5F0043ADD0AE816CBC9D6701D7B5CC5ABBFEAC32CA698660857401A2BBB4AF18FEF399C95190C4805B4AD7C1F8B38D73216D6507D3BD736B7F9D1AAF00B568ED72E654FFCE350331EE758D11ADF55445FAFBF4F7406913B89E8EFE91F6D351ED5FBABAFCBB19E0B5703AB2C011939E4E2CF924DC6F7B6FBE57176B7440A6E39C040F08860B36293F530F4ACC0C794C94B5BA8FF4FB5160CC4D50788373AC5EE73AA471ED60070365B3CA69FF0B9913DF5E8043DE6
:FF7E81006ADC871D02487E740FAE286B51B5A2E232517003204184FAD143E2CF695FC5BD808F6A710F8C759D719BD087F8EC699451B4A9F000B1516907AE9066EFB91FD2DFFC30AB2FE8FE0B99A636BE8561F37B02333DF643F388C616AE38BBDC75B7452EA885F0B907A106986BDEAEB0F8AFD0FA92030F98D33C5076CFF3C69F82DD31D0C80DCC907117EB91C47F25CD213E3990920D0EC90CEAB337FC1D92627E5F04DD3BE2DE6DDD660A49FA6417A3E770D83DA010810FC9591483D596CEE65E42D16E895FEB018086FDD4DA91F503C0C4B480EFD9B28247FBC54F3E3275B9EDB9CC4CEF536C9BECA2B62279A7CAB2F84A4B879766890E85733F52683572FDE07631
:FF7F8000A600C4E9469F7964DE45C2A9E776516C003750930CC897BD9F53BEFFE59E2DA93BBB7683143D0076794656AC77CC752E7039333AC7F66A12BD04666B3301FDDB484A42242E4CCF111C47D437EE733C848B487A61C57F04B31C86CFE30917A9F2F7603A1C2144448448916726367A78744B40D95306BD5F11F0CE44626533FD707F4B572B9B5C6976BEB669C30504A8CCED8D10E399AE4B1FCE3F13EAE25C719E1CEEC2545520D5602E74801601B3BA56B938E43FF6B509A4CEF73680D0E4A8E3DFDF7F240FECD7E1DCD1234AE7909DFB41DC0F192CEB12708CD4CEDDF6BF2B5CEB7FCD686A42938AE154486B623996B5D8BB72E78E2BC78A0A04B3A6D2240D51
:FF807F00C147F3D59416EFDF8F0AAF042B909418F333A62C6D7ADAE3304A810348EA2A008DE9BFA0951F315EC10CC54C4B7EEC912825DF3488D8FE36098902E078BF7D5D7EB5F1FCFB782DA9B9747D42E8AB4FCE174EE766ACFD8FE9BAE5B55B140483546DE1AB920903C63DBFC5C5FDBEDAFB8C31B8EFF8597DA35FBBF8BEF54EA07478348B6868BF012B55DF7AA5968FCB42C52F0E34DB4E611B735A78F51C1803D14351B636C92C11B59A74C255D30D53C094BCA20F90A3F5EF25A8312BDCC1A309A960B5CA5BAF783CB359DFBC6F4989D75300C13B88D702FE5A5A1D9566FA78FE9AECA6568E72838BF2389DFBCA78ACB6D02127E34270BC9639D445C1317C3766C5
:FF817E0068600493913DE6D2F8E12AE86B457C43CF097319C2F0E8DA016AF89E6D24A8CDFF8B7539855DD4A0037EA33B5332A80C80C33CE42CF0CC5271D79A089263A617BCB8FB58454B61CB5F6FAA45251F7B59029669E4E5AB3FAB89FDBC162EFBA2EEDAF10F94123AD7AC99E611737C4D6C0F9824C68E6C3375F95C4ADCD3278C320E188E03B56CD36962B6AF67DD4F75D2078BE9BFE91F5A5B420B1E854AFC24E913ACB43F9C5AC0813769EFDC24015C16126C26E222EE64C484317FA9F1B5CDB35F983FAAEF01FC5FCD58B28E587507B1881686E0EA46FA184B18724A400350EA9D7CD19EBFE792661979A850AC9178CB639C043DB3465D2829D32E5A592306BF9D
:FF827D00BFD149E9E3C8367014879F0D610DB298EBC7DE4E1F157B6F32B915025D00043EC224A6EDCDCAD98E2AFC89003A2C9AFADEB89EB7EAD7E8D6C25D7CCF770AEB0354FA48333703BFD0314CCC171C21EF72007DF346B235AE49FE67899BAAB15C66BD4C8CA30D8404DB9700AB3E732858ECFA46394540D6871E53C6960E0DBC8380373D89DCC0BE5355E333F855A603288072FFC9539BB942AAF70F302C3F7C6ADBA8483BAAF817F6D9218CF765D5E4CBB74C6823A0E91475C8E94AF6BAD829843C48F54F9183B15C51B3DADE48E99A76FC6F12D3D96A54D3A89B2F6CB7BFAA698AE46745474728AAB029BE6F2F4FAF98DBF08531E3144C5BA258A9F25548D02797
:FF837C00C5506110A99CA168FBB4A360707CC4FA9A71C565FD4C3E9788E028E29FC863CB29242A12F708EABA7EA9FD39CB121C622453DAE7843C9BFF518A9C56548D3B4C6DBBB85A955AE200E4EC024F2E73C17A027494EF60921451AC65DBEC510D18A929AA4360A0EC2D85BD92FC078D7C2315978233F3383F4BE8760EFBEC17AF896BC5F5F2213F96599668C2AEF73C21CBA06052FB67B731D966EF0FAA5DFF09D3347E7A4595B68512C2561ACFE7B4114E24089BFFCB3DCEECC02DE69ED754C267823907F2E3D3F27E0339DD06EE62F722D50F1B0D79D0470CF3069165F0B5C6FDB54B2183CD17B79365601662C881A33FFE996D0AB1444225AB4C22C3A58EB15432
:FF847B0058E68752D1AE0658224C59F96BF254E557217EA975160BB082F399A10E0FC9895326A781DEFE2A92869E600385C3754B2588AD7867BA60E6F31BACC26BA4049C205015FC7E51EC2825A5B6906E9E384805C9A79691DE5D5B7BC185E2F737483D2224A63563C4192D41AFF5CE8A6B258397A50828B2624B3EF5AADAA36EA4AD7BFA1BC5A47C5E11D3E41E46403E40FC4636509B8824F7CC26FA1EEBE03950F32AA8475DADFCFDB16248037503903C28791AE837E988FB27019AC007DD161AA3FC3968A162ACC9DA94A22A2E5426E8CF5D2AAF45ABEFE8BB42E67D856661A89062FF80D43A3F3F63505F2B4C5D438B1C4584A760DA36E4121626E4E2F5006A7873
:FF857A00042D738231E4DB5E172CA5CD2B1937F6A6590A1E68748549242D8BF06D69C677F5FC7CA861DE81DEC9F2ABCED2CBE86261D3CE068F875529D2B3E012F3C4EEEF03E93FD46E730FF69BCA3471682CA5A37DBC8FEA73247EB55FB485F64EF5DBCA833345844E59BBF47D4AFBD3EDE1922C7CC187D983A7A8CB8FCF3786490D4C6ECD3A1D80BDDE1E76D3347C8ADE2A19CD25D889C891C5EC2DB439BA60FD3FDC7496FD02496D13C44248DAF8703A37FD8B073F85C40832398660EF71F88735ED464EF00FAB90F950843AA8AB42D539657CCBDA98914B63056A488278EF0C688BF8EA16774D1DABA57A9C697952605E7FA0403C6F90377EE32669FBD84AE84A3B4D
:FF867900C7EBE2075F6B23A539099EAB504EA9E2109E2D10D8EEABD323644EFB9081EA2CB6AC1709D239C7DCE8DB6F6E1038AE38412063D732651C10057DBB9D87AF03A4B1D28CF0FA761DCC8673D79BAFCD2F33262DE3A4F5F93098722E388981FCA405F28A58A1236994EB2B4F11797A522CEB627707D355CAA21EE485CC7CEBB2E4DA6A3489D238594BCF84204C41E7948EB4EC39A8292DF34E97082F80551737C5A1E89AC4F14F27B062FF7B411C6D71F755958F914807FB6E8D1EEB7AC8B93B7D181ED520E1D59BEEB13320D5A5A1F0FA326462B8F4D367790EDC74554BCA37E8FFD8112C37E2EAF70740DC87FAF1F2C0F751FB8D53F1F1F57FACD95BAE104BA65A
:FF877800418819A237BAC2B37BEEC166C5BA7E5AA82EA6DB4C6FE059F34E94305E16EAA25B38213EFA7D5CFD0D11BBE3732C014AF3FDB24F1952D8169405AD7C117FAC1A9F8D094BBF7D7FEAE781D17F5CAAAB88EBD13ACA9F0C6A13B5AA94F3C2E6E5E6A5E44993D497D6843B4B6FF78B5715825FEBFE12C6CEA181C36B873EB76E335DCA921807B5DCAFE84CD9A83D6B6FF1226900152DC576B228583E3D644104D249FBA7A33D4AC85034E3A32C4488F35B8F8253619E1C4131CA5F6798774DE363BEE101EAD14DB61E55270EA0343BA8381770CE58BF151D59E7D806D8575ACE2ADE208033D010819EE86C75254EDED55E930BF0D0462F8CEF072A5959A6B45F8EDA
:FF887700A26A98A47F22C645CB3C49DE7466F07D6B5852AA79EFDA6B4DED55B2E2349C70E943740E7D3A65A2DBE4B30EA0C8A58DEB5CE4B07A8E2278E9511A559DFDBA313AF5523340CFE9E01D1CD5DD2378544DB9E3780E13915C217CCE7B54EDE0926B556F5C9F906BDA72006B84DCF0111BC74EA1AA7BBFB4B3F3D005077747C5916389872573663657FE41513CCD4AE3E3A702B30704D336F77D21CB337CE4AE313A50B0BB1249926318E39ADFA5758AA09124AD9492C037F98228F9D99A97696B57E2FC1FDC2615DC4DF4AE688296D421AD7DC06F9CBE908E37077995322B72A80694AE101F76515C7BB20BF64CD0F9D2DAF5970995DFF5DF54319A4A53D8309D0A
:FF897600ECAA12F243ACF522C74A704C4646F48228722E703C6C26529B9B4E962583BB74394E27520CAA9DFFCED3A5DB3495F9C830D5781875BC7B546ED29AB179EA27354A18C4CDF1741492AB8DF6E951C08CBC8A70CAD9E24B9F4E19754853ABD6C1691D0390E4B0780E9985178E1FC4F625F125D8E62FBF0FEA2499421E1687FBBE44C05353D151061BDFBBA39CCB6EEC970666DA19C6B8DDFDA5B451FBBF0F232075B8809DDA4888307458A002254C8639597198963397AFFBCB102B5F2B57098451672877F7AD39EFCD400AEF6EAD3EB43BFA2E65FEB9D125B476BD0172525ECD06F0953FDCA7383B0F8900BEE67C3A14A0FF842E1C5489A0AA063489D95995B60F
:FF8A7500420543D8DD3BB5087B429B7091634991BD822183AE9932422BFBB9A27E3B42593D99BC9E0310C1AC16E403AA24FE3F9A26C290492C321C2DA01E4201FAF80E1C7B6740D40794C539D2ACA1CCDE148F404FCDB86B6AE169870DE995D38FC3C363F1DC850AF9010CBA87FBF494F9D0DC25F87482D8F76B2EA55F684C1180923D47887DC86AA9EFF90501DD9A1331DB502B1539EDB4E694B79634526B170B6384B641B26B08AEE31DE08A9F6EFEE44CD9097CBD977A05619E2CB087E8FA272CC6EB8F3E85D60E60011A959D3F42977BB5367B953E1021B7821ED6BF92C47ECEFD0B458B1094C429CC7A10AFD8928C684770FF678D81B6B9283329F4578DA4F8AACE
:FF8B7400F38EC9BBB649D5E21A3B11143C2B410B59B272113EA6421D6FCA86AF240D66833531895F41A4215AA8E9BFE72E12E54E5BAAD0EC6EF44D5E4C6568BB4538245E0B823E0CA5BF465C95182B04167F4F8985201B79FB53C3B5F280EB42D4B08DDFF7777737F22EC43463093C02D0B64CA35EEB05BA4212CD551EB0B8FF249FCD877DFFB6EAFC093CABC9945E179DFD75704081C66D443C204B66158563E71B1D8724E97130D99CEE85565B28E6DC8ECF4B29D68D73F575CE4A1368A3F3B4FEF63C349EA037AFC8D02CF7AE2E4C2A5F20168BA245D97ADEADABA71291FEC297BF2BEEC5B67D3348B5B58F4AB83ED90730279FA43297EFE3A2C6C03114E6DA01A119
:FF8C730010061AAA8861CC72B9E34DB964272040F8AAB69EE757716EEAE3A51FBB4BBEBD4EA2337F4593B3617AE055E9F4CF378D69642E8E5769BBEC82239E13BB5FD0E8CF91028D2654A85F6241EFCF7DE3A54D9C8F5B1DE2F13DBF100922E2B5C6F27B4306D14DB00454051D045D7C8015FD062C0632986E25EA63EDAF503477A3DCC89506E1DAC2E82922D8BAF62353BB62C057EEAB7F64AC1052CDE7DE6ACD4F671F183BDFB411482BA9F24EBF234E6F3DA8842E4EA3EEE597B19C519DA0EA08505E8478A2367FABC08115529BFA416A20D123677F91588D2B0611CE0146C026731FF3B60FC6DC0817074B46EFAEC5EB3969DC9E06645352104A03A215BD44FE0764
:FF8D7200A362B1EE778116AD0719E7E41A459331EB274495E480C9F488AF7AE588D70AE044D90FC662F09F604AEBE66344508B3CF17420AD933588CE0BC5355A7CDCF9D157B6156133A6EF2514595D4ED1186EF7541425678973A9875C42E42D7752D6B7EFC616459EE511BC6BD7F38BDBDD6620FDC6D9EBCB1AEA82701D25B5C388A3CE696D623D3B6A0554068DFA3DF7DB6ED07B4AD6C859D6B00BD17B2075866747868397E53B4E7C641889C544715C542CD678FA31104EF62B6971FA9365041F470C3171B79C5AD32249A80E961B9110ACF5A9930D314756DBEE056C615878A6680B9543C8A75A2F3A3BD0A907095857E35FE1429B0481D5884E6C91D2F9DC5583A1
:FF8E7100A1D12713FDEB871EA5AAF509E9AE133EC09F3B9D9551A6747A99987287C205654A2EAEF447E07372A03A78456C9E3510B7047AF0E92411F253206DDE9450D3B0DA752576D9570D29121769FC5622821CDE193D7A9346BD4DE80B6FE4EDFE71B3C44D7C665320CACB51E8E30D7DB9FBA4E96620EAB570020B15AE42FF87DEEAFABAB18E819E7F9A8EF6B50EAF4A37CBB25A52D59A1C84A5D02CE003A89BED3E98CA9F27CA9B4429920C453F0FEC904958BACBBEE3A841A21778B42E7C48E2D07D83008320D4B76DEF597F2D9528877873FC141333503D1BEDAD10E742CDF42CB726406F5DBC599145CC622E7B943F404378D94770ACD618EBF79406AAFAD5694D
:FF8F7000F0E032695C5311778814BD6E16965CC8122254D350378E5566109202D702FE215405B946A2A1361604CC0801ED01CF8A370DD6B46AB1A257B4FDF4913BA3013348B5098E3A3DDC702F0C9C07077DAE35CC928F97062F799552671923D37415B1C1CACFB8119724C367AF93CF67C76120E7DB632F1B9AF0EFDD1E0948B6767752A9A5BB195E98FAF02132AE66F3894FC57664436A84625ABCCBB9DB351323CC6FBFFF12509F2D7DA714BDE44AF4E925CCC6405E1AC4CF7FD1225308FF5F6A717DC47730EE0BC5CB9D616E4ADB3C95FEEBD777D7D32F6FE6E7096B1ACF64DC1935CF8DF8DBEB7BF00D05E1D4AC5496B01783C7704ED0ACD7CB77D5B99647E766FE
:FF906F00DA8A2FE5E3A188046D1B1CF76F11FDC03E82274FBEB64C4775CDC0C2416B5EEF109CE2656A066B2C5908062DD16246424DFE14A7B1490928F502F89911CC7B69523AFFA4E6F8A48BC6CE4918350F38A525F5C63E57697F20338B2EBD67BE4BCC7E2024FE8F34CD7AA0DD9C3FA1B87E950AC5C0C99E5BF9C70BCD78856ACC4721D83C92619EC5E7A207253FE83266B01E59FA947C958815A6AAFB11493607C72B6A197B90C450147709C4CC94967387C44CAC78C8506E21B69DF131306F0C21896E1ED4D0CEBFDC11B75197BF0F3EFE9BE3B5364676457AFD18F3485DB786EE37E47701A86018BB23E3EAC094BCF3C8C3EDCFB08CEC641135D86D9372242988D3
:FF916E00DDCC56970558851BDBA84A185CD5F88CDA4ECBB823297D72B5DF5E3D77E65C3E796E651164A01B90CC8E9550DAD626AB77609D7D126B0C9B66001F2E3ED6E0E44081A2B641963CB0D51AB0D7AE9B889F294456A0A41E6D293617BA1178D72C70746F4BD72D434875925CAB94A1E77132C79CCA8D32D6DE5E030F5E75DB2839AA92524A2A19A0858348B55C89C6DFA82F7D6EC9BE8B5D0A2A91FAB3ED87000A1451705B5E86642B679352D5482CC8C948846EB337C4A2CB41CEEEF41ECE21D2678914A5C2056BFA9143F11F2FED8FC95FFF159FB45745745EAE18B266B23DC66037E3B549B2B1C730D8D531F5FFC5B965C624C0F77DC50644306B898E95C367C2
:FF926D0066705983540A79F20F59BFAA7AE75CA5A5AEBC59B5CE8002A078854619D6D8DFAA393600BBD3AD942DD53FE38C9AE04678C21667794C29C6D6CF7534501959377F9BFB862A97AA997A68AE4E39D2EBDBEFBD044D14962F195A248EABE5613B48D340C725DB3D290E710387638FBF2BC06ABBF405583BDE57643986639ED265DB227060E30F93CCDC0C0AADF6AB2616BB7E99D96505512A172D872D07BA57037920683E03F2FAEB62D9ED4920DA1EF8FBED133AD5F2757AE1B5B5871195FDDDB8E24DF0FFC5C5CF69159AF2D30E1607325599A31B062BCB697424B61EFE102F51535CE7F71B0ED26349F4BABFBA932DABB66C21459E10F55C650B7E0D4557669F
:FF936C00FC12C7DC33C71FD58E406CE012099CED961FB1859B5C36371CB94C95E74FF7B247A0EAE041657115864BF79ABDC73DF70762A04DA19078E09E080DDB912F90738196F05BFEF097A80C71E114C2B10536A1C91E193B9033012A2E1B2732EE95E4F286365B281F990C74C9BC898A3BF934CE0CD2ADB6650B6868175A5F401CD4AAB83A450C6942FBA70F6379D429E9C452019D0360830886FF2C118D0D296E3C72C9E5DCE10ED71A19AEAD9EC1640ECE624D19F84A5C4181CCB0BF07F2C89584003B2FB93A4B53B9FD170E25E71C1D0C6CB8E967BA3F792C07FFE37A111E09B39FEAE64352399EA53114D53AF991183CC9B0CFE98C0E8BD01E01F9CBBF7D683D35
:FF946B00B52ACF134DADE4815DDB82AA2541CBC363F5012FD13A33D1F88490791E0ACD3B65556CC9305C19B544FD30F19C6377C71331C5FF4C9F613094F8872208D9E08CB07D03BB78E8E8FF3A12D5692E93C69EBA63B2DBE9B532F162D86AB6678471B4BE2B8D3170980E0AF5EA29C4462C54B3E2BA2EE3D7B7B496E0E91C5C62DDD49F38511322095AE80EFBD202DC0801D93C857DBAC098991DEB0D6DCDA0880CB9A67962499E98D589DD24959BD1F59EF17CB330529E18FAFEC5B0B807A684D1FBC7D8C95084E4D79A4746569B8F17E52ACDCBC6366A7D1665AE711FD5A49571216E569F346303C72F1FEDB0B44B4D0CA10FF1AF5A43DE6E3B6EB7A9581271B3E091
:FF956A009227EB0E649A1786AB5FD8EA53792A7064DD48D2B6D40922672D28E5BB958A6B92B6FC3CC5FC879F6557904181056950D2083BE936481ED85A6A0620EBD1F8370DAF5A14EE4BCBE61CD3AD6243D460106C9381E503DC89B8FC16E9FCCF139A707EAC83667EED41E5965898D055B604622AB9564312074300F5A8C843AEA2911873685C2539EB8B409C3DADE07BE03A5C4F0B4F90B70D81BB704D3502DC7D7A794753C323B3E3EEDE36359DCD363525FD1B0094689B572E92E2EB0153AD58438DA892AE2CAAE005E209443B7A5624CBF058221AE6EC3CF6F4AB3B46CFA58DE6F8FF81D92874B3235D494877FFA1CDAD92F3348F20F9981485C85B375B1F932159
:FF9669005937CBBE7199D4AB1FC0B58649CD9D941CABC102EC26CCD674B8B47D08E83461370A9D77C24F2259517E3F58F2C1AC93D56689EC712DC81A69CD7D409F1F5B16F428BAAEFDFAD80FD9B643E62A62E85B1DC79EE7FC13EC14822EFDB8AEB6077A29BC4C8E713E813169FD81ABDFC0FAD7FF483C2188FEA1083CE085185C71D2F0577C978A41E4B6DE8C4173A49EA7FA892A1E175BC2B86A05CFC74E5C44002800626CB6B0A7748E50B91D4877111B08027C9FB81C056D5205C9295C4209833CE55CC1443E9EBDBFE67294A249C9556012497CA3C71000AB47367D5BBE9284EBAF1CE31E7BFD4C0B4B30464BE2CDCF81BCA554C55DF78D963C040E8D0688E77C56
:FF9768007CA25E341968891E0376286E9CC140E0CE8E8E136F8581A5D6A954C358659FE4D3B2CFC03A76ADC4F3B8761B3B14E24B4702ADD014AECAA8E50A8B92D56BE9CFE4F82477F75150CF4AF64AEC6F912891FB7B43CB4BFF11C20F9CE5BC34816EEE867F9FD54C8B063D573428963C75A2AFF0CBED1A3CE33F451A0B3C48C8941278EED12A5C33516F9E0B3E3869CEB6772A42019FFAAB835ACB7F020E3B98AA1823D58DC6C2A316A7DEB38E549F6DC4753FE90D1296132564718E48EEDB4C6133F7F477D0AA260094DFCB40A89498C0A9EDB9E33B390BBF0851EE0C9839B0087C132B113908A0BB312EA34E61BAE23DC79EC02278D1D4A8BCD05D80B75082749FC1
:FF9867005DF6EC8B29805A0316E718C3D7001557465669EED01909D36B2033E1B247D70A5C6D6647DA1EF7F7E78E8E8A31372032CED64DF8E9AE3252F1B7035A91C50997C5B440309AF700202EA9A59883775F95419EB686700E62E6A84B2244830ED7AC63595114C3FCFE6E9655F9E0F5EC19664018E66DECC9EFD0EDD40E58B24EE3E36F5EB93941B575889D87E15B8EC1F0BA8586385509CAEF9C54CCF29EAEA2B265C963EEAF15FB7930D405DB6C074A79B80253A9D1A02173AED0F0FFC52A81528B5A2D36DACD677D437387FF951AB9B26618E1B320049813F15FDF4A28922CB9430DA7C4A44D675342811A6417DF563C09C84DD1CCB59DF118C4ED6267500886B1
:FF996600D9AA29C8B2DD9752F4B62A6995D37691E4D0D373103B274E5BC0538E80E53B13CAE8564BA6060ECD05617E6DCF536946A689A5FEEB1B2DCA81E2D8254B32AC67EE98EC54A1DC1F632722BAE80644A1C542A226002549059FD3CE31D777DD83DD56D2C0D014740E6AAA2F04F0903B28F9E0A2D4BF1987EFB39B01C215D5E209614F3FA6D788BF07990AB5DEC45A012DBC5F8E17218AE721249996F33DE52686601E3208252BF4151DEB07C22BF20E0821557B71E5F30028B8ED9E3C880E6FAFBB6A55AD3E47400B772580C81CCE6E65B9DA2FDC1AEC0089CF07BA18ADE54BEB4DECEF32A79FD5E85B6216F7CD08682E54EEFF9BF2A9D7F39EC185E31ADC82F9C5
:FF9A6500C14ACA588F5ECAD126C7A6DD0E9666583DCC0BA84EF956D045848EC9648E937B17D0D48F28A0F9F199018DC026A21459D5769102EA0AA0EE73B313EA9F626B792D3BC642CCE0A7097CDF368EBCBD404FBA2846F296E20D28025B7F3FD7633C308159B00E553104619FE5558CEB93669D102E6FFE100B4782BA023657F3C75EF40ACD3A58C771B0F47974FAC95236E1A0CA47BFA9ECF5F5BB39A16F7E190E8C849B14FA5577AE604C7131CA4142CC8CAFD14E934E021A786927773934EB24BEB1DF079F06AC3D0A609C8AFAE70C418E21BEFB0802976A3996FB55EABB8288F158BC2244D70DDD0D477BCB1C41A90EF4A88085825083B70D2897ECF98AF212164A
:FF9B6400FDB423288764B282293EDC960A429724AEFD40176F1C2F32FA9DB33B7898B14CE6212AF30BC877929740C0EA010838138F8D17677288BF3494265EFED3297132D4BA78825C4E1C949B3F2AB4F036DE397DFBEE040377968D7FAB2AED891CAA722C3A28A33E514D2A3E61691918EAD5DD47034C0DFEE5CE43E49CADBB493B3157A850C0E831BF09FFCCC3913BCB9503616DABE5E6EF1BB3DEE0CD36FCA7C8435DF206F87646C7B763B24CA6082A6A2545ABCDCDB690AEEB9BEA670F64716901CFB6EE2E686192F55066D5164D9DB91DF4BB66CADA964DF0F8A03DDBCC64B141CFAE8C227C7CFABEED7FF2BE408536B4ECC2D6FD4E0BA534A867A30F4DC77E7F6C
:FF9C6300B845C4C92E0F0D1723ED3C66C3297BB4C5E4729818136A6D74877304F898C85AB7D3373875789A9591608AE8AE2196F5E66E0F6BF4C881D91071E2920E6D8B578D800F0D61DEB9D9B4BBD72B9694C3A0840D9626BE96D95B3B750C2A149754E90B9AB32B44DEC9330F602C5DCE51C73D288CD0E01CA8C1B37988D56E10D7E48E7FC6292E4B60D6BB08BBE3617D3E4A961EC54D50117A957AC7524A5431AC0D7DCD1E16C41FC9150C37273F7383CC583785DE76492278ABC1473077BB1B2990C81997B6A3944FC4DF37F0321403CB9080D8AC9345F8E8FEBC65BC511B38B712B4105BC7DA38086DE0C7A1C9F56D1CC4080E68806D9C4F0F60C3C5E34415A1E0D6
:FF9D6200839C8DA427F8C4B3BC06289253D812CF6862B362981454E3C46E56EE2948F9A112B7BFC3B244AF5208C98AB756E5B6136A902EDEF65093128A56D5EF4417A145572B9ED92A94132936CAD90B100FDE6CE99151ADB6D9E9882F5ABC40A44A7000A15756C9C45372486EAE2EE71B7DA4ED27D49C0004B7D8B7395F3FA90A3E57A7533148ABA1DEAD0EE69EE770A010BF16C9E62DE9A6D616B27BBDE6E0B102A33891B41B5FFB6EB02D8DE8BEA9F7115BDF3332112B9A0BC5FC2418DAAF88069A7FF95FA5A21ECF02E69849157BADE8D1AA55A47EE64ADBF37FA27490C03A823F4473256010435C14872594ABF9F9922E3D28B121FE4815F9E55B5C0BE56FF8C639
:FF9E61005F0C528AFC0DD2C5E7B553D91D726E69892A8FE5EEF78EDF7BD0629F8594E82766FC1C769127AFE9553748F4CFB894CB4BDA0F706F91A5F365BA47D018539CE3D76C63548E9C9EA39DC45461A2645C2C930E6961FFD704780B4BC8B357A3928DBDF3C64C14F6476592C171E41E7BDF0FC3D53FF137EAA7CF08FA790B892DDC3602D42FEDBC139817DE2D435F05A1A827C77277471F01702F802E2E0A135C96C54ABDF5A7ACA6316FDB25D8DE5B9983331852FE2503F2CBA0F47802A125CD8DEA93225F973DE8F1D37A31526B871717281918146721F60DCE03E22F6EFDAD24FF257F79F04A261DA13D2ED217CCB72C196A01E01AB5C410862A2BD88FCE565992
:FF9F60000E78D4A3FCFEF0DE3AB9926EAB93E6978FC9BC20FAF4A38F672818F9F104C04F6139E793A36D201A2CB37D1E905AD73715B85504B10D9FA370E79EB6E046168465F03909AAAAB0AD7A7D140B3B61085675680F474C1ACE840E058379FEE51D5098EDD8C3265B9119E5A6669A7AE551F4A3B6DA3007368429BB1E1A3D7C261017C0881DE1D4CF4ECE6A02CE118727FC12DE271269CDCE0198AE6DCE76F3927A51E5488C64DF0F1B8233A4459F566D9E685528572EA8DCA9A547B5DF8AB77EF0B0558D2C5566B1EC48714185CE68C23FFEC09BEEEEEBF53A32801CAE41A3A26606FB62F29FBC206DA08B8675D0FD32A0CB73D93F9426603770025E5CE3BA7CC5A5
:FFA05F00811B1F87BA00E76419575F266B048C3AF05902950B12C9EBC88BCA32AD30EEB0D219E7C889C2F01BE0B0CDF4B20FE2E1BCA53C05A1AFEE388CA533D67CEF852D8CB1CD539B64536975A5B17E444197995E2686D8DB882D6B6D5763872145F0EA871E44ECDEFFF1882C57211BD06B0952AB5CCF456C75E2EE37AAEC20054ED270A0D39F6B54D15BD1611CDB962C74FB7632B7295BB941B0C1C554327DBDDB0880E19AB6DF984FE46AD51C949D600B6BF6D545521BB9356D6BCAA6983F7BE3A4E3986AC558F3A6DF1507646CA63621FF023BD3CB22CB01147B7324968E6B5B5FD19D17D060D31DA7F52573EDB029B579074C18A02598DCFE62C6D0ADD461259144
:FFA15E00E8EE143D16924D8143153C0D37276F37F2797AAFE1CB63690CF8F7419EEBBC21D5F2645880C19F6141E24A20DEB266611D6F0B8DE65012F9C3135A4FA2C41D02EB3288C5780EF552143F981E97C919BF67A221C001E8A731A277806E66C2B3C963F30A9A30AEF00BEBB8BC8F5B37582FF5A9B793491A48F9E4B892C2738F8E57CE50D603E502A6A43724A38EC6E450FCCD2048F316363B99C5FEDF20C4C0C5B4965D8AC4A0CCF0CD716B33A0AEC1541BE70007D1F669AA5B7F2404370C0504C53E4E938E437A8ABEB2F21EE031A32D630B24750615915765E661289AA995344136321E9E39D336E15D5E758B2FFE00AB8BE329DB773ADE2661731E12AAF265ED
:FFA25D00180D7BDE9CCFDE5EE4455570BE1823CEEB0896E5B055FA066059E6A06C4BBC412F8C0C455902927A5C1CDA75073B5D22BA14B1A069DBCE8868CC1172C7830FA8BE6543E3DBA8BD0BE86F0066D2D3C2B6DC4A331CDE211584C0928C2CF7D878F93E8757D7DC643BD0A7B0CF559D8C55FCF1C2F456C6FBA0B22D0C11EA6B5BEFCA85AD3C30120B4E0EDD9970CD2F8A0937B969C707741E1E50F5099247CBA71B5D25471B96B5012CCDD0AED8A3CDEF30112E1A1AB5A5B1363BF971F751D2FC143D4EA32E793989FD31CB9568B456F514C9D2B110A8BF30647EDF5F83A54BBF24F5BE4B1FF1B562D5A55A80BC58C6DA35DAB901715A8EC2DD1D217F5B0ACDD1D369
:FFA35C004CF289EA0DC86775F59EAABAEEC5609A6DF2D1E064CD36AB4C048AC8E65D121B023DE0B8667A703A47100CDA442D690C8FB9DD7654725BB186E5CAEC2324E8E7511BDCEA98B63C7CF29F77D6A67D6EDFB41C270E23009045C334CFEAA52BDA03AD17D0AFEBE6C727986926497FBC256672A3FF8415CBC9054792ECED4EB87580900BADCFD39808BC16D3BE942525F911EC1E4802D7597E0D1B6E89192931BBF26CDB6AA090A6A0628E223915DA2BE08AB950AC98B921CFE5853C23AF99F5A9D6D3483394AA3E36DBD1F2A2F56BA98E7AC5E217E993825CBFC8560BC84F5CBBCD4FC2C1CF7BF0DDFBE2DC12783A0186019B2FAFD485D4E86F16CDAD1FB7F06819
:FFA45B00C995CDC2C358FF8B77F02EDDDB34DA068704923667350EE7B8663ACF311F8033D3C55C9E0B4A7C17F711A81212129E372DC36E269EF7BB8B2E482838C75FBE73A9C11D3F3F7E726E78DE044D53DC975422BB5F7AFD20633BB6FDA7033C056EC75D85897FE78F8B5F26324FD1E8C94905B921B0AAFEA6CE1C085167D37C7A8F1E1F4114007A22D6DF1FA2B8872E12F8B48BCE3861E7E43BE07122875E9A5F0A3E15F3605E794C7DEBD03884D21145A85442E1847814FB93862A0FF295671ABD01EE35D5105A13058C21C98299E3B56A4E1DBEE5236C7C4E420F7FC2A8206F48BB3B9899AE74A1E30CB9BE61AE3F8B961C57E4A1F5F01BD98077D8DE9D6B66E8DC
:FFA55A009775E20CF6101C7DEBF102ED68F29BBF3060465A9BA476861F25E7C439C98F92B9E23650FEBD437FCFBCC2BCBF5AAF60C528B66720B2DAA2C6047177F0ECDCE74A8CDB88BFA2E8756661F2962317C2FBFC8B9CB1BB9A21DD5EE8066CE2522FE55DA6E0C4A4FCBE581D28102D5E256CED14363429EC93BE1AC76D15CCD63678AE92F5EFD12AAAFB9192CC4027A839D80026100FB81268D511C5503C84F464935744035E79F5280C0BF2297263562C4C47249E7ACA68B14979E3AB808FDDFA5698D64CA2BEA1AF883B714680EDE65C4DB83B4BB35F8BAF4933D52920514E13FADECECDF0F41412B905B44B1B8246C3D624D6DD86FA3A75E314C0C73C54FE1564FF
:FFA6590089D0435D0C3C6BAA215274B08F7CC7C9952915CE4F143EBC961BA607990857EEC1055E2C919AD10BD2DDA697C6CD7BF390502D29E207CB7E6089F003C8AF7627AE7D63B9887A9F780DD23BBDD852134C9DA75E80A7E1ED1DE389F32B22A859D4F3095CA66A06EDD32945689761E1AD59A1A29604D9BE97685D691B65A73DDD9ECBFE02E837FAB8997B0FBC1C31F41A7E2A492A46DD0B60169DDC4530CBA96A1930B9C0154849AAD82D05BA4B831112F12B82868E20C0CDA062838CD4EB5E5196CF909BF5B9A79E485A0A3A34FE1884B12D1A33323C4D653C74DEAFDF2D3622BAE36E6FE8897A6188B9DEB7043D5FEDB2A6C8BBE6C9C23184F1A381E180AA8FAA
:FFA7580048C5EC51883418A70A0D78A3D01275E64DB52D823680869FABBE55E50A49746CBED689D966E647E708D38CDFD66D34F88ECD45475F10CAE7B85D0531589C05EEA08AB3183A05F490211A0841C37F2EBB713AB3455E5202364519412BAAF221FF11CB4C06D3DBAABE9D6294FE50695FC3150B869F35A9BA1C158F4FF2D3BCB42958849CD26AB0E50AF12D6C1B1DC345A6CCFA04D890090B64E6332B12597F4A7A28B879742B0BBB948748CDC42A2767050B4B8EFC62696D67C2C0618620B012A7A7549427FF6A0E66FD5BD21C065129E1A89674075C8896707BAB0630927CC4DBF3059250FA618749EECF5EE8CAAE1E5DF5384F53EDDECD9F702FF38A80EC34BA
:FFA857004DE3B4B324C9FF6D479FDABC8B69D85CB42D4C68DFE779003B83D45C76B5EEF3CA625B9463E6259E0B0A2E49063E8373FD57EA0795E137294D532956CF2E2C533EC380CA81D4A2BAE43921D228C4E599465A661C6B00B9AA69AC1610643073A3F6717C3B5FCB145F334F90CDFA68C8A69499BFC22EC47C12B1692DB7A4B3CECF0C5B2F1755A386B71629A793E029E0EB5187440CC41E4A7FF53D5AEDA8D60DAF8AD6351F81F7517C61298DE91162ACC718A84E902CC478C571BDF84E3CADB026468BBE90A376B61E127D294E15F54972CBA08B28C266D98A67BC9CCC5766B02A3CDAFBC880451D2CE32655B3F0CB52F1D2FB7D8713D45FF7C7A2A43CE8FFFEC2
:FFA956000386890568CDB39BE86B41F1E1459E545056DCFA5FA5B803AB7D1FD3C52DA4DD2E345A10F89AAC5174A9D78F5B70E31F6E79B831D102BAA7526299306C0814ABB23D72CEB09DF53D76EBA52FB652AB7BB5E7BD20B88849D476602301661B611F3EC4E5AC9E180BD402C8A1091334912A2A1F6BB94D4167BE808688E246C89603DD6585EABBB01E871D8AC631F98F08243E6241594CE1DAFF334967FFCBB2868968725094F78CD80415E56811BAFE3F0ACD50F83D83CDFEE0D208ED70430A2708D6DB8DF5F46600F80C0156964E145292A2FF619D1E9DA296B890D3B4F7817C250218A51256598B8E75D7D24D1B24D8821875BE7A17FE0330AE7DCDE16FEEC486
:FFAA55005D4D8F5D628FB05BCDA99342C41CF91AEED6A42F174D59CD7659E02E2B766EC66440FB6D15A051D98A06B2826EF024265B2D0DA9A9858C76F270ADCB13D40ED5E5ED00D26470928BE25B24770DF72A2528EB062B59B05230F62A470ED581D898FD3A4989C98911A876FA56F774A9FAD2655677FF4EF5C3DBCC95E37F3AC83F4E0EA4F07A08004C221DB1C37806B5DD062F8DEF81F6D56C15F3416E9178B9A13D7A9D7C6012A4A0757D298B0AA306385CB644CA6E20A66102575C121E3E0087A242183126D71345D0A749E06934127BD0C222809343298634395376C47B2E89E7846E6AFE0720DB118BAF7D5C183E9214192D09C287EF3D3712C15E512A74181B
:FFAB5400969E013810CA08489EA75EE09BBF4C1326AEC81FC4C1B401724605147219056412F9AB32CA2FF61A25A9DA0E1AD0473CE282FA58C662077852A412DB8346BFFD33A7D516EB8D792F07857E1DF712AB9EB9A99A2597132691416E3EB12E2F6032FA064756EF83229C9CEFDA506E197AF019F2759235CD8FBBEAEB58FC119CD6BAF125105D1BC10516544136CF6C27922917D17B42B3CB736AC5BE455566323F132F5C8586B2E5D967D153D7B33B34FBC984B334217A2BE1B0D6F572B5FE242D392F85E57EF985F2C4AE9F557325C51177E7B99C2606560DF052FCAD4B15DF65B426D766EF1B304AAAA359EB83129B32ED696440DB45EB33D9C95CB96EDD8B6323
:FFAC53006BA4BFDAE214F11D0398005D7AAFFADB383E8F2DE2E11C9DD754FD0623CE7CCB7A354532DA1E1AF68816CC6FDE5CFE30B794483EAF97F8AD287D4A3E7A0EAE60B169002C358AC552EE67FB5C225F50B296711B39121D145837EE1B818D112ED88C4D5241C951A283BBA526EB0F1184DA766506AD6068A9D488D933C0E3780012DE053C7B76E8E1319F5AA97DABB77C3EB963B2D97AA36E62FDC36B0F28AD3C716245396C74E8DC4E3A99452BFA937FAB10CBD09287862A5AC231D038FAE828B0080BDB146940AB3C38A08AA975BF84A86D6D6B2E46B174AAD32B680F2B830AEE5C5E99B7B39A60CE3C2BCA9FE944174545C9412C349FE21BC8243C0DB0278D44
:FFAD52002E02864DE6D12673F6BCBE50454029B8AAC8F010C5C75D600CA947E61AB60286DB02C9D92A589743CB71ED192B7369535E26357C09EA87A65E9D8F367CEAF1E7CA8F13B2C37F4249C5493FAA1D64A6394C402B37960681B1B48716578156B84EA2FCB356E1A69CA378D0AEEE78F2BE2D76ACD1666504E8D25E62F6F02E6664470E65729E49150EF5ED84F0CE1C3600224A1FF4F64124580D73DB06FF6FF3C7ED013C4D6218CCBBE5778A8F0789488ADDF8753B4E2902C51341FC57606F5F189F696F0D0E30B577C99D6358E3CC520BD58F32B859BE5D2F3CD739E60B50813D31AE96D7C49A4016C3165B7B5B2015098C68FC0C3072E22D1FF7BD39CF12B4D460
:FFAE5100235BF8449CABE39426667B5C08145C7BD0569985B3B0242DC8B23068A98EFA583B406DAAB243D4578DFCE7CB3EA56D8F48DFDF145365292B7EC5AD3D9418B487A29563F190F0BA385B2FD6C84FDB8FB19D1C37C053561159334696391F5E6F73625E821EAF6A101BBE8C39DBB722BA7EBFB6620053543B93F9B65B277D5D490B29003F5DFC58F58123FC2C3EEBDBDD2693C765792140CA3C97B133ACE46C379A74309BE45AE6D65ABF545F04EE68DF1AB4FD4C8D9482A9B3B4A7F2BAD3D1DDA1AB1A58336B2AF568BF4E89648225C3C15A6684272CC3260E9B1120EB9001DAC14567B8B79D594A414B9658500F57F9658364E09B034DB3E1615F5CE0FDD72C9C
:FFAF5000CC086BBCA314F576BFCAA3180DB557C91FCD34236AC55F77C691EC676438FE7B9A3AAD35AA7D03995756CAB791E3FF17EF4AF0FE69D3F6198C6F87D167B430808F87D73C02BE14A043C95833582AC2039470252A83F0773C4FA062D9576938472933DA820CA48D76CF1982450D3507157CEE9743D3AE60F4FEC7FB36CCE449F2FE3DB0AAA89D2DC4F3B95A43E33CD7A3F3A31338C3DBDD86A3329CB79A77D5863F2C8A02FF9A3D7CBFD2ADB11BE787C6D3FEB30962A512466A9679357AC196F2710996076FA324A1054A0C3814B2036D68F2F170E24607CBA4AE4193FF479BCCCC592F6DD562361B5DA1B1D42D5BC6A64B0ACBCC3A116CF916F01536BA6BC24E
:FFB04F00245B2FADEE5A11FE52BBAA7A0D263D62854F56A231D01F7950A4590DCD4D97593666748B7A74DBFF2CB0874751E5366BCFD2CCB14A36CDFC8A29AB031C35463167323AFFD7BF368F454816F7FC89E7E970CF04E9A6344576F378D3BDF4B130612D34CEA51CFB981CC6F584A6A402F511DA043F22B641AA9D8DAB3F1C840E9C3C80CF420BC5F9E3EE60938129775A7A4AAFD69A80BFE1C279D3F20F7CF6B1B43A9037E6F890EDD779C763D3F32CC00C8B964019F5AC57A8DFAA816515501E9D780CF4F8CF62F7CE795E490DEB65A9ABCD547EC5213328587ADFA6511AA2E2E67185696E72C32B489B0B57B6921DE301C23BF84C3B8ABB581C2739B57E7122C47C
:FFB14E009F26E11F385BE94426E82F9862CB2208FB2726C75E5B1CD5ACB073FF4EEA3D0501FD801CB100DD1153460C46D82E15860AE5A043227BEBE5AD3E114D427733C99EA5B7C3C7F5AAE1A86536B51D0CFA998300744A19FB970EB280DC90BE439BFB162313D9A40D233B77B2273D97CE71065D94AF829FB71C87CA64F652AB2D024B3031A739829254AB251836D74A8EB2130474191D0744FAD3C5C5A82D0B3FF138E48381190AC7489475FDE3BA5E56EEC7E0130A7CBD260A4BB73156CB80D2E8E8E066D2831C3DE695670825CF6E39DA78E6596EA315F0748D3CAB7131C0ADD3AE190D8636265A7F783BC863ED5790D04AB946A29D9790A783F7FB84C735A3A0B6
:FFB24D00D64DF04C3CD98754253C6EB34E994789B2E6E316BA741B84063C471C4EE8ABB49E954EB7674A7C51FD3BDC6EBD955085CBE3B405FB2932F011FC963AC8364BE427825966CA6FD406AD69DCBED63A70E598CC1450CD226B42D1FDF05D1A9CF8E21F829B749A9F82CA2D76A3CC20C3F04A585AF642F26855BAEAF4581FFC9A027BC3B083FC7D4D99272DDE93329567B1DB6E9A0DB085F0957942833B5F3599A298ACEB46F827440489E412020E7DF3A234CEE4F933E2C9FDD628A30F2F73AE51ABAFC8D5EE0CC0835395E585B45D5087F931CE9F66D06970B65EEA33E90C1CF0392AE3102E1A4F0C3C2370F166B34CBD6077908AE305BF79213459DABDA549CE68
:FFB34C007A9030777B5CBE09978AFB0D6E93EB2392C6506F1AFF18CB510516C684C31C66FD231DFA62C2DE7D0723F1FE80F55AB160A9ACD1BD0FE52E598AAB7E427A1EBE4518F7E773E5216111A5465FBA7EFF38BFAC5DA27C048FF5C7FCAEE8CEAA38B5A7AA43C31F0B343CDACD583ECB8CB91F7C86E9B0F05077EF14D34D03D784DA2205A7EA2C7B640DFC54A261455711E0BB1509CF81EB98B7344E3D7A5444751C8B25D65DBB684119C81BE0FE940B01EBFAFF254CDB76A1D4E4FA17F21FF5F487AFC2E6468B73427389758765CFE96D74520D39C473067A1CB09948C8B563EFD9ED4DFE5FFAD4B2A8A1C513A3283FA3F5DA475FD4AD9486DB1F139DDCC2D1B49070
:FFB44B009A6C025EAAA5BF8C2039FDDF5ECCD6A472FBB395F0C1FC4566104ECABF6A8C4092AC72B8142D2DB8D0E161923D5BE79402B6ECE4139DABC23A1C54D4AB31155D4DB2555302B86A72FB7CF6853DBCC66F6D826CE256A0055E49BB0846B25DDCAFE578090E84E2278724B543C52C21C0C83BDA4681E4B7980C53AF6BB3A13B02CF5A7B3D50040315DE214944BC969FC8A9D22F128ABB33B1D4D5DF99DF66523E7DC93BA1B41BD618B379F370B3DA2E55189F3E826CFA94A18863787EB2E541A48BC823052713F5FEEC4FBF9F309F60EEAF104B37CD72AFE3DF932E0EBD168E7EBC246A09927EBBF0C7FE82DF4F14F765F7E198451D5D9776C672FC1EB9B605794E
:FFB54A0048B2AFCEA2C7994DB27F639E4C4A8920744DAC73D37E54AC4991E16A9E3FC8EF1106EF7FFD64F69A773D32DA381CF581160A1B69936872FAA0507899C2BA65C655BA2EC8D598BC764B2D8EB5E5F3325B61909A7DE2FA00259BD427C33BB9CD13C2BBFF4B9D7DC481EED172FE85F9489E1F38D1942A6E2496FB1425B2091FD72942CAF84FBA2E198CDC21D19D155B3E55AAB18F961F1E524D67C77659A26E0135287BDC3AE798C26894D3E1E0FC7C628A4308F90AAD7AE2DDA3B2D0CD9122A40A7AF7505D623A0A5ABC5FA2FBE03B46BF94E78A59B76772D71A5305D873369F47E80392B3A9F926A1162E4C262D142C6F2F5AAC0904C273F243CD3844D8D97226
:FFB64900BEA7BD1D56CCFEC27E1B24C613B1C4E3A9DB402BC35BFC47CA6BD5393D8570176230A52D909A2BD0BF17206D83B12B68271CCD16E19C82F5977069F8FCD542B56D931EE67BFEC1D4816ACBCCCDC5CBFA5FEFAFCB4E1EAB16C233B976DFBB3CE2073650DA0858DB4662C96B7CABDA5B294627687CD1E59121DBB12EF609CDA3E1E3C392850437BEA53DA46A29FA51EB5E6226D709A87F2C990EECF06F78C690BF5C130833AF15D31B7504157201B6C11A78280E2D4E678833E674ED5540A76A02CE067D0F744EC45E8D3BA35EBC408B140FF0209F53D34215EF0733CDF5F1D9CC9B59C8FB4DFEA98D0BA8EF0367CB31FE73BB536DB4724121C3E4208002A78546
:FFB74800F375C05A070D9A998C47DB7B622BA6593B403C570A71EB9AFCB80B951496091C4197C05DABAFEFC14BA79672A58CE50DC42EBEF5A4167165779B19CB0F2FE50C3814D1BCB95CDCDC7B327747FF687A58B3FBC61CB7ABD955A928EB9E820B97F10FF0EE4C144EABE1932846F7B63F4D18FD54EAC808A04299A3B2331E770FEE1F7098789F1FD8BED47E5BF06EEAFE96632AB64026016A5D9CA4BE3468C9FE0C17CAFE31E12867D1684DFBAF00D6C5E94B56F2A6993C424AE361EDB9094A4E251A0702B13066C02B90531F126201EDD5D218B5F1301168A80BC939E1AB32C1167937F3C462E00FA3B3BE9356AA69A7D0857B68C7E37943412D198795943CCBB007
:FFB84700925D57C64E7BA38AB76AF21B4FE1AA35D008511DD32D998313F5D6BD9235C5EC53CA22C608F65F92A90C896D916E14A3CA2002C1B92EF1D08C30A7127E2BD86ACBDB8594AC7C04893F70D9A2FE1761926FCB9EA1469DCDB087F65BE401025BBB986D71D72E204681FC95AA5C4FCF08688D9E792F0803DF573BA24CF82D54189E4669C0AA64EB62DD00FFEFD988CEE93E7DFC0F83BBA2D6AE9F584FD7D2C1AA73D09E19442DB4969EF6CA62ED83B1A3B36CF8AC99D7FD892447CC363AB62D38845F75B1D59287DEA16BB701615130B1AA259397035FFCC3696F4FDAE389EE3984D2612B6B5E0E0AB48C0D65D6E30558A5DFD29FE50BC7F65126C8010D1444006C
:FFB946000E298F48EA62A4A0AF7832A9EA917199E3C4DC792EFEA2F39E8A7E5B705015E3FADC753DBED4CA4D32731514A90343DD0B904DC7FDEDED02EDC3664A2BF2D6D19B504B268DB771D38EFD4F1319A43A2D2B561EA5577A74C2A2807224668C1753BAEBFB71BEA0F2EDAFEBC89978B71C9C5B0CB58C88C4088044823B1C407800EA95B771B95AA890697786DA3957183B3981DD976C13581F03D076D1391D6456AACE6AA87CBE39C744889154FC8EE1F79339A60AF3F04A509136B54FAF043D8C06C29BD26E79A7F9DF09F3A2B6154E9DA5E94688F42EC2BAAE7A61CBF05CA1908F1AD979B70FC3A412CEC6FFA7D0B95402B8F3A16F9B6EF93BA632A8E46F54373E
:FFBA4500C81A3EEFC77912A589ED91EA9D3EC78EB8B78EF08A23180572D09680BF6AE906F3EB560FB1C45224CE88507F1379C9763129650A308D22FB424682A5AE3678A8638996C1FABBFA6C554C2D7A97F9D3BB89C3A4B6CCB49918288B2EF67DB66C6585FDC1E82B2DA72A7DC50AAD4E22B8B8E61CA544D717F468B4F733F4BDF0F9AF808CCFD62D22D380F8280712FC3A65A3886143BB40793C60F18B0F2ACD4D423FC118DC1FCDD32042188C0342FD127BA5867FED8118AF7A7BB75AA7E27405DF12763D5CCE1494716FEBEE2EC49F349071577C7933EB3222730F850D51C03826F344070AFADBE7B678629E73F5C59F656D287FA7EBB05496F17C8BB18EE7626002
:FFBB4400AC89205A44FBA6DF04182F15AA6F1EB6B404A4E8A86ED0080FD374474896353C919B11D7F73F4709BD020B8568786B93A0F9B64DC5C338AED54D0684618444FE31684D290521CD4246F4C6C3AEDC2F3AB02E41A481915A3D74374C394B7CA85C2490F1588556AD89DB7918BA89253C806A5CC543659C24A820AD1FAE09F8AFE09FE829490AA06917C25E751935F342C27B206A3BB0DA0E09EF54A0EC261C9ECD8B9C7E2157ACD435CD2E7C911D9133AD5D9D86DCD78B822E60D8D922A1FA8DF352222689D7D89CEBCE965C15C4BC5EED5D2B08B08620181703926F7B6DAA92EEAA28FEAEEBA0AA9A0C0967BE8DF18E2FF1FBC5885FD61FDDF1BEC8BD83B4C7BC
:FFBC4300A9F55270FB998A6CBD58426349F824F4C947A71014235780E904A3A0FD30BD7908D38B431ACB03697FD3A909ED9734E557F8780892EDA0FCA76829A187A10C5938CB07827CC285E8FAB12DF54C1F71DCE8C484F36C98C61D22FF20EA6F9FB77BA00067F56AC679CA33523BDAC719B55ED09146213A89F0D493F1C494EA02F051BAD0394073066420CE42205EC4533D3C4BBB5DE7C07CB9B1557212703A6CDBADD6956E85ECE1AA83F2C6E83FB6D188574039B28F14121918E08B14E7427879E07DDDDCBD00270A2E3C57B679ACDDD31DDFA64B0294AD41AC0B57B3DECD4B4F0C50D73DEC51BE8F1CD34F590DF0933E3A37436F8C6BE96B2BFCA5A31B89362E56
:FFBD4200D7DD5A222839C162E3CEBF636A1E4C40EBC5F4787B31B3E6C5676B7382B8AA072F1FCE56DAB133B683FFBE4F3CAB99ABEE0C1C2FC39C0E0762100DADDEF1C4793E8A9B0DEA49D1169FEC3FBE7A4EE0AD4955C6A1BD19345788E5A556E7AAAF1A2ACCCEF8CFB347CA96F8FFEB2E8123112E9BBBB25109A9D6F6DE9956247F41EFE71B951E33A162BEA19FC3C3F0D151E483435E29D8B114BC089F848A8D655BB8A43BEF7A58B027BB1C4887C519B5068F0D04B65D972B09D8911617649F39FB04627C460E7A20D7E9C36220140FE308822F7982B72761A9FCD3B0AB06F838646CF42F4285243866C16E9285FE8FC1FA33C1C0668826FDE67037B95A3FF6B77139
:FFBE4100FB3AB126DBF1D8DE90A732EB27565CF8B650DF1DBC417F03C8D49217EFD449650053E89F907F572DFF30E6DEDE2C48E84DF5146A8C2C68439307B404A5B5E66BDE8BE5FC27D900F44148F3035FD865D801C02A02EC5A268D51FE2D6656781B476E1EC088241476DC4856DD44208B8EB340A3B30620422C227BD63D132139A5AA7A56A15BD008BDC6BEAC02435EA584F08A895D21FD4F748AE78266227606382285D0FFF26F69F36624F02B6000DD495DE6C359A5D1E0C925FC370A567F53297AB1F6A5EBB96C6F7E85559C204385C16ECCDA45C685959530E9F4E5947CE9F492A4D2575FEB6D9612DFD25531682598CA7E45AA3455D6FD7414550321B0DB76FC
:FFBF4000AAB4D909E9FEEE0A75A64C781AA1FE301A381DFF09B5B456DA40CE9FEA6FB2D11129D24811B93548E857BE8B7AC5AA6A3720D019922788C8FA9AE43EA60A1E3020B0E6006BCE4116D8CAC7EADE976B848668AA61D8BF749BAC37FAB065E795DD3BA848F852DE0CDA28355B351D83CCD28F23225E032EFDC7346C9AABFA73536D137F24D87428FC5D561FC1E3A1A711C2973B50A23F561275827C005C84D94C1249D21C4982B66E4F9D3583A6A3704FAF622B30CC71FE1D2F56BF7FE5BB74C48316806A91B77AAF439CFB2B537F483DF9714917E23CAFF9A5D4B4592D1FCFB9D191EBF4441894774AC5ED26C2AC1F136A33BBD48097B82A47FEA16C2FA58796A2
:FFC03F00B66A06BDFAA23CA7FFFD8BC7F9A8034E49EFCF55FF78A885E5843705D71F0B77000BE76F054ADAC4DE4F44BD57D89573E368F65D68D450626683C56CBE9E5649059E6311AB30986287538D48A4BAD39D86B66EF0BA0B1CFE1037AC8716394803997BFE1F7F77834138577CBD254CA7343367BA0870EDB77CC52DE1E4C1D0124C3835DB4BDBA6DC8CF4A713D974EC3AC26BD594ED129DCD0C8FE709DB8612BDAAE42683941E1AF3BF0CA279A4177CC468CFF18676CAE2D8CE3C6926B64E991EED1561C5B0BD4BAB73C3A766906A222008150118D362C3600A3357EA5BE3097FD95392BB5D9C06E004F22A2631F819829AFB7461134241AE68348E21030EBCB585
:FFC13E008F0FA6BBD84A9974339018B6ECE3FBE171DBADA8F23C74E85569EE1F69EDF501455964D39BD2F3AE2B7E5967766FAC91BD5C961A20B2AA4AA5ABAB92A3CF57A4FE2CDAF7F8866241DAA434B9C0CB860BD7887B4FFFAC9527F09D1BF85EC61902C80F0FCA99A2DE57D4327B429608351B0897B4B6BA4109C3D69201D6B873F3565E5D39DE2B20A49239FB98AB6B3D64F54925122571874246560B507EDE7FB44224D56EE1D3A308FDCEA6BD293BC80A4F195B8CEC6D90D8EDB06D1E0C57025909097A53EB414CCC4FF7F66C4A945BA97876D0EA7706B81DF13BF5F80059BC61579A5691DED4D3A8BBE5343EF76183044877C5D5DBAB59DDD337D615B67287F989
:FFC23D001BA864AB833D7FEA12BB78999B3F571CC322CA394CED2A73C18342DB2BF3391D4C05DAD7CBA21D7E71AD2E410B3962CD677D74A666966B9C9D7343127B828C222F4EB8732731C0B1C24A0E8E063FE575FC1C571EE4BF4285DF446CBB307E62B9EDD2E7DCCED50DD64F2E9CD7227D0FEF85D8E2FDBC2913DBB5B044F6961CBA2F876E001723957E5DABADDBAABCA5C2D49E84ABB1DB721E74BBACE3B77C4B5DD3C342BF3986743DB567E9EBA1F73AC0B53DE91F06EA44A99645B12A095C657659A705FB2B538A6F0C8917515B0C43591F78572F847BE079B36809E723726DE80523DF053329E331C50DAF5719C4AF844AE37354B4FED503427A33A7D86B1C1B70
:FFC33C0002865CD8E60830759118CA253AF90F5F98EC38437C0AD3DD5785BAD29417C5096153B6B46EC6CBD19913B5FB50CA3BE581378528AA9A5AFD3272795BF3C4885BD7AF4962A01869BACBB65ACC7D5CB68FC14E829F5487B1560BD896472015726771D3834C4833B0633C377CD75774F2545E0E93913FC040AF7073F98361A6EE347258B5655E1710EBD0950631A16A23CDEAA6AA7940FFDF3EFF3985F76360CD0217C56923FF31865CE53AE481BD606A2112825E06F9A561E773B45C22FAE66DAB60F85E69D4987D7D466A530373364118693A7DA103E35A2946CDDDA62BAEBE61BD0BDE868E459976CCDF73DDDD883FB5A5EB7D821CA1A9426B373C217539C7EC
:FFC43B001272FD54C8FF27AC154765A91F9A6C9BF47BC10DCB02D29D705348E4A3EABBE2CF5F5C90D39CCE356C99571EB000F60E90ACE76300C05CFAFF7EB8708C0C0B2374346DD7EB29855FED9EEC4E9177F4EDE8D3FF657AEE4BC7706D20CBF0012EB0D1F15F440391F7DBE556A34C66C4694E25AED478D66B3817860F9F0C375D98CDFD0C7AAF4254DAC38309504B8CC8878A4CC57E6A084C6C16AA68B3A09B1CAC58A60F6779A2DA44055DBD499FC4410BCB152323C228714D83A4FA3D29863BD6E1D11D193E28558518CA1965AD0C5C0CBD0CDAE53C3254025638E12B7D6BB9B9961685D35EB0929FE59AA7B5E48CA3617E4F33FFE5AB02B3FEDBCCA315AE82DE34
:FFC53A007F8329111B696B116D2EF3310BB6A95AABEC119D9ED43DF2876744F8953E46482FA14F83B82ACC59635BB12A0EE747A02293E949637A3A481E6C4C421EC01B5DBD9227204B42A3494E2566676E8A580DE797425DD8B8BC3A1BB52F0859A88A82BBE73B5750282180FE7BB295CC472CF153589EFE287C89F3C0105805FBE5E7A7F0DA9F639AB9E5E30EF6C9E6B9A67F3736A27FAF97B371AFA47DAC18A3B7FB399D0A13B664AE11342B90746CCE66539E195A706A25EA6FB70F5589DDCD8D9C0FE70377B44394A6132114A5B8871795EC0A18616C8BA56DF27F94201438CC368C8B3D8F0E5222EFC62CEF45E92E197A0CCAE9EEAF52EA930DE3E694D77059AC9A
:FFC6390086C757425E320A2612CA33F8DD2D5EE3B18C58B924E618659280217A59BAF32857575D02772490DB18F9C17BBFA548410584D6AFEFD1174D752E3EFEE6DF131F537A706AE171C4484BD397BD5B0879A9BEE9C29DA95BFAC26D5A6CFCC9B970DBC5944E1322044E5FB9EB251FB4374AFB795D05101069248F2A573F5293FFDA2AEC27F3B0553DE61651BDDE3C6DA8C52AEFDDA208FE47D5129F146A7F61BBBA2861768A1B9AF614776F234877143AB879127135E11BD8D03A1CAB5E67906F70AFFFA116F123488C89EAF5AF8BC645D8DBEA756BEBEA76A2C10E23CC19C80F2DF2F1AAEDE896ADDF54828640BFDC250FF9D7AB5B1EE3BB538D4A80CF48FC8A7FB9
:FFC738000D9A9B5FEF22497F042842D76DBF3C70DD9B3483F361DFE5AD85D277CDD8A30F5EE1882EE5F990E9A6D86185F761EC4005036516A698C47FBFEA5B8EB45CBFA35003AE760820A5FA723EFCE41843E29916C67920ABC8419258A2849538BFA5EF98B0EB1EB570B7D7A718FCE1A314B7289ADD835BD26B42F0EE281B2972896D95FF53B56EDECBB88B038029952DFE6C39FC1284AD5065A6CAD37D998315021DF48745534556E36670D7E06D5B3E5C5B0D265FCDCED045AD8E50AE52D22C4EF2E2BF5051814F5D1EF7E57C52545D687238EE99FD91AE43B3590CCC623427D021D6F4BCBF8D1F4842FA18E97AAF9E1A48DA189A907C7CD35FFDB7B75F80BFB7EB4A
:FFC83700A5B10052168756C6EA979BEF7C6628305664DB3DAED62D668F98AAC160874ECB90BCB36F9860FCF933CD934597CC1EF476E8010F6EF90195B1D50D762535907D582E0391931C971CA34FA8C995B1E350768760C67893EA83BB6513CFDF4CA008DAA4840BCABAAE3DD22BBDA32C5D399DF893FC536EAF2A9E7782602134C87DFCC09166A642F6BDD86CCF14E00FF32C6A833D37080C22FCE5DD542B3BCB8723FAC44A43AAE232372596E82C501D79594F4CC440DFB6A9F546F0B5756BAC6557D0C7343C9FB687D81CAE8066B849E64BEDAF6304F714A55FB7177FC0B79051802EB19DE9A8392BCFC8E25BB6FDD5C4444798E44289A212C0B1D8B23F69469901E4
:FFC936005D29FAB4A3A005A3B35A3F5B75262310193CDE84C0B6F15DF3756B28E663660E643059C0C6D2EC20373BBE37A86E0F1A822CD03BF284934D8C23F5A40E390307C4BDDBA268AE0A7D20CB8F095FE2BD187D48104EB89A23800139A2B47A8B62AA19AABD8FF089BEDE9CCB1779A52CEBC9A4261BCE92DA72D4DFAADB07A9DAD892B5325E996F7DCCBABE9B258CD8E135477AA2676BD69BE10599334299AF62EDA0BFA93CB82C2EE0D94DD968E228ABDA8F9D271875A9519BB68AF23EF39196EAD29BCE643DBE74FEB2E8B97DA0EFABAB2F07358EBA517B5CA02B1CF56B2DD356ECB13BDCD77B5DDCDF6B32B1DC5BD9F6F4F43338F33E4534FD1B78661AF61EAD4B
:FFCA35000C214DC7BC992714BBE76A6A4D4F19ECE505B1087FB75280544A2098AB28A322E0F41340A2F9B7C46368A5BDF74CCEA7C98027F3FD97C4583F8EF9FC3827F5C68B5B6300759358B889FDC5648AE975280407574B096F94AEBAAA664479D306E876237D139F31092768319B9BB77EA7A859DEBBE0FD51F4BB5BF3B7FD79AA644E91F7B286A4689FB344294D37E5A7C1DE928ABDA330C94F9A5E69763B15B4BCEBF9751B045448F62D4DA3F58E3A852665E99EE09A31BB9D9585DE636D9D07DA071BBCBB9D1BA7DF3DBB5659C3BC9C2006937069290436E3D0082ABE5287A592FEA977D322C37B99EA75E137E4F22F044D5D35FED3AB4B4C31EF3243AFB114235D
:FFCB3400C2294463E5D5A79175826EAE76140A25C7394A130C4F990842B69BECCD0487D3C00A9E2AD04A6A5307054916EBBF8D7CD247F7C7AC24BBC0D27DE69145CA9E958A6CFC2DE8EF4FC5F0FABA78F356A05D1B2DEBF367C9893B31B614DA21F651CB1C3B92801C7909661FFDD5C363107B81EF7BAD680CB0F0A186B67537C10D7F6CA5C907B2FF1FB9A97D0AC3B78C8E9F8B90C07492E14CE924107675A3C13E0F4F2C1F2B8F6FD23839B23BE502E85A1E702CDAA390CADC71A2CAEAC2607223FB31398EC0C98A9038B85E24A3CA75A2A6A60B8B162E6BEF3000A3306A9883B60A17F968F7791E9870FF6FFD9672CD23A313DFFEB6BA13986E18DDC06EA8D5E75686
:FFCC3300CD04DBF8D9961C8BAA7606B247033BFBF14E57F4DFFCF9511065F7A1414E9A287FEE9A77358061C911C954BD93675CB9374A078514F0B2650895AF010B410BCE90FE3F03436F4D50714CE3D6FFC846A91A60CD80B3192E6B803BC77C7F6D8EB82DD8F77DC116542E07A27C767B4B13D60AEDD342BBAFF80D649F3344541231C75B7B7E7C7EA4DB99F8B439F1E8F36BA0436D433BD163483E7767853FE4D714B856D55C5535C8CC29D4538EAF547704AE828F7146C3A8C702BE82B31F309505A7D2B2B365CDD601AD5A99F4CFCFA8EC9F5876C0FCD0D83E607CC7932B7BB8C3DF6D8C7ADA2D993D7274E9668D67070BB66D15427E0FF9A2BFC048686640AF6C13
:FFCD3200118E5C6BB470906DA4FB113575BD79829D01CD7483E4C60F9B30E2E6407D427AEC9DEE356422D0E74342CB798E8134866554D776733DAC27879FEBAF0CA4BC56F581F0091DDC733522636773CA327DA21058910FE1929F96DF1FAD4BB36F7E067A65FFB2C2E57AA32B3800093C171E7CD886C81351DD9472F7CA9DCAA25621986A668168959F0F8CB1A3C7AFBCC48B57022B38F300B107C6B2649E3316477911165BAE23C992A042F40DDAE4A2AD7454F847C5904B4D95314E8279BF78A3D4A078249D336944E2691E0C88E7720984C3ED7261D7ED1A72D6989876D9BCCAA24C81BA7AAA70D39CCA8EE8DB58FA208DABA745A9AD4015FC94CABD6098CF8DF42C
:FFCE3100F49DAA2C7E18F07695A454C37D199A41F3A1B4B25C4FB57B8232FEF0CA3914F58367D36D351A3C476E6AC5152F4E28DFADCF4D59ADABC6B4B22B08F79329E8555965237269B43CE35125998563B08AB33AA1DA99CBD6CB3D33C12DBD5B370140442C97207F8A63CCB1DC24C6650615C689A91E2FE14440A32E0161BA4E4C20C11927ACAAEDB878990DB52A3D647267DE636D6046416094C8AD3A69B0D976A8FF447066FB1F40F7B4EC99B53ED798ABE3BE5CDA8F04B2E250DAB3A2A13A6E527320ADB4E385084D191A4A64D2E36C918D0E939647572B955F7FCFB0D69F482A38B5B3A89BB5F4BFBE1CFF6AFF030EBA85226BD5DC4A61FA628ED550D4ED0523B3
:FFCF3000E97768E3CEFD49B33B10A643C28F805FBE3A49864B40D8667DFF089B3D2DC918624775896BAB606AE7DE33824CFD69ECFAADBE06429244328470DFE01EAF1C42399396D73B69896FA9A730FA1337A5B99A6D5511F59B9DF893F98CEEF0C5E9E47E9AED1723A3B2E59E0CE8932039DBD42637DA1F647885AE8584E8A3A336CBE5A8B995F40552B8A680B1F3380801BEC1A8F3A1365B58D079F2A53B917FF1D8A311CF5A22D6E5AE1E79DE320DA2D0DFD4F3EF3C6B4B32EC0C707844ABEC6DCC3AAC59C7B96D7EBFAB386919A5471F5C0D91EAE74557211A7840FCADAC6DF8A34D93D32C167D6C1DC8FC606EADA1A2382C9D4753F7D6255B572560ECBD8EE014F4
:FFD02F00C947552D4934EA1CF869691BFBB18BBB6B4C5079122C08E81EB7FF922CB2AB66A4E2C7813E6AB218413AE360FC50CC761AAED73657C28B993493F91EBD5895B3202525BF5FAEE269D62676CC01C66E95BFA5BACCB0297081CEA6789B27D25BEF57895DF44D473728C9D3BFC42EA8916BE8155956FE6D4CABE542A0587C164757E6BCC40163DADE41E13A51848061D5952F3DDECEEE084542DCD0406438359B8811770DDE98939F227B47740A308AEDFC73888F1CE3791C5EF74F7E27BBDD0BB28D2CC0872B700AED8D1A4C164DB58162160C8EDDEECF5673882B014CE47FB3FA8AB63EAAE45F93950757FA6DDA0CFC9E9B4008ABA8AAF8F00F051656C8634B17
:FFD12E003A0F1593DBD5EF11A92CF8D9DEC8BAE570EF8BE5AAA609923D44A3DD4E27E898073D9A3CBEC22C462D5CDC829843398248B5E44D7D9741BB9163C445821E4010D97FC23D093B713C6D1A12FE227B3A4E3A42A3049A3A406F15E3FF9A7D29E5C4329B5098A8621E400B7E82F04EA82E54BFFFF5CA90F9E0C07C379BEA88EC43437002516AF9636CD46F84475C85E9BFCEF537DC29ADE6D80B14BD28DA046A104BCA7D335BE0ADFCEA4FA8CFAA3076F831D0449C26EECDA62FAF180BA497861B57401E26F8E5F0AD441DF7E6CF34A4F9DD472A54CC17AD7870B922B205C1F2DC323722E8FA84E2368316257B4056B394BBB141113A93897A7D9E29F6D97DFF3C02
:FFD22D003DE119A77C3DF216BD1795A478B91E349E5E9E2FF9A35FAE2D224CA79C48ED848EE3D53D61EA70A4AC813DF6884EBE01D3BEC7DBD85707BFA7D56FB081917A1D4472146FB6905A5387B77820E6DAAB915EFDE353565384D8776AEA67E6D781EB1D248D1BEFF4FA9837F71A27AE0D3E28E71A5EB550742F8C08676AC6B39CDA06BECC7B058E805BABAB0F527B242B70682F2284F27EBDE06A547124A3626A65DC10D32730DA35ADCA4E01B87ACD357F82CDFDBD45E60A041FD5E4F19B4D2AF4DFFA2F67C0E10B2D7043879D7154E5C6C67136CC67969CBB5C70AA391D661FC54A583E8C9C7670E51D5B64E5F4AB97BCDA3F92817CC9AA0C644FD6514A7F84FFC0
:FFD32C005176C145C7A2BF8CF9EAA6C793B88ABAF7B92A6C4E6235F47B2CAABD5810961D71E913C11C1A02A2B0F130B216481A52FFE1346B4D4F879B4DC29D1569B1AABE51F9A0EA16496FB53F73384FC73A9DDCDB89E64E3BD0F87BBB54027279761DD3D6E6B078B0D730F178B88F845A62BAD3EC78E4E8FBFE0D106891CEB0A88A09E5AB6314FE58C51EA138AC80F79F4B478E525CF192B10C4146D392383B36A1A503227F09728D06DE98801B3ADB90381A4BE43874FBD9D33938EAD5108A2681BDF44D03ADD9610280D4EF08D107526C5D9CBA988D971CCEB9ECE169AE63398FB25137B4D270A248F877B69656C1764DABD8F4606E6B12F10B03A481A533764AE782
:FFD42B00C56E1ADB9C5300957AC46E6F6CFFBC4EB072C47DD4DF70095E6AA75CE8F28A9878988D4474190062819B6427522720BCAA62ACE247F2EDFFFB5551A1FE01B54C3B84C465A5CECE30D8E53B524C40A421C3BCE62D2E7D88698D7127D6A7E48D134E67ACD8F9090ACB9F08BC3FAD9ABCC3BFB0B0ABCA0406C2B1C36B6484604257D1C49A05F198F2FFEEA2C6155C93A3B0F3E6ED75793A34C22755D3A90E39E3324BE4751CE23A35FCA75E78381456DDA1E9BA648D0B027C3475649BCFCAAA57ADCA3EC888F7E0F2EC36B81ADF90AC7050F4A304B64D93EDC4B468E176BC6C5AB6855E7B17070913D20075C2E341428FA476E47896CC6F25C6B197D1043A30733B
:FFD52A00CCB2A92009942FD52325A84D0E9933D7595A249B70342850748E1CA80D2FAB6856CD84F3B5327E8E53EE5A4A74821625EBF3AB9B011B5F739DD7FB28BDCCA20AF9856E4AB50BAFEC699A2F55F5AC0BE3F1D185EE51BC3D1925FA0B8BBF12C8B3A45BB0510F3F231F1866EB5DB6C1036B15C0F937B0FEED59DCA98C0A7ADD18E0577BEAC8B520D5DAAAEF94BC3E0CBA8E7518B6056D143CB4C709412E95CBB68F1B1CE30A7A7F05FB1D33CFA9A8BC7D9DDBE0A1B41D4A92C8B9E5A3368D980ED00A01550E6464FDBF11C0E8C7334C7B21ADA070F37C5D52DFF3714AB7F8BA205B99A5BC6309303676C2D6EEF75C694E24AC03A1D3D474BBE598C8D63BBADDF783
:FFD629009934FE893A5727986C0A4B15446B66AACF4CAAC5E8F3F49B915B1A7568135F044B0D67DBB58EEDBF730D0D193DD84C7925F2BD2AC6A5D22B4CD0C216BE418C65D49ABFC43BA35A22D9005E4606E236170EB7007C1EF29D4DAF40D430E60106DC873E96330DAB4A0090D336DBAB12272A7E14F93B7E6D85F4D2E5C86AA9C4AD06C2702E36533EAC0E3D6F6F38D8E71E2624D7EA20EF744680F5F56AD84D803ACEA54ED76B754A7254D83204D068290CFE62F2A4F303BEE3BB224CC82A6946E40D65479668316B152AD6D3B539BC064E74A1EE80EC4F9DF944118FC0E87A2B3AD6E8DA12F95BE635B59238AECFF10AFA128140ACDC6270A5F91ABF24C39E6AEF96
:FFD72800BCD8EC5D76B4A3DD7537ED7B6CA314936E29AA600E4B259E2CCFB96580DEE28BCF963BCBF60D111B217E9518127A640F6677904F3812E1A1778952C5820D1A7560124B9A38878D95EE58367743750899CF749FF1BE8B141874A3190A19EF505F9233DD6B6041BCC54CD70AB84B5EDF1BC8687EEDF7C20EC4B8F5CEDE6ADDD7EDA3956C89CBA1293DD441AD7025C384FA77C198C37270576ADEF27573012D944F3A52A18A08768A964C5C7E37A67DDC550E542B2853FF5FB751694BFD155CE3FEAEDF4DF0F6641D6D14877CAF69170F32FDA62B48A4865F2B6B98B91AB71C69CF6BBA7773713D914208BF471E01460B1261264B76524E51FB04AE40A155011C2A
:FFD82700376367182E705BE694064376D57B0F445EEB5E8A7BDFDA113458E1E3F019E5256C808C89E8D666EE46039B4FECB1D4E9A0311F6C127CD948BA2809BFBD1868F9B948CB517F7DE83C29389DF07620747A07814CEAED75B81CC78514DD9D0D75DAFE0405C151DC7678982279EC75F853024D36B376C6395EC1BC400737B9D833D533AB888CCBDB82C4C5758AC0C723F2F31FFD001B4064F5FACC7C75C96A3A3DA96BA0922CEC46B509FFE80B96C56C43D39582900269CBE8B790E5326BDBB9E2D1BD85AD47FD3BE4D2F4BE5D00CB1E252389E7122966A06813C25C202D066329CEC731B842952F818F1E2D328C8115798A4F098867FBBA3C07503E1BB90C375215
:FFD926007BED6BFED36041FAD122750F692D6390E33D1FEC64F19EE3B2128F402F33830D8AA2B14D056A6C40D9E6E064DD5D769B36672D1CB2020717676D0F1742AC6833ADB9FA2F80E577528F5EA9A0B4D9FB68441B3143C2966982AF0D6DD29AC0232F6C97388DC61988FE7AD44FD8D8D33BC0960EFEB23209D85F5BE0BDBB7F344310931352C7CCB02F84FAE045F75BC70FEE9572619DAAB0DCE0AAEB4C5655639BD492B3185A7C8866F1E2578A270A2314A0B3884944194C08498E0869AFD6439F30CDC67E7F9A58E3454439087C1E037A071006789F51A3CC4755D0ED266E9243B52301A66DD062800B43CDB56DCD0DD082B1DD10E0B68ECE9B4C7297A5A4500F50
:FFDA25002F5A98492A0F907F42F23587F1CB13FE3661CEAAC28610EEBD93C824A6EC07CB0C41E2B0AFF9DD1329A9ED3360B65BD0CFC08FC8FF09059BD2B70A0AF1D4B304B063C042F68CEB55A994ED4DAC72A2142FFBAC0BBFEBC41AC9F210EB04EA062EE0F67393EA978BF8E869B95786D40C7274B2A937492699EC74A8E12D3394F7A477E634EADAE25E5E86675E796888E6912BE03FAD76970F2F4313E1D1472C6A067356374AB5FE62B8F96DF656CE073E37EE34F7FD0998652D98C450AA8FAF9D8F76FAE2C3D79F8BDC8D0866C6833633615626B8A7A0F2DF81CFDAE76CA03D5EBDD6991E255AE0BA5CE150BD407B2D8097D9A04721F63E191BB5250AA3E58E14DD
:FFDB2400F4D4D324F09D2A028F6112708F648EF6397377B3524354D77F55FBCD5F2C911F462D0B4BD91575959A92AFDD5668E40A1FBFE429B02AE344854C8B15D2D2487C98539317BC30246F0063ABE4D4248B0D8472DD71E4D721FCF13A30D96D7F0F456F616C8119DF06338E5D8717E0867E08A5D4E87C011F2536AC7039A5AFED98FC2CF137206F2BF7AB82A359C3A60F1385A6F1AC064443FEAD6450F408317B85DD3B1F1EC0343751C93A26C292B8279358D552265664C1A19665D0EDA88DDFF879988FBF2CDE7D844071F75C3D22067C59E48EB0692A8F868A4D8CF1FF8606ADF5D2A3BC287BEF4E2D892F99F75DE17739CCB910AB03EFB82DA12C91474B882743
:FFDC2300DFE6703E1FFA8E9D0E1EB89BDDF6279E276F3BA89722F9DA24FB59E247BE714E12BC72EB49BA78673A01A0DB015030E03BECBA028DEFC8D66D3C1B57E3FE1FC12CACFB1F6EF0E6E2F4755C726D583AB5F2451BC3964B63F197D78DE3A001E03C14597950E863CC498B529F9AADFAB038843DD30F95F6BD0CBE004C292BCE007B93476B07B298140478A1536102273DE5E92DF158E9D9FAF8E824119EF4E10ACA2B745B8AB7D3C3CDCCEC0D18359F517EA9A5FBE4150E34B8F59DAC9DE4248097E53AEDD8DB055510EB6AF281D19870F529184836381A1700391FFE74D60358BDF129F72F5A8733A2ED6172DE537C41DCF0C8841D7F80FA6053A79456A6E6364B
:FFDD2200ED9618456E3536FD6B40DE527A12045D92DE8EA975B54F7C62C0BE44FB355A741E47692C5FC89ED71362EAE1011CF081502FA199EA95647836C33EBD38DB360488D8ECAF8C0E093DC6F974FD591DBB5D877F4F0B7BE5D74B087739C966E209F9C12F5A9C280E40FCC48625D2E9ECB3B4795DBE6FA5E0419048D4E7FA962BE7853CE26B31660FC2F0FEAD783C1A2DCDE9BC9FADE4EC1A2DD3326C34F3D0CCDDA69BFB5C7A8D955D2773E6322005A0078D977F9DFD4F51E1760B45E9BC4B54B601526B745DA2EAA582D074EAA42875279E6066318D8CA0D96F7CDABED15051180693394C5B4F866E51BBCE1A7F1EE7ACF8F1EBA57FEEAEC627A80E4AADFC6ED819
:FFDE21001DE274CB4E0F6E39793AF3001631C5C43FD9A4C3F362DF6D47189A2727B6D36B25E1C0E6F5540BFA9ABA97FB7E98E8151CD14164A06E4B0F9FB7797E01D7FE404ED05B9ECF6B5ABDB4D38F530109F348062482CB5A3BA233F06CB1B1A8D9611EEEFBC90617EB2F1879E0D769CDA4FA7ABA7C44582C562864101AA6C4267972FF7EAC977FDB321BCE532245228B96FD1732DD5C2F84D1697D00F426DA8976BA358B1C14645A44167917C67301311CC1EE005348180DAAA5F02BC01CE16D1B532CEBEFC45541B9F8C8A915D0632663837F8BA1CBCEB369C39B0F9EC2F63E1BE15BA93C90F29B5E1A32B30CA5C6EF9A2D93E69CB2640267B57E7B1DABAC086D80C9
:FFDF2000AC7E10C928DFDFCBAC12DF6C436208A899593D9015C3D9E751D979C00B8279434CDF1EBFADEC89E75277BC47116808EC9887FCC2B8EEA2EE6BA931E0E0833176AFBFA6F9B2F0DAC7F77C954BFB7F2A1A7D2E2DBFC8C783A49C7FFF58FC2169F910E04E578561384149C68027D8A1E6626E51F260AF53C5DE11EB047A3715095BC590EB67DDE9531B33A3FDDD3AA290C3AA6805486D7C4EDD61BECC59A8E8C1D61B900791A9D76F1C16D111A21EA4C45DA8781BAFE7947E596ACBAF534DA32DE7242C5174B74D36BC911E81B2B98F6AC2B16904297F9DD3FD352561209253518431CF3915A096E97F6E7CED0D9A723F4A14F6163099F2F1866391CB86184ED43E
:FFE01F00C36CA38F5531459896D6899C3605BFE8583F92EEF914A17D28BC1F27EC84E93220AD0792D39D57B89116E91F0B25C7626FBF019ED8AC99150F43581E4D6DB89B8DD1386E72D4908B34B9C6A852CAA124B8F4F6D2B109934D982EC11E43B785A4EF5C6A619D66FACA24A80E9D4C5F44C7C1B6E7BE9085E033F7BAD251D2E3ECF3A26CBAAE66452A426E7F33C137169BE935038D4F6DF7FDD0527226C9790C4243A02519AC760756729958FC4234DB496408741E312E20B9BA8D6155A27E9BE6DE296CCDA719EEB6625AA0D50D0D4CCC38BAF10F6D16E5799277AE3D8BF4CC53EF0EA6C6820FAADC6304D8D6D7116DC9DF75920D106C7B5EF061B4AB3EE148E518
:FFE11E0018A1B506DFDCC8E377CC6059C26AD6372D9016717D3493997D966135E39A508682D2896D7C8C40785B955F55C242C88BA7BF65319CA63DAE568CBCB13BE3720EB2721664AAD1B4706868DD3CB07D0B0400F040FDA0B0A9165BD21F5F813632E989EB9C549B3412E9E5B3744E6C088E781F8092AE82004FEAB9AF2600740DA4278F4EACA6F4055A28F8C48CD5DC0A9752EAEF218C2FC5E56A5B9DDDF47AE97A2A62928A4AF3793539B439356404305FF5AC61B1FD053FE63FA2F0FFA74F0CE1AE6B7D35F7DAE2B6623F257B634829D8EA70E306624ED86AC157DAD32AD20D09FE9FF10320BF95B2CA1A70FC6EFF9D0AE1E4503054B943F0BC37E6BC0C05853E7D
:FFE21D00CD45AC4D9E638064FFEBC203F65630B51FAFE53271B108D5912730047951EDC45A778766A563421EED64FE558F5E1DE4BE5B732C3494821519C69A354990D45A2E520FF4111E7CB583E82EF437C2F00FE32C0A8650958D7B15A7F4DBC22D022E46C07E0B1B39CA5BB72F56D6EFB13BAC0A0313FE447F3431985D305B61B294ADC1709F22FF6241F435F9AA0E168DA647F0202B1B2D2239972AD5302F645165B1231205AA0D6239C7A565AE8F077C6F3FF9F68EB87D17B0BC526DB035F5FD6808DD5C91223218C550D17000AEA21778CD95642B0B4F190B1476E43CFBFD3B51CF6AEC2E4DD3DBF3DEBE5D7275FC21362A41C40148F0073CDE68BD17EB35E762BE
:FFE31C007EF57D1107C449B26D6C59B1C4556CD46AF578A8B40CAAB87056383387C80E800EA8FAC736F8DAD74F81D22C2269610DB7727B87126006DB1BCA73EA9D15D4B07B6C33BE76CD8F0F7FB093B96235598ABAEADC5F19EC91F6FB956571C0E3688E617FA751DB187C7AFECDE4E9B7694F7B75357D96C134A4A9A150D36DA79BC700F9DE2CB9930FBBA69324767A36AD5881C2CD186CFDEC29C5E383BDA06DF96239593C36987FAA631DA5450FD8A22DB3B375BA5E8D588870A4DF33F20E611C1652F7F4C374E40D42E66BFE9BFAD586DD9701C5C0963B23CECF7B82E628634DE758A9C95C032D784879F44BA69B1ACED980727C5B5E62F81DF5DB35947B2124DD5D
:FFE41B00B4E8B64AE7754C9560DB04D7B05BAE590B45511CD307A39BD96046FFE02BD86B98FD00381A500A9A50B76AE0E7859853E47837F6BD33B4DD160F3288F89889E1180483100F144B83FAD6FFE72734948BC6719ADE163604364D2C2EA153020B115E86C9D25A0C3EF53C3C443934A3A7651DB029AEFE787DAD78F674771E8C36EE6F01FB790CEEF3FAE4E11DC7BEE8683826E5F3881A8C1AE99081835D97609C990F5DA6C5695748888BD86033BD79C5B7311304190445C12C142992DD40DFB2D0DA94ABFAB53148DF5221797D3E7DF68B22EDD15BCF850098C4359666D83D90711C73894B0928B0ABC43D7A3A49358EABB4AC8F1A0EF2A57A01A24C0926CB760F
:FFE51A001402B1B8FC94CD3BBF4AF901F157A8127F2D25C1C21A9C78422ED9595257B31E47224B4A4AA64401C0E14D3002CCB2344775B9DF696281BC4FF183A1E772A2CA052A1C5B2AD9FBC2EF152E4993D58B45DDD8CA7DCE1A81AEF2AEC84B6B577E391B35DBA2E66DABF96C65483BF1731DE0E7AEC9F18DC1E75503565551FB30D559D09AEEA0C9D27C0C5E5E3699F8D9D7C9A6F0BD2C0A5DE99BFA587D492C3C2F1AC66AF2FCC6E6C47B6035E389ECF752BF4699CA00CA17D88B0C185BBE46EE933887B2B05E9DD23C7B489739C98A34CE78EFFEEB0C8FC1E5CC97F7CA8D64FCD74821440C7E46E2F6BA6DDAE71E208E0C49D0ABE43EA9C110C2E74DBF0700FDE0EA
:FFE61900FC3F088BCBEC028D4C8497BB2BA8BB30A447274C95FFB7295FFB1884055FB03F267CEEF59CA235A82D2825FD4ED85F7CDB8276C184FCC1E691B24B6AB522847860A566EB9F37CEA045F0E71E583C1CAC893F6B5D98428F59BAB2A6E93928119AB2A7C269720C3F4630BD796FDBDAEC6EFF17969B559F66A98C92684DB12B24CCAF9CC1CBB0E2289305338154897DFB6586BF9FFD41375C863EB9C33AE849AF482582327DCF0ED6CD37FB7C5967F34BEDF27ADBF0C7B09461B4F8EBF6EB1B2F185C3E07C7C9EB9005E9743793C731E4BB6532E02FBCA4B89E62BBFA2508EE0B70715584DC8114BDA010A0E1587B25A289BB88461C45F5437163B991F05F7AB899
:FFE71800257B3CDE2FD05D444C96A05180C0C044FACEFD9A0E19C3B058D24400AD65CC1444DD4F373E0B508C1278B0510F848DED91065376A2A414D48DEF681438D1B99D70382B2934746BFC96ADD7C99767B680991E9C2AB64EE7814BF6929E9A7D6548DD1D854C7500C6F5FE5C9DD9BE89FA08DFADB44D6EF2B178D9EA2335777123039414286A5CAF4701B03668912A95B38D505636FD02B13206F1F2B3CCE9A8543827D46A586C484850186EA8177999DE22119102BE2123ACE2175ACC359743D3BFCF135E521F46937AF1D622512C5433D4C7823983DED9D241274DC28E9AF2F1E9589DB9F3F351E24A58B4AD1024DD3472F59E378867654B0E5DBA8D7415DF0773
:FFE81700307237103501EF85142F38C229C99D1AE28D1C6C6B240C7ECF0A0C55302018A7F82EDE97B70F5C0EB345517003196113BEC7AD4AF920F7D1E697525F257218CE38583F14C39347BABB65E28409FE4553DAD7E095D8D68939E9A340ABCA182B39B7FC54E7656369584A81D3AFA34584E8B361D93A690AABCBA6DC567D255913D5647A13DEBBCC0FE7F9B116D0ADFA7238A334F24473D263D2D1B241BA241012D5C2CB65ABE40C839C8C39405B173C56473B25206B11FD1D5253CA1C9F1A89AAF3E42B1DCBE75C4873CC30FE58BFEF61CAA66A2B1A535DE1505D311C612241DBCF716AD4E3613355C10DBA7490470BC663B35D40CB244C8F4D2A0A7F6B6413EEDC
:FFE916003B3D63AF71554C19A9DF1C5276EEA7611A95F1A1ED65A56B4667EAC7EB69B8331DE48F84F4D42D996C8BAA3E00A5ACFA7235F14DF5AB0065E301F73A6FAC2FF1226622B18B0A7FC1D7B5B1860224991BFCD1DE8E96ADCE529D51B48BE2EC0C7D1ECD97B0F09399C6FF64817DAF25F8518DB1B20F82198FB00B8D234734AA1959F4E901059E5FEA188F55DC79CC0776F0EF568397FAD580E871F1FEF1E78BF341FBD5FC9AFED62046A3192A048A7D6B69C274ED0D2354C30849CF3B9432DBD870A898073EF3525CBE1C188B9D709372119D4D39792B2B92C200B8600F92A87AFBA1D522F67DBF25770A8DF45C41E9CF70A3834DFFA462E1D1249FCBF76F0A4BFC
:FFEA15009133CAAF1A1DDAD8F27625013179B4BD6826BB4F0B99CA2C6776B588391DFF5F5B16FA2C9E8CBA185B3D273F5B0A72E54A59134C45652E4AE0C43803D9D055985DB5C501B32DF790B8BEFAA2EA3D2FD5F171E48DE0ADC5F5398D3F1A9DAF6BA48684E03B0D14E50ED3C677094E3DD26AB98D8215ACDC846D85E42D6D85ACA68B7F3C3198EA7DFE1C679F7C729EBEFEA5146C4D55BE1460E6C45A18234ED65E88998042FE4064BDA19593DC558010248090161003149638B09C0DFE297DB8CE486A8EF8448961692FCA6503C99EB59F7E640415B7DBAAA43B6B48B61432EF22AF0187FE85D9565FC15B894CD2681E2EB66CDC6F5073F0132BB289061FEB626DD6
:FFEB14006B4194BA726D9998BACB2F5AEDAFB204E9A2A22C0810F60B64C7625B86D4F437574E0730875286312ABE024E16AB426889FB1C4004B32E5B2DB50F4461AA2ED238FD45321E203F37E8202125C924E7B25C3F254DE4B5E527BED628949CEE856798C5D4004B8D2056F9C57F0B370131925D66264495DAE8FED36CB975D8C661B5C3C6AAAAD9E1093FC5A384070B62ACDC64C078AC908D9B11025FDD49F4CAE557F2EBF5F1E225B80E2DFAA9D8FDA2B6BF3A6353359ACEC9A0153553062817C704E8D9EC6DBD290B9855DFC0CB156D823159B5B11717AE5C1CD7D76EC93EA8CD884087F5240FF4690CBCE12E9EED04569E0FBF8E1397F029F2C2F477055F8262FB
:FFEC13009775F9440A555E08DD39863B119EC5AC73EE2FE04B7DA1A7AD88F22978D430FB8436D76B08CA8E33E5EE20F1B22F8D77FB9313702175FD41641EC66BD4BC555B13DE71664645F1C051BB9C1DEE7CE29C6D67CE7B7A1D2BD826E0B1C9A86EBD874C03EE0B25029782D3712FB0D6985D550E48374BF1785E776F2AE695F718DE468FACE4A4E9EF76ABC52AD33B77E9CA645268CC2D4F19643AC67E623B45D9C641E4D1DDAEC3F3B82730B7009566E501D6881334B9063C48C476876E990E210CEB006D3AFFE2740669F4733AEC86A72CF8E93E123D670C1D61BF65272C957D497636689AED26FCCE299D49009C2CF63AE72AFE128C0BE1C85564B30A5B5506B052
:FFED12000448039FF4D2A029E802BC228A40532C83F2CF592ADE8240A596392433019F8FD3BBB64ADC11B56447A293FD48022A977413124C77C7414B7692665935C792301423A50EC1317F137090889F9DE81ED904A50644077D8CAAB770790321C5D89D79EAF80479A6042CB0E76B51E681FEC68CB05FF0DA18F6499DF56130BDFB8185A79317B1295465DF061965445A7966781AD5E3373C64B1173A668D11B869532C8A3E8959385ED207F050EAC218BC15AA16B60AC2DE4A485508EA497EF799339A1BC005C20891EFBCF36EB1BE8F290EBAD8EF2E8D1ADF7B6E75E99294ECF0C3FBF57F8933D34F7183AC03FB6B2A123267D6908C3C057D9F90B2F97165F283B639
:FFEE1100A4CB66D0D60D357DD4D0407AC1718C4AE30B4D5350F83B9FD41BE1594FAE918F642CA2418BA3F8EAAAAB580E6296CBF5BCFAA746EE5CA5CEFBC879928B6AD1BF48F0CB0B70AD261D5FBB4711CEB3831803316B468FA431F32E610081F7A71334B28DA12A0F84CD741C6130A8A7E23B47041C2BB27CF3BD2D7271FE8223577F865E532566355B08C29C5B3F6330B4B52862E6DE51FF7C7C6EFD76B6AE3692E21ADB0CAB5E10C0F01228B5066E9DDC0A0FAF3B4897CAE6C95550BFF9BF63B0097F405AFC2A6B4C8C40F5A69987B49CE258279ACB3922B71808D35E8A109FAEA05726406E03B62C2A144D6FAFCF527F9C4690CA70E732D00EE9C9CA59D3B1B0E434
:FFEF1000FD2D4618B0872CD1DD6088BBEE235AA2D9A37F5076869A6C5F328F21C496BBC6B2B78623B8BB41E1773C18D4D0726AF8B696CEAE867F5335FAE1F763F91DAA83F2AAC47AAAB49AA37523208AA6FFD0B8D84C518609DF16D947279011B305F971324F748CEEC28863961043A5F5E182621384387C65A7BF14AA37447BD904DD95C3D7393C49A86CDF38DF2D0C2311CB859C5201C4866D76F731D0A499A81634E3E4AC74B83F7C505CB0FCD6DAB6423A0E4207924760A42D40CC945FB4EFD642B1D48D6076E813D6C2B5D4755DDD6CC0A2F44F563CC51B95A1CD5E1DAD6B120FE6AD35217065E734A69546F48D6E6AA5A5B407229E7A8C4B23629FEEF7304F7274
:FFF00F001FB6218EC5A28C90FAAE9642A744775855E11A91023091BE7D2EF03A9D335407C2A155390F4B725B5066EDECCA921A0E48669F6D4428610FB2A1B554C3146BE0D6AC8A55637D282DA7FDA868AE29BE1948F2BD5F2024C324B0F9270921E794CA2F808F65BEE78B797446C007EFF1078E613D8C5AB3FC15A7FBA8EB1BED938154C23C66EB2CDDC656B985FECAAABEDDD413C39CA230B575822FEF391BF5152E4310D0B209257C27C9D66C949B84C3D4E04EBC1BB05446A97B5421485D056DC3567C205F57052036938EF41C623AE95BC6AE37792846DF960B82E7673C7383A8CE35053ECF583A6A36307397A32D65D58025ED1744BA2FC4177786104C65C76F4F
:FFF10E00D6B2D83C50578E91FE074FF7AC3C595138F92930066381907D15CF349065084CC879B98C04A8106697021714E803062082EFC689E4224DDDB55FE967E181C2D9069A904C976B8F24FC83A6DC107172AB8CB76AF60F3711F3F8730FD2613BEB49508C056E51C8DB7EC4AA1B20F0530DA5EB2CC7FB930B5EDC796627BD60A5197945F4C9ADACB1CABF6125648170466DBB8F3327FD9C8B2176409F323712D3E6C106E861A1247FC4AF1EAA0B65E668A1F4E3BE6CCD325881613B45BA905E9837E302C086F61464DEAF334B45FD1185E929ABF988A6B96F72097F06B3A102724CE1B67DAB81A873E9B6150C6006D1FAE024C3C827F9D987D2A697A907F1D2AC24D3
:FFF20D007F306242A7809CA5487BED7E1EC8A7E53AD3EC940AA0EF63C705CFA75AEED90D4B84383F294B215DB0E0020E518A8A6B772E73539E926C09D94C78A23DA35694E236E4D2069ECE27B7EE68F0E2E7FCB39078638CE3FDC31C1A68C034A1DD76D929B79CCE3E335C97EB69AAA6D8EE4880A638E101C75D5001BD3CD5D1C3646A46E33D41BFA57031E9CDF691FAB58984D9DFFF58484A585CD7890BCCDE287F16EDCEF874918C878CF7A90F25DBDF0A63790A96EBCB9D48C912D43EE44B082D11A553C0CED27C4C6642FED40FF717A982F406EE48F565CD837019DEC52FC469557865173A1061874FF30845F2C45B410A4B3750F3ADA83AC6C2112B9CCCC0517AEA
:FFF30C0012AEC16A8F42DBE1D7D0AC75840680192712399E260405B1C6E9894FEE9EF9DACC979D097FE9FC1FD09AA127778D033C57D0FA059CD0978578C6D696578B1D1E6C33F638E7AC3063EF5B941FAF9F3F61BB7B629DB76C17191BF2E7C010B79DBBE39BE0F03C1350C61160B0167C3D67F375B9298675551167B230828CC0309F9CB155FC9B71FD93CE070E2D1347591C516E73E408301688FE8E094AD501A5EF98857AC68E00DB6722C75D97720D2938A306C76F3D8BE8AD558210890C852E214B01B52505FA6213B60B01DE9EACEC1E8888D0F352E40A6FBC6E7B95491D7059166372FE25456FB707F5B7E941427DA7BD64D62A5FC418C4A990B4DC5B27A50076
:FFF40B00E58DC3E2D0DAFA83CA6B9FF20AB63D2762F2B1751F577E859E51F754841296E7B9D116B83FF3B51264AE4030BE84A93C84365153999DF15732A8C86EB285D74DE522C62DD3B58A69F874E8520C16331879F50AA6F96A49F4F7535D5738DED05C3D1EFDAD331720507FA1F43321F876863E9393C046FEC7B43F585A8ACA57F28F322688D52A8DD0B813754826D95A845ADCB2E21A66D308A44906AADCD2841EC285F864F19E619B81B785AFEF552AC304F51CBB8894FC77B79B8C5171B58751418291C369F34B282027D95D7C2DCC41EC4E34B6EA6FBED0EC24DBD5222536873300970DCA1F795214200561417425E996041E2E49F447B533BCFC092EA635388A
:FFF50A0006AE5A47349469B739A19FD6ED519D6A16E524E2BB17846C4B1B020ACB6E708C96979094431671A68ABC5604AF75FF11443BAB56F0AE21F1CE0514776B6800458F07F3BDD65AEB702E078C85DF5617094C256F5EFCA0CFF95BC109DE991ACBAA08D07A58EB8A52D600B9538C2DBAB6690FAD0C5DEB606277B210F88F0927D34E2613A99C3233403F7E8840AFCEFFEFF90D9384824B85BE27567DA813A9DD3B82E935644DB98EBDE9B92EFD27C594749F7BF51B5B331826A593D1C0DA443C4FD5B2E2997071D0117DC6C4B44F6265D8DACEBC3370AA04520C4731AC2F520C545DB033CA33EB08575E56B493060E947063E57B53D52F7EFF06E2123C7922F702D7
:FFF609003D5D15231F7EB5E36CFC9493E18BD65B81D4226C60F3B041572DB6A995F9DAF55D8F3E8099D1A7831563E461B6CD7B7EDC975AE39331014B4973FC46BE1082FC0EE157EE17885066246F12A28D6B7B35EE7B17C60E3B2FEF1EDB48E071EB5CBCB662DCC3D989D992AC8FF7B98CC32CF4A55B959F002ACD8E663B459141A76547B481C038DCE9402CDF3F8CBF63EB481A07635766CF4578CA54777871B7D9305AA083879F72B310D970B56A3B0B09F858352B50E1BDDFC1EC364DBED0F568A5FE52E92893539E1E246BADEAF9138176E9EDFBA8FC98C72B0D01A9AA9B7F782CCA3418767AC7CB32D8252C03F7559E44DD1662CABFA524E83011AC1752ECEA3BF3
:FFF70800A81A9D5E4BC628CC35C6F83ABF685D35AAADD1D343E412CDD830206CCADA56A4FF7E4262BB5BFE0D84249EF65D3245AE79C94572AB902AFC46B408A0E9384FC3E055C3AA3D16865EFAA286D546264361C3E0923D8E7C8CC6D61D0C0268C2A8BF23C2BC8B418778252C6462EFA3C9F8BAD296C4A8E51A2F6DE47CE54405C8D1920021CDAAA3F4CD3449C6E9314D9EB8D585FC2C23266E8A55311AA3CE4A3E0FB424C9C535071E6C3481DECE3F8EDDFE8F43D1553BA39B263553DC8B845A066603DD54850774F02ABA4D3BFF19BA5F753CBB2CA2357233A95E3BE2B31E02FE550EE4ED5D76CAEC2626DA45F48194F07B187805F39D171001BAF20725D737801467
:FFF8070081D072B05DFC41583AA10A91BD621863FD601C8823682DB2175933C1FCCB99A76F5AFC392D1902C45515651F9FF6FF0BD51AFA302EB5905057270CA29B0B3A3470A506937486DB34EF8D5FA84BD261ADD7331A097ED84AD2E4938434FCB9496BBD5D329C2943B5114F936E035554A27445D9756B673E624A53BDAF057D8A3DAA54902C3F7F09903413AA184BA90FDE03CD0D055C85183C1213F8B598F5DA3C7C7420DF4486B6D97E0F8535D708FD10E045AFC4CEF830F40F3B32A828B01FA44537726110C468246DCD6FACCE1EB0A9C55680E9E6E185129C76963111FA363A16BD42C2405836FC6F2067EF579C4711DE1285A8BE03730226503FD684961BC27D
:FFF9060099309166C6C796B1AD06BEB3633D2C496484158CD30BF44E0286BF5C5610A2226022339089C998B2E62A14FA2F266B856455558B037EE1D072948F26DDB107EA171B2E359948D5B94083922924750094154F9D7E72E6312A39E42690F5AE86EFF14DE6FE0C95FF7106E490D94DDECDD1367B4BFF6633A610DF2531F64E58597EFB836A7BAF9100D42DF1C7116FE21EE45A4A4504D996DDD586EBA3D055A37EE38A0227012699F48E113CD71BF5768C53C7B84DDCBA5FAE0AB966CFD0DF17DFE98D077CB144FEDAF68D9350C90BC46B61094AAC9A96BC4578500B82FBF73591E0BA23839BD29A374DC0EBFAC5A3265B8AA49F8C3D8FF01C667CF6A1C3E9B2475F
:FFFA050057822143EBC3462EA820353D1846969FAE09E388C2DA26BE319CA1DE2366C78D01373C8710B564FAA0B9594E4F95F157832FA343A16D1FF41D2524D007FB01CF615C823C24F0F2FD93AE69BDF743099EC907D54AE63E4609FB6D5E0BD0AF292AC3A310DABA8CBE5F9B1792A6F9897D0AADEB7B73303BD1F6BBA97B75CC816415C223FC3275CAFE0148656A1F84ED0FC05E7820219B2625E92B61CBAB0F4A419BC0A9E9DDA04F6BA7C70454888541CBE8DA62DE4E3394C5D4AF802D446A3695F14D45FEB2F85C75C32676DA51703941ABF04644238BEB70648078D10A047B97F13777BCDB0E59571894B3BF33733A34A8B494B02F3791EBCE1259B12C00560BE2
:FFFB04005E1D4E580FB90CAA24CE6014B6FC7F8F44C1F0582E800DBE339FE356D0589452DB6E2AB0D5F930A774AEFBA02899F61BC50A8CD9E9126F798F889F5CC865E022B00792744311C688A432026EA6DD7A830808F327D515C2D05388740BA76B07BF0840BC97D2F457F17502AEAD8BA8CB8B7A5D4E39AD50EF2314EC95F9A9609BAA9C7F206B9F97F952C10975CDADE03408DCF6E8E314135BCD65412A6E75D960FDB32D3A077A3B052CA42CD95AE87AA9FB2002B1CE13E965D2A0F682AB3DA168AAAD55A7C77A27DD106033C1568361F5DE1164CFBBE1A463B860E3FFEBEC8A4E81E526FF67324780A06135559072E65FADAC967340AF53AD118B063A0595CB526D
:FFFC0300C604DD18B59FB9E2573A5618C8A73264B97DF87C21CDFDC28CBE35DC7FBFAEFF4E71F22E8CC2C727F46993872108BA9751EABB0ED8664C6FFC45DB001BC0A52838BED2B999E8694AD2505385A821A8EA3C9596912F39642904910C39890C8ACFC552382BC131C4AF73EA34F2DC1BF0ADF46855DFDD9760421B76FC042DE0C527CBD51DA202B3F9B2A6C342B801077ABDD83E48BDEF1E783AD15E822002172C80DEA029A08ABF0F3F3A6ECD2FB6485F63E9FF8A55802DEBDB651D85C6BD712241B58682F499A3A842E298F73EA5861037C00686D141AAD1B6FC9C37F35D3EA1A700A1F5F2532A1EF52BEBA66535715A0C93522B83A2CBBF2AEEC71E076632A5E5
:FFFD02009634560ACE75B7690DBEBBDF16A3FC943E356A8D433575E70C1EC13334F51D3AFF228F3EEA47B6CD7CCDA8FBEB60D075C433E2B6C647D59F95B7E73786D10434AEA1CE357A8DBF32B875D6715CF14BD2B99819740465F473CF0D555A62287894C9C7E8DCA95A538DDE0B25162D75E49EE993FAEC5572486F702271BF531C1480474D515433280A2C393FFF054BD66116BA4F9DC89A1DD88C8234FB0F1A2819D47E57DDACAB07562CFB3CF54969A665BE7E840591E6386D23D6445ABABB8F20F85E7264BD850CA752A1252415F94EBFCE19B00EEF37524F72A7C9413F2048D4C05FC55C88611FEBDAB3BC7AD04D2CC5AF7D4BE7D55598AF69375FDF6F6ED7E66F
:FFFE01007B54BB1ADF34B886957A3E126B05437EFC7543BBE059746BFC859C5A295F5F09B723BBB72B2D3FCE8359958CBD530BCC8DF6FADF93EE5ADC099F500C77755544B7B1400C3CF22B13B95B9ABB5441522EDB6B29763DE9B025290BDA5B1FC7B33979610C7AAE778E0A9BCA1A7EA9FE2BA8C59778C917338E1627EE4CFBDE0D8586917D10E9EE4C6812C38200238470489768556C7C13005376BC997E0144466D2BCA0888E3E1116B3E43A6CCEE0ED3EDF02F07AA609F09A99DF63058EC624677D94745F95C35700765789642DB1E04B53BA985E574629A16816A4DD05EBFCE069117BC2E0F45590A8AC15A766E00FD697A7E4FA59CEC1147F96A9C81588D2CD7D1
:FFFF0000158E41B56C7CC98954A858A53CB020D53A77760DCA4AC2E30E11E567CEB5DEC4A44BB0CB5201B45B8A621BDEB6632567549E8D2EAA16C9AE70AC603C47CBE8A464502D45393EA05455B37B1E2D5C401EB03ABD3BDFD5B22AD8FBC9DB0E4108086F3FF227EACE8041EB6B1DBA355B962B46656DF610F0F1144AFB5CF8A8A6DCEFC0C114668E18E669F8B77CE03115BD0068EEB74B15F5901BF3B1AB5166F4FD8A1643F3B527739AF522BFC7649DC1C3432B0AB0CD3F7375B2BA15296079DF600174A5AE1B9AEEE41A6851AE03282F920D241169CAFD28DF07C457D48D312FAD5ACA84731343F4D4E08CEA20664A423DD97A796750D344D521BC158A9D99CCA86B
:FFFFFF00C8A3801D94260E0F614E5136AD797892300126F29848FD2DAAF6B0C888B7315BBCC81C846C371F28B1842B415A1967E1DA0D218F82C8F6C19E0129D9E876D53519F24038AF21792447FCCD3FDFD2258334BD6139C4088557EF298CD91BCD8C5E7D6401A3F810BACD5953C6B87C8F405707F46E05C33FD77ECD1BCD99FBC17C8ED28622B66B9474A6A86774D8E716F86E8DD5B673F638F929351B10BF8B76EEC0F549C9FD4961ED6837E05E40CF9E99B6531AE51817A00801BFD7EB8151EC09E638595159D84016058276389A5706C7E1307CA69802C6541109272D1351C9A9D9764D1A665CB7E81DE4AFCB6D2A965E4BF245E014D70CCBD41E707C180CA4269A
:020000022000DC
:FF00FE005960931C4BF3592567970635B4E098BE56A2B38EA9E112D4CD7F1B065A2984CDCF7FCF8623CC2BC2BADD56258C92B7AD417788126E4E69B82B3AA1B45B02DA11ED53E2C8084167BD14B1238EEB3D6B8C94854C43E9D0D9059E6A70FDC4B9B76050395137891816FDCCA07754F6BB60FF41A9353E425938A2AD345800577ED1A7A74B96E59A8655D4053D258336930054A192FA7FEB620AAE64BD592C4BD37A3A263FE14422A2E3EC5EE900C56F7058EFCC39E6D2F122938FA83970C6476DB396C71EAFF41FAAF2E05815A40305398734F461F1764F3C324716662E43139E6E70D050FBA0EBF5CA871A5FC5A2BD800F5CA9286264AE12E093D610A66B5EF44088
:FF01FD00138779C0517088AD0CBF8A40B5C6B31D579FD05DB20AE36BE1B23FC48B9E53A757E01297253C73CE71FE6EAC5810E7F50DFA72BF37C0CC064DF1496CEBB3CE03EB3C9A0A37954108E99598E7457392E50750A7110785D312C2B400348BEEDF0D06E476071D4C186218801511572F30C0394E230442A76A87D30B4C3668496FDCED1505BEAF49C8B50CFDA9AAC0D5CABAF51D049E25FFDD37AF549A8E0A559BBF56F1A3D498327E3DD3F24D1A0EFF65A0A05709453A2B1E3DB47FFF5A28731A6A386DB8938EB128473C286EED32414B2FB95854324367BA5E3426702DC39F5C5181E3C8FEB4E758E1F8AAD63A256742C9A5773E079694A0A2CB41642E0BE2DEEF
:FF02FC00855120FA0046B4F576D5F36446845CEFDB2521F116017A489B5367149A2280F349FAA03ADC369FD7F18665CC420B9A1B3D65CFEB29F71D9C6D00AF68E63E90A75A057E509BACD8AFF88EB4D1516B5F3BF70A92D8C839339889E72996D34892FA87D7D2BF8288079A02A30CB52905CBF548F8341CF8A946161915B0B99D3FD5809E67E3C9F2E5F31A22E8635AD1E358FFD80A48056B62B3D64316242D5FA1EDC16056B133D6E5288555F8743EF48831F69ADCB6AF321DEBAECB44AC0CF8EF27A6461066506796B46412B0C4AD60F7051EA7AFBDA47AD285F1B3281B174757423363517E98654A86C34EAC427C129C44BFB81BAE2D3258960643970D68F4D93102
:FF03FB007E01EFC16AE46A9D573374F5DEF90B24D587B055E069E0A59060BEDBE415DCB3DDFED56121717B29DA1230307D6C0468D4341048046C3CC90ABBD594AA3AF5D8D845CDBA9595E8033E6F5D0A79815AFA4402D5EF27328B99E53052D3D919DE2AF2070C6AB3FEA279F99186EC4694CBD8CE33A97BA6B36A852F4572D000AE5D923C42FFC9ADA538305625AA4E0E83648F8A9CE8F7FEF81AE6AC3336435015351A2EE089158AACB1DC5F291EF299DA66A4C911D4D28F137F6BF56F3C32558C43FF5C4AD616A0CCB505DCBCFC3D3EEC703CFCA86C95C1DF023FE669D1BB7DC8870B24896620958AD4A61A5EDAAC7B780F28399FF1DC51C2BA0A6604AE111553AF96
:FF04FA0005D9C9AD953A374746EA30438C0C514BFC34C4099C987633CFE20D125218E34DC025A8B81C5A9675FE75986F4850B13030222E8DD78C11ABA1CFF8B84C52B9B0155A3FEA16A714D102B95EE918765DBF4E0846411A0A8376F8E3E909B9DF0C410741E1EEB7A0120E2BF01C555AA49FCBFC9ED2BFABCE3A4E0F74BCB6D1B0DED0BF4C507273FC0E2B45329E2DAD3F7D5223F5FE59E6B453F30F6C01D7DCF0986F7BD62A6EF028B489A782CE360C2D4ED5C049DA77E5200EDD38AE7F5C1D8D43914D899913E07255E05839566880F7EE4AF45D40EE35AC8D8BC1971389472BCD8625FA4E829653C4F8231B257BB322FADEECCD6ED3CEF9C039FCC2E5BEC3282B18
:FF05F900B39D6DAE1F73A1912C3EBCA75F44A072AAA4755569ABA1C7A1E0BBC661CDF052BC2301693B3C92BCC4D7AF8CD28A81055BB1282492227CF4A4781FFB7EDEECB33AEF03E7680D55358C5FFC1D0271036EB0D20E1EAA40447D24A79BE9EDC870DE3FF284D36E2B0D8C47F45F959D11D0D5699CF7272D15663BD1AF02A4BED8568A93BB155FFE5E0325A4CA2C087DCAC57693EEEEA69EC6C851203A4959FE2CB2FB907BDC18E650CB05875AE02BDF6F0F31DF1448E73F1F08763E1EEB8AE1EF6F506AE00350009181EABF45DBF11D808AF68C827AFDE17F8CFD3C178DB568181CC8E1BD0D360A8FE1B645C39A64ED293BA507CD9D56596DD5883A81C6701519F4B3
:FF06F80042AFA3EDBC3E03395D215DAD1B59E5DE285ABEAFC611FA9C8FC22318E2F1D073671FABAF2599D4754814527C2C1EC861B5ED964A6FBE47C5B368A34C59FCB9CC0333FC0448BE5E178929E4FCCF207650B2ADBF9A43E036F258AB36ABC3501C38A3C622AE3EB74CED4CDC582127288AA6FF53FAE943AC1517976726FA73DF2FB003B2EF7EC7F37930BD45757F94FB410ACE3A92CB22D09D6B4125EA3BF57F2C582DBECD5E79232F99CABD17FE70161F82DEBD2626F2061C520BCA64188C7492628B4DC71BCE4E4D5546443DEA744F5D747F1CAD4078F139A4924E375110955DC9089022909F0E8775817E4EC5C298EC3F0B86B394E97E53EFF6C8BF4034D89DCB
:FF07F700130344110F6413B520DBB4B4309FA45247E0903C8C178BBBDF6AB1F0705B91C860198352400050395EE3F241A6C724168ADCA04CBBC625993CB552312CDB6EAE2AFF96B80880C5BA8DC86BA3E5056251E07B709532324371D73F51C3510468DB61F82D55AB206EEEF2F0173C3599FADC5DD45F6D042F7A6865D4CA1CFD9F7E56EF708B23A0DDF7D57C9711C0929EA7FB96700EB583DEF2A946697128FEB2BBFC7E7DD62845CB600DE33A4DB06CCCD0FE88B8CE21020D9DEB6313588B749F4E95C697E8965CD82BEFCE048F6485E23A5099D7873E92991FE5EEEB0C56B6CA8F9090B3F6E0802659ADAFF92CA3AEF3310FA52DE94AA76470A17E1A1DA7CDC1CC81
:FF08F60075064A460A1E30B6E3D12D874224B7F261A3972CE54639CD1BB2304657859CF80514AB960A8EBDBFA70D7BF52042C206AF484F3E336A129B2A77B82E716F1E66FC3A1788BA2E6CFFDE295A9EC6D8DE80B6BA10AF3DE9BB5A61F8E6FAF6CE1DEA5574FD558486EA300AAC8A627DE4177B96AE82F4F165E203D7A671C3FC0B65A9232742A0B46D14CC069B218B7CA738D773A9EDF208C0801F989AB3CD27AFCBBBC7EC3A69CBB564B94D51D1935CE7145412243CD5001F0E8C30D96DBA1E8355D156DBF1862B672CFCEE29C9B313DDB66A2F3373F871E3F652E070AB12571242077405002151B32D1539421529B280AA5E3598FAF696B8EC63E2D08F4C2B44A684
:FF09F500A87893BB9557F646B5C240D8EA72D5ED46FA0C00133678DBABB4B92020108CF13EE65F544B5A784EC8051842B65C8087F47C141F587E48AA50CF87D0BCAE9E5BFA42E9F271AFD196FAD4062338FCC470A7C120850814859ED0FFCDE992356BAB78CE270820A88B5EC1E8B88741F7FEF0F3E85F8D80CE77A5A3858E645F39C769DC478454B881119F7690AEC814614501C1AD54C1A9A69C762B96E7A4109490FB770E3FF9442E9ECD5181E19EE2F62C0A0A515E076B83B1AB9668131010E10FECFDD43A38F0DDDB9067B335F93D9075685A4F7C93715B2F56B09C3E24451A5952945E74156E051A44AD06C4EF119EA6F2ED932E88CBA173FD828BA2D5C32512FA
:FF0AF400DA9C1CDC949756A594A9E986DE2D095B6E5098D6068BCAD1824C6A076FBCF22E3B0316455FA68FD792C7740562B35B73D8C3B1A31743A50DA4A7FC22B6EBAA6009E77A3EC1387693547D41420E8BFE1D5D0AF032BCBDCD8DE1E8A58E52EA306BCB57DF38CA304CE91CAA25D356D2E4DC9D4AA07A6BDBC774D38CE9789F5C3D44A8751463EBBCDF7A3AC7E53428881E9FAB9BB67FE34941C8BE78DCCAF86AE81FCC4E42E9A84E50BCC80C161380A6964C780038CBE5AA5F84D8B96F00D1660E1E7742A6C66D528F426E7DF713304547288CFE809F00EC7FDB73A14956CA05CBD9F45BEDDE417C07D7A9A3B114EC83680939D22E4C1D67AE44FEED50D52A36B7E6
:FF0BF300F7DCE533B2F264D44F2058C132F90B8868F718CB0E340A23AFED8B4653EFD60C37B997BAE37ED71635F4ABCDF532204611568AD708C5CC83D593FA931314351B0C5D7FAF5243A08C1866AC8CF4D1A16154DDC8242507E7B6910181EE6E7EE82FCAE6EC9F200667C59A2757B350B23B37EC01671A65842E4C1A5BE81D88D547DBCF1D8692482444DC5C53E6E25AD90DF9A1594F8FC5A458F1FC854F58A57A2A07ABB06FE8BD62AE8B265AE2697C3E7BFC44F37834EE47367D6B948314ECCAC0C8E1BF2E542AC1C01D1635D6D1638292AB57BECD9A76B99C112A7189339C4C5B5E126F369E04E4FDC8F0E068EC3ADAEF4C32E5B6959DB514407033CE4C8416B297
:FF0CF2006B6A610A92038EDB79F3E3179DD6E586E3C516AC2419C35349D6483A3762A4E4F447647D1F5BFD15A1FFB5B543C0B016FB876E65A2B2A679CDD89B6BC5CAAFD319CCF6714954B93DD60F4B2439F532D2F4FB3C2D050F80722A7A66833C6B9F9B0748DB7965AACFEDD9A43DB9BEC5A399150F2588D58A0B643F5F34263A3F7CFD32903A3915DA36710EAC3002C197EE8597599FEF32FA657A4C6B283BEDE1DDDCA12D27AFE1CEC2E26168110C484EC3D88A9C42ECB535235FC53FA4F607FD44D476EAD2EA18AB9A09BA2214DE8BCB67E91AC6816A2E25E6E1A2722C0411AFF81E211A2A9053B3FC259AC9E0164D648AE4675B06D67F6365B6A051630957FAB8EB
:FF0DF10072E07E731C66AA27A7E0F2FEB41EDEE67EED220C6A09568B90255803F4AA31B62DA0BFA76B5FFD008979FFA9F9F48578D80C4A567D99A02E98B6B19C9076DD8E33CFEC15AB4F87B12BE84C3C2B075E97D9D06D3F88BE5DB65F7641F21721A35EFC877DA34DCA5918C95EB9CD0210C98F24486523C13BD50E1E6D6C73A310EF3F89D99960D7B2AFCAA00BCE1B1F7CB7B2F6B9CF2C36CEAB91BEF935D208E1E69DFA8771901233B2E6DC7DFCFDF4D1DC29EB86909199123A576DA553200573B0BD21D4ABCFF4CD9FE0E8F3087012279617021E40E2A71E957B633F7308D7D1A476D64C4FF47051C74D0B2F83BA798256B77AC125F7014CDAB9E130FA2830C1FCEC
:FF0EF000EC57BAAC718F1D4D13396BEFCF71790C66F114C03DE716DF302C6FF9836179D57CDD703FF7E93ED1C538C7DADDA09A3F281E02ADE4C700A2D04F4108E3BA2A98829877C38C6AD176F56F0AE7333D5641173A554B6E65B9DBA17AC8D9A021AF9625A6D97B033AE12DC2FEB1FE9BC4F8294AE44C1A47DFE284EE398B546529BB83EB96D994CE1CB9380BAE4194CDA3E041342FA9DAD8300D72BB0FF306797558BA59AD964C7646F7245FBD330DF79304F467726A12E9C3689090749218DF9910A52FE0CFA923244527539674B8BE35D0CFA9A4A6FD2ABCD90D0EAE06018A17A0DBBBA46949F5C9203815C7FB99FDE9315042D993C10A032A6439BB4C45B76A3D15
:FF0FEF00DC7CA78F1CB9177C50952A64E3C8BC6584D3FA5DC25B264EE7B6443F49B93036D073D4D6BF920827B392E95E1C43952D5B5F7C6FA33745B9EE1DB8B08A1DC0EF9BE5458B1808DB3C488B64E401B753C744181641B287BC43EEC42479F0D24B75085725C94A335020EFF48703EEE64F7E6E0E1D9676E2E2F3510FC1EA3717D4692B887A75735FF4D036357D0C2BE567B93879A71FB3C48FBA946E03130F85DC2480B754D78263AFA2FDAEA99EAE4242784A477988F9AB14DD670A5A55CDC4CF2E7FAA463AF644427CB3B5B471FFC1CF32D0976A8A6BC184EF0A36CA2B0BDEF3E7D2434D175B096C1C725BCC2CD531CF19571795DF3AF061736CF50FE2AB694175
:FF10EE00261E0ECCEA6997D9F901D235E6C263BA1E72B58BDF25C8E925427E2D75B51E721F931D283B0A75D44E3CBE68464A827692CF0CE9B7758E357F1B9A9BA2B74DC2E506C8F267A17A965800D362EEA4B96F1A9FF19182274F9C89CA1D4CE6F42403A9696E91628D425DCC46CC0710EC652E803CBBCF1962AAF2DCDAB25802D1DC702894AF42E1A5684E2677A3C79C08E27556F216AA36733B8A7E172C625CBC2DCC925A29E089172C5AA33373554D4E6E30916FF5460ADA81A5A2E5BA0B6442ED2B53FBE43A7B4A110FFF88717AFFB8B6E7232261D2215D33319375BD1FBBCA9A2836A3613B1B63F3B27D7911A5E6D725DBCEC232533510346F80B87FE30A5D4A38
:FF11ED00FBF1E5C7C5175DA526CF57C33EC46847DFE88284D76BF8EB23FA7075CEB051BB9D1A7108001782904ABB83DC020663E96E098F7AE7157FC95F277DC77E72FE6A6A5163389DCE1D7A82066BC2313B0282531AA0B809628833745312321BA1C5A85F87B76D1761BD99CB63FABB8E3733EA04B2EBF635C170A0299AF29FD629FAE94139F542DA17999AB397ABE47A9445EACF774608D96D0FFF8C66D469077E98ED09BB48FDB6648D98D24E79DA45C8FA30D589AF0DE7062D49564457A7709E07C2A8A1E203FC24F57917EFD21BBB37B1CCAACCEA429F275D87EDD8340489D61C4C34D54D50D5AB241DB758B55E13DF4050E828371965E8CFB2E22993E2CD74AC0E
:FF12EC00FB17AD48B588B330221BD62AE171EAFAADC1CBEB9D0D99359EB1D7504302B76EE53871B1E6E78AAAF61816B6C612CEABB015EEEDFC0572CC50E29CA95CD7E069C9EF38E490B38450106AEB1F2DD4809C5489347B4081B6E4D589AC67AF92B0C93BD2AF3461D61AFEE9CA65AD4C882DE04729404FC1401C6BCC8FA4D07B486189F7C950F952176D2011D81CDB91D89FE9ED0D3B8615452ABBC2D8AAD33C227E79B88C3CC9467DA712491E470FB67208603494ACA20B735F91EFC7B16F63D354D20124B79F6A79446B3AE321F5FBFAC9978D2EEDB7CEE7B5FF2811D460C296CBAE42B5D8DB88A75C0BDDB39A028CB30E19A248118B2419FB69B88D0459A891833A
:FF13EB00B1F04921CDB911D3FEB6E5EC6BB929FD9FB9E9DB5ED2DE561156058153683E1F725DCE12F8CBC8CD7C404D5050FCA40FC608BA59B579D86B1DD9832A86BA266E833B658F2F11CA26EBDFE687857BAF8A8C05D97B1202997DD60D696EE2787E8EB5F461601AD1D40D4841F70E96109658753697D07F2B8B5A85A2A1205A0F4E5B356286D63EB49565E7456F78D3FBDCDE0B9D99A6724656176A43E8484E2DC05DE027C453DEC61BD397C5A4289737BDB35B2971A001CC0F4AA7988AC083F85D34BC0F403E23DB0E3ECCF2C578951FA344F1F29DE80FCCA2C514A0988030BCC040BA9DA5A5EDAEA518B7E0F7100BBAD98A5B8CDAF7DADE4C39878512C7DDD35811
:FF14EA0034E4CD27DB9B1CC1D74B72D998C614BE4035BC7FE92E2284F9729549702CC56186EFE2FE71FC3E0408CE22E074653C7343512E16173D805B0E7348B4F03B5E4BF97C6A34DE569777796C3EA587FA14D08764FAEDB9E8030BE67B8743E709DB5087ECC3EB772245A5EA7A94D5E9F19433C04462455641ECF7E94DDC3A9457D50C222AF958DD0908389706C88E84DF240095D3F1DED5F1E507875AA5EB89D0BE0EB9B0CB464091C26BFE63B28011B0839DDE7E68C9FB1F9FC0523C6F336DE18D3340DFCB0E27323970EC7EC6F55FB5AB3FA63814B3FFB5ECFF18EE4F289F3E804E1B1DF5972D70A14D4C2157EE0520F4A25E2F1304211C499914A46C484AD201BE
:FF15E900E2C82339A369382E99490110E4F600DD67A3F0467BE9545CDE69E16C7267D903CD0F6A931FE8A333171BDB9DAA1F171BE42838915EBB0B878382F02E7B9A789B0BA6FC16CC6594230D63AB0AE958CBB4D439A39302D3E72854E71858C9CA0B0A90959A4A55F1D233688403FB2A3CC653871E6D20023D70A257A30457FEF5475572C1CD3EA5FBAAD5F81A82EBC8948F2079E335BC18994D67D02DE384BD29C062897FF757239825FB7C0B51CA56F27AD7256944377F39CA1E4E61E0E57BDCB393CCC4BB27CD643BC9BB99FBF52D76BD7F17D7044D0DEFC1D65EE765D6D3B677453B0553DAC859BECC92FE549F084D058F75A46FE027232F015A2B5D3FF08C94CD
:FF16E8003EB8239C4C4C5447698D126CFA908533602184768D002457E663F0C48EB1BE4C6C822F9C94A07B50F3494E6F6E7A870E6868F53440200C05259E110FC467D68F3F7DB4134DD31D886A9A8ECA6D636B2A8CA17E10FB81B067D955AF846763A4D3676B62D7009A700E8EFC6D4CFA255713206E3A13D92863BFF23170A8B443B7A4075D8213670EE962453C5FB88E020470E01B751102C5650476B05A8A7F465D4D458AFBF414F4A39A84FAC15D2E42A09F2BFD2CD05FC00532B6368807FA28AC3E73F53FFC8901BC530021B00009EF452CF70E3634AE02BC616A8D2E53E79355EBE41E2AF004290994C0960420E8329B37C8270A369E6EFB4658510062BA773335
:FF17E7008A91F1E30DC166321A27214DC996AD0FE6F3026364D13D554166077E37FA0BBF887BF55BE7DB240A877679E77949CB33C1186F3BF44D92142F73CD94AA90DC61E55D69EBD6B20E428C79EF042FA81BE49954D0E671DF7B427FCEE8BD1025BB0473F8168BE42543BC5D7BDB9687B27AD1473278C79417684283E2AC78980E858167AA979E01907B747F089B9F94855C54A083C04B24F8BBA0E0A68EF3A16636B58C68A58949F69FE29BCD7F3A08877F5ABCF610CA449C12D090E2B724D7BB74D21A69F0D5CABD0C29A5A9E0A4867C1A6B883FB18F8D5A1B48D2C56A604FB25F07807F0EC1BFA2B584F92F1456F0EA1AD9D317C0FD4A0BEE0B7727C8496C88CA14
:FF18E600423C3931AA0AE8C420B60C8987AD2D516BAC921FB60EF72DE6AEECD9DA21FC370FCFC1242EC515D380D799B6A223ABBC630277B514972FCD8DDC112B6255A8EC16EBDF8E110149D6B3949D8766EC64EAAF6B489FABC4C03957C3702323F353CF2C0825784071D35DB50138407F4F94FEE086E95941B07536621A37F34DBC59CA08F9CE626181FE1F4F1B5BE0602D528912B5F7BD8CD3EBA07CB41982E38E2FA2CBDCFF36BB9F536443C99D2CC18AF5CBCE83BF1ECBF4B591115932163CF083F33C69CABA6ACB9B3FBDAE7A6EA20F54C12714AF37BF0194E80D4FA6A28DD8CF7A494E8264C8E515A2148040EE94CF8FD727A6A36AA39C8D704776C808E187B156
:FF19E5008B4E3D288B6F512332DCAC3850951D36D4E4740589D6ED8C194A7ED1BABFC4DB4BDC4142499685B12111FDFF850D0C9CEB62E4882D012BB3CCE1ADA32A8F310335EC2E3EA1C8DEDA446B658C3AA1CDC8AAB7900F534A21FFA5F3E7B96090152A06C8A0735830D908269FC1219560C9C413620D3945EC9A34912BDEA6F0DDAE76642A4A5DE8F25CFF2D228945024A08D3A192AD3F063821604A6429324816B85BA0575BD1E45C880F62F6EC883B5D042FED28DE082350B45917B13EB8949F4DB21D7FE916F083EB838524FAA03BA5CDB473A263B9B728A23A979296BD7C70B612CB68594D2B1A5CB4CC951840B2F037579130FFC27508B93E984D37E715E8C435
:FF1AE400C640FC220685D198BE27DBF22EE69AAA48A95428F19DE37922A714D6191C50B351C5EEEBCAEF9CD8EB78B8E2BCD64C6B5747A3A088DFBF709C125901CA029548533EFA2650E05B284F0832790C2B9171F49849FEB7880BC6870ACE3D5CEE18C7B0ED935B365807BB5F223AB95C59A07A948CA08749321EC320261D40B9CDE2DAB42869BE3066225A06E1684B4F2ED3C9FCC238DC892F542645621AC5C4F357171B7CB35FA48A1289026C7DA20993625E6FF5743BF2EE7A2F84ADB5249695C8BDCC62A9545D3D2FCCF8CC8B6E41922E312CF21D4CDCF030FC0D6BFE8FE40FECA6A231046772459635420BDA49395CDA9DB0D112BB51DED372E10F1764D9F5A26F
:FF1BE300A4162B8BEA92BE90E564AD1BDEB5B0B9F08135F9B77ED615E1DDF407B0D432574123759DABFEC05E909D14512978043574632CBB94A4ADB1E9FD3BB6E68F52E8134B4D9BD039F25B68253DED6BCEB7141AD93A02836B5D50D063FFFF4BA0CFB18B0A18CC2C12C9093A0885C1701C207858C2418C314911C064B107F2B9D98782C5EED9FD89A03DC405DBA86FDBA1341A31F05413C3761952F1DBADFBCC88835E0C755F17F4CF2612A8E80C097EABA1A6ED7E100952FDCE5C7ECB63A2F0A104C710365AE09FEE3A13CFCAD78437C886AF3716316C068AEBEBD704CA32BFB4BAB5A950A947041C1FBB41BD982F3B082FC659D7BD9BD89B06ED3D70B3BA26AE6346
:FF1CE200EA69A54CDBB068DF3391322FB357BEEF175AD0229AC72D3CAEF8A376695712D2029D8B19545713020D231EE6C99C339E889279217776BA6CDFF5086624B18012498DBC661782F53DBD9670F448E1733B75ED70FCE9C1C5CFCED6ED400E84A0F3E29379468703646B645BBF5A2E46670EAED7DA9EB16FDFDDD2C37FA2E8012DFEAC4B3996E6C9FB8A2E714E133ABC0FD3F68A863A945D2C943C44995FEB6548E33923080300F5E6800DEB93769BD60B229D5B3BB4007BF9BC7B4980FC0DDE1F852E0CF3E3E2CF78D3917ED19377EF5B6A269DACEE439EC1C566178BD6819C60D5A4F620B31D12A7823507034F0ACD4110846E9A9F46BF53D7B25EF6F01443148F
:FF1DE10084498C01100209B7759285EE003DF65A38C0F109A88F2218334C69519D2544AC4EADA2FED5A5B011DFDEAB100095BB01C66462CE2410081541FBAEF2FAC76CA4A7928689125190126059603541EF2BB6EC0B0F9A20C5FE2EB4CED1A60709AD2C3717F5213FDE6C59141326094FCD9AD7591F49439A62F3DD37A0411A5644E95C1B6D82BEEABE07CD76143A07A92807BF1A4A7DA0411FA9C419A1A706ED58DF041770BA690699197571B6476BF7A38A9A6E0ADD3EFFCC8B2990F424DAFC73413382C1611189682A8FFAB97839B254DF406F593727F64C7179A8E624BADD732C197F54F236FD3815EE847E0E30475CD8C05F6F309F9E79004C11CE49376ACCFC60
:FF1EE0002081E03FE8F5CFF9279FBEC21F6A87DFB9FD39692EC717E8430E4DD300184A24117FFA78EF3EE841E56763BA0C25AAECE66AEF8D4703429C589E0B25B1B3EF998C29B279EE11F3DAF3DFB669CF0092B4F5519E55BB177F5CE9E74B42BE0C7D1154AFE336C4350A29B143A6E3D86C32D2EEF98035B3B208C2E0A9644461C619245927CBBC3A3D128769D4771AF3FC365D5A7EB0498AD5AF5A37E2716B5B5934F59F03056761310D0F761670CA8CB08272416979133E8C5EB0086EA0FC2E015052A35E0C981A34B27EB2EF1DA4B1AEF5923F45620EE04432205617189618123474AB942AE16FD30C3B487CADB5B9B364F36984768EA7A2A796C57CBC1B7E1CC35F
:FF1FDF00CC92BB0D08D0D50AE71F0FFB56921E20FB579FD9291E7ACEDFA57D4506B0022AC19CF3802AA62BA7DE88E0CB68B17421CBC11CBDD669EC739CE6CC0DF220BE2D6ADAE9AAEE0B15A520DA30F69D5DE835C9D84C63A14F14472102AFF3446CB5CC5E0AB7E2C0CF797AF7E7BA8CEEBCC86925FC18DBFABE5D2A39FFA0E63CB496BC590510558BF4047F28D82B4BA4A53AFE7ED747C46AEDB89C0ED0BD83770AB14E9B6FD981B980483C79A6B26FD528D819F77E0549816F23CC9F2B5CD6B4EC638C31DEC5955FD7C16952BCD6EFD05F74B333647CE84AD544E3AC2CBA30DDD609882348231971CC2AC33C60EF173FBF0154540E5BE2CD93A409E2B9BA3A666B8848
:FF20DE00115C907CEC28B1811AE65C7FB575A625B1189616D9FA5AB4D186FFF7C3A46D781AB3D83158F472CDD42F9F0DE48BA68F9785111130A929631038EE79599E62E427158AFCC5767E1CF7975630F3F173A45F20056A54A64ED2B97B354D4CF85C2A280E1F1F47599618D259733530F6EC3D612E4B5ABF78945799A7E5FB19BFB5F6AD204DD374155FC9483AEB3C3209098F4895CFF92D557FEE0A45007555537A6F01DFA6A2A82DC6EDACF232064A2FF88CFC033AF0825B6B13FFE721C4889E4D1C84D5F063EF7E6FD6A4754BC16528DE1A0992A37BFE644C4760703ECB30FE4C725640B6CE9F8D6F4CCF38388F52AB785FE8112B3B3052256D89E205C668ED5A5D
:FF21DD006729F9A908C7107423D2FBA7E5D74017CA82467F044190C5B5424240689C0F531057AF33F46AA5BB2B3B7147F9825ECEF2AA45C78362101A5782983C3C9C9BCA12DE372905F1BEF23A46CB6C2371D73D768DE1E35D9362CA697AB49AE0419A1FE99847D5ED938E97666989454FEAB7E1B8CD35873DD3FE5D30F836D642566240346257D6D75D9480B5D9DFBC391773B5FC5F9627F17B631F8E5834C7219D53A00B6C93ED0E647199208370E307F43F52196B91C00B44888188D54C77E980C23DB8FCD983DA6CDFDBF93D0D7E04553D4E4129C6C9846BC1A83857E0703578E824C7BDF4C9A5939A596A877D612FD1A85CE76B0243AAB2E9ED0099E4AD8DA6B32C
:FF22DC0080DCD6441BE1237D6B116BF9094281B6121279125659C66CCF07283EAEFF05F4A76C60CC2672F45DC5B2845481DA02884290AFFBDCDA7A0815631484B393D558C1CBDB6A3375B9689638FBC1B7C14C95AC9A91A6D0DDA427E4B201F3B1071ADFEB165CA1C7A645C17D016CB3DA9887968243A6CC5DFF0E8D76633BD181E606222D9EE3067A51DD3AA4FF9D1DEF5FD910C8E670E6A8C7C7F1AB51CB0E0553947451FF7DF10F9C0DB0B1091BF70AC8729C62CF19C7A1490AE0EB5A0C31E6C5331BE58512D0B76EAA05C7E7237B7786C86BB18841F81A32BE64B54C037E3F3284E834F70D27207D13E5F9688E21AD707E0FBA8C58790A6BB858527FD3B6FE91C50F
:FF23DB007C981C28CB060EE48FED3FE03093A79CED95ED4D39DAA3D3BCDD2CD2F13011590C27CB88CBF4CBF08FA36B786737D36505448A73857B669AAFEC353B9D0A545F8F1275A145BAA5E5AD7151AEF1E49B863923280E724BD852534AF1936820DC84C7154F9A91675AAEF7126613362409FFEA1C3DF411969B44398C08EECFF62FC4705983C43D678B20BF3A6872408FD115BEBEC2A7351B39C3E248271DE6951D9239B109410AFC5C54051B13CDE27F0DE23A2CDA98A8614CDC5049D81C50F0E77433D487E21079A8AE386F32D69008FA43EFF79A8DC468F1206C6A88F4F84BACCC23864AD3C54E00D7B35277357277D37B81EDB07D16054DB6DFDAB3455DAC1438
:FF24DA00B4F0C47F4BED64DDF10B1B9478C1A535E88F17ACFE430946016A173AC2E1D53BE2D59159256355ECDFD76864C7EF961683C0EE3FBCB13B43525F1B819609FC499679AA6D8B6B648B51ABB67C9F6EABA2A33809A0676AE209829254E95DE54211A83DA7D0B698E832F8E33103C3DEE3A90FE53B7FB7A9A6C6675121BCFE20130FFB761A7DE00CA3F896E7ADDE4597A6EB5DD91FEBB42CFE2AAF4CAC7C2E0679E8AC1665E00CF5E7D3991D4B95C8DEC76282A454E98752DE3035CC17BD6F1C1142AF5350EACB6B8D05CE4DCA3B53E300DF9CFC642EE66FF94CECE8ECFD29EE802FD5C87D7961732360E3F4DA58D8B1E1DEE673CE82124ACC711DCEBAF8A86BB93C
:FF25D9008EBDCBB4D6B7F52B38ED5A50BDF860B1463A3F1905B447937D998AB93BD1AE5DE3C64D0E26C26CD915F9CCDDFC3B176E6FD4C2E12545AD2B38D2CD0BECECB7846CB7D29182AE0180B9C6BE912A1E2D0CA00870BE40001B2051557DD708C76AEF5E740D687501A6F48ED31E11355E738C5ABECE84F2977CACCBFE24139305D42CC418DE4BCA74F8B629B8DBA836B79A8D12FF82DEBD14E92B360FFDAB9B946E792EEAFFCF2458271724C58C4572F5819040272F79900AED2FBAD0FD2E37C3987894E93A410F82493E3D37CE9FE0471C4628D16D20795D87B1BBD51573799E7A6279226D56265148E3419219887C162C37CA09726ADFC19812E489DE3F58A10917
:FF26D80048DE92C7B9D59EC13408DC741D1BDDB8E95644A02985459D9DD30AAD6354EF66C5ED41E6A1F47D8DE422D36BE25D8197B37FF7C183FCF60B52714F8B6781374912170ABFEF76D4FD3A88F9F277197EE834D0D29ABFFCB2DBC6A4E16461D1FD5A9151433E11F9430E04382542E61E2DDE573EF1DAEB6CEF6DAB3B42054FFD09AE09E446ADB8176C6FD35C346C9DA06F965DC3AB47E9A18A6C66A515E0861699025D922FCDEEAEB33917C119912AA9CDF9E133F8F482CE217B9391F9E4F57B5187F912B44EC9DE7D1B9874076B57DD307A3042C40E5F6260E06B44E5B0C45D350F28DFD2BB654D32DFA566996434EBC728199E63264F7F5897380FCE0B00CC2431
:FF27D700070A28E64ADD8A57631A6AFDC757AABEF1357E017B33A5B183D12EDFEFE327C0015218D3D2EAD473F3D7F5B865B6AC68E545A54012B8E18CEA44AC5F55B20D5BB9DC3383767081D101AD9817AB5EB538F95B7E9A99DDD9A073519BFD57B59B35D25E4EFB77FDD4F12088C32D931FD7EFF58573A3211968F840F35E93FFB25F39058E5E611BAC43EEC29A502DE81865BBA34733B930A2D5873ACC0B135BD05A0AAC3AD75491DD8FFE91A203B2DE487D7D67E168018BFE08414D4CD2C3DDD14ABE1669DF659887A30E9B70EC504C32F9DA16A3968C47DA9B79A4BBD314713F4DF24EDCBBE6460915A3304BCBF3978771136065D8290A8F6DB6F25C4A06607AA3E9
:FF28D600A49347CFC3E8ED9BEE7DB8E87E0BCE3388748394F8566D2F7FC06F404BD2D8401AD75576BBEB8F2E3BBE9869534A052B3CA2142EBEA9B345AFDCD16A34FE5FD15A51407684B7186AC0B94AFF5BF306EB5285F5297A2BE792B74FB4381AA4F52ACE1C1424B4020DBD68DE2867D67CE2D62481DDBAEF55B4D1065941277F825A85177E6C96C612FB5D52ABD30C8E759AE95A06A91873515D8FCB0D5E1F4442456675485E539DD754918503BFE41782CD28BB994DE59182E5D2AED65EA6921CE367908FB5B94015EA90081215A260EC867C7D22658C6D55859E60B6A3C8F847376CA2A6DC4B20F1E30F854CB84EDB421AE6F7259D86623D7555F0FD231CB352446D
:FF29D500A7368B4C8D5E1A893CB883BF08925DD38DD372F4B6F78C3B87B8BEB6BC90CF365CECA3E75F6D9A6FDAAD35D9681CF63D42127377AFBC200FE1C4B157EE68F10D85F24DE1850918DEA407ED231FBA2F6B3D35CB5EC18C779490EA0070718520AAFA6749C43B15D7BE0DF79FC62FF6599479EB492D86913CAF9F455FE0F2D84621F6101CE75429259A9C667E576C3FA89A65CF4C030A0AECEB772BDCA2B8C62C07AD09CFD0A27AA9FC601923E87D22DE309160C0F1DDD7F11C69D2409038A7F9F49C3460328196F95D00503FB9446FF13E85BEB4C5AA9C790448BF484928563C7648A6E63F284F857F484D2FC4849415397EB76429153E52BDD419D47DCF3D14BE
:FF2AD4000C51F91BE1B45CED71EA5BA8185871ECD2CFA473F575F4670E1DB1881C36124DD870E1BF79F9A000648EC49F05216865DDB28B6A2A95BD009C2A36C1533701A6893D5BEF2AA2DF8FCBBA7BC8E419BB31C0DFFB7460E2BF322980057D90A93DE5E4CCA45472A62D82F6DFAC016677599584D4A2D2FDC73DD41FAC605985B66D8D6F5B09CFF31856A8882023877C3C7534487A4991243035D672E382F61C279B0CDACE8978510934184E502671608A7C9621B886F7993D7FC1371BE0FC75852A1FA1003CE2A0F86FAB1BAA567FCBDF93D19D8673DB3E7344D6942CC0BE6132B4F7BC173128398E10B45DCF0A92B8EB9AE45EEFF133C1A2CE0FE451AD9E283F5029
:FF2BD300F8680A801F675FA7343185817827FB0FB76037EB1AE90963CB0A59CA1C41D2707160F3098DF8D0E0A05B0B97BCA338D031EA3EC92EA2F85351D7A08234D8B5416614E9CBED87E316E51BE686C01355879B664281034F0A3437E3FE376DB77AD1E55E5178CF59A7194130D87C0C184692542B0649BDA3E7E741454FC434AFD06B70D2F3390028A6E90BC6AD6C144687D45720505D6DB0F4CA827B3FA40E344D068A2789A011A28F639540EFC0301B872A60040C954B3715736AEFB10CF5EFE4E5CBD31C7AB801C6D13D9448FCB17A6116A5112740DF653CF6AA671DDD5BD99B556E62100D02FC09EC81D026EC4DBCB2EEEEFDFA917BC4F2AA33980F29569EBF82
:FF2CD200C77927BDAB57CF1E1E2BE6DE8B56011D0F470CC8F8586BB79C1B98E3CFEE34061A31DEA4FFC07798E90A13CD5F424807BDF781C664197104929D6FA1CCEB3EA04AABCB402BA7FC2456A0AFD697430ACA4FA92C522D37FCB93530600D01E1448D784FCC001F9F72B6886A75EC00FDF7AE832902677053DB8E459B0B7BF6A5A83CB97D909B781055CD27FDF0465388155FBB2EC8B0F53AA7B2362A4A4C2E28D48BD8A68B5D9D2FAAB75698DA6B016F1D8C19A83EE50A99C57A7EA0EBEC5B2946D2C2480F796F576498EAE3AEB29AE900D4E243F25949CFEADF397AAD8F1DDDA0FDD7FCC2F96FDD5EE5ACB63E5BC261ADDDDCB4AF4247F95919604421FA9CC47089
:FF2DD10084C130D1F1B30782FC6A6E99CB362785874AE234B21F40EA514F0740BAF89A0CEDFAA946C6ACE1087066C989F7A5D58FABC368146543C6466B8DFE34D7A06FC7497FAFFCCBFCE58CC5BCBE538CC842F2F7A0E2ED2F2E7D268BA1366CB74E697B650F6B43AEE6F0E7ECF14855620F8AEEBF748668C194D5BD5E7DAC8DD39AE51E5A6421976B0A087BB321F2E1F000B97DB9CA04CEAB2D566224476F4187305CA8CBC4C7237ED8A56210069B16FE3752C1212022B4BEDFED8E2A7A4ED057FEA4476CE52DDB6BBF0F6CBCCE6FE78895813A1E04DF61691914234FCD403714A3767D871A8E4DD1AC44DEB7D737C6357A2234952A841D4F93E1E273ED53C1D22E7A71
:FF2ED0004B92033958DDFECF1D4306B355BF9D7CB56AE056102FA761CBC56B61CCF56CB41622C2F7107EF0EC3A4B36D9D9DABDA4931C8BDAB2958B54CBC0E1A198959AC05108D821F10ED8ED47F083C239C48446A33D3387F341CA07F4A879CADEC43E17EBC6AEB4F206CE89F0F7AA15920E6BFED39E1B7C6D87B8DA836F60A20FA9AB88F6F9BABE08A421CD62A142009666DA09F6CC662D218B9B4A48A6D5440449C73464950E3BE998FEF3A5A41A2252A3A8E43EB5C226B5B47862EA08171BCE26DF4D45D8B06EAF074270EF62580FE33D5360C09343E5DD45592B98A25E14F21D945554F640C2B600B5E234699FCFF1D8495A0322502768548DFE16E3AD58D43950F5
:FF2FCF00981574680AF173D3EF7467524391B7CCEFD997440F6ED4F8EE9AAB011671DF5241D12A7BE42FCD5042808104FBA53FB6A21C1F7D786FCBA6D8669A213D94AC7B42B04631389FD4D75181D763787FB76481B831962F84B04616DF889384A83A5BEF83D38CE522645360A0A33EF411D979B07E8873CB41C04A50333ACEC318B678F8753E3956D573EF578CC076D22E2D37E458CF240994C89BFDE217A3AAEB4D2AFAA58D6079CCDC1EE560B9D48CFA68CCADC756E1F801C266AAFEE3B21A2EF27C7C857D670A93C379E42B417CB80F34CDC021F35FF9F4CE2B2B529940B8C911DA659CEB67EB18223A14E40835E525FF1989AEEEE0A9094F156F57A605ABFEE642
:FF30CE0046225DB84510811C7C4D3274BBD337EA99DEF44F186387818F05C3BF34D12134222A20031223EDDB60159CDEA376953C2437B1816AD31A85F3B8D97AADBDFC2BC6FB8C0F1E56C71582F65B76CF1BD131418936D7C5459E1FA08DC1E084745CE05D0204B558686CC6F462935FDCD6D6854B75E03D2A82CCCE375BC2378AA9B1492E4227E941BE893DF53EFABFD5F411DD9409A3CCEAF756A52EA62560747C30E2B4375342E1A8371E29B46C662B2AAA9EFC2B88556EC24A6004F67139ECA7FF1658F76D0AA326C79E9E8515B8A5A1667BE52CC28E5ED6F44DAAC7DE2ED8A5BBB3B6BA1483087B5DB2117AAC36C6C291381A502BB056E28F6C119FE04659FA93FE
:FF31CD005649712A4535C3FF9696EB2E1671492959CA01728EF2C0501F0AEE1ADFD8702CC6AA2BF81091F497D265CF6AE1459A01BB1D04C010145E2694B68D68020DA76A3C1FB2ACDDC0BA0EC3A3643AD3A266DCDEEBDC21DE19A569D7DCC5692C3219A0B692A613CA4F155BDD4A45A2EB3549F01C28D2232360F2E74FF4B5DBA3685DA6B62F777AC3EE76D4C519F5F4C3A6AD159A8EBCEEFF8EF1F2A2D29C42AB081842C1019618AD8004F710D105337F6AEF21077E5F219E40E6ECEAFB1A67797F31514671F651471280FF21CD3439961D93EC705CF89490A11CF6BE264E9A1B840B6BF613C50110B4B9BD0755E27C9FF49494EE7FD7E41E9ED32392B1202C6C3E4EAE
:FF32CC002C2A83C8345CA4A33DF4A8641B29FB21EF5EA052388EB6E44AE2D310408A2DEE0A128952A87D5B42986B8333E1640CB0F318D45BF8C311D55A2EE9107D2BB6181D30F117AEFCF0972DB010F7774439BDF630108B97B8AAE509000449D3B475CEC13AB2FD1B0EB7F204D9437A6FA54FF995E909DC65DD75D0854E319F8D6BE2B9E09CD3C078B6C3FD8E77F6D3DF9784FCE97365CE7AAFAB67F835451F48D97DA4AB6D70802B2459C0BCE50A6708935FCF73BC293A74BFF28A97E2F8D2ECBB486C43B4DB98478444EB963A1A21C0A2F45A40B2FF88209EDF9C34DD5919E02746F339D8D0A4CC5700F0D3CACEA5187BD9C5CE2CF322972CDCCE4122A0314126633B
:FF33CB002B9B48F5F08F58FBCBDD9190B0E778945D380FFD5FDA5EE3DAA141F1136CB2F062A66355D218DE9D1B174B0180369BA47D818FCF9F319F51934AC8AA680A66B3C0C1354CE1C55B1908DD47F4292FA6BB10E6BB1FC61A62D84E4C6271C4C6A450097FF605803EA3A293E5B3C3DF420E1D3C5E813C9C66479093DBAED11EBCD06F37F60C5ECD3330D09078334CDD30CA5DD801DB39DE8BB5FAE6C21DD049519F446D40796DD1E6950AD28ECFB63FB1CCEEBB96A5100BD3AC050062AACE0653505547286BDB09D7187D7E854AD8453ED39A22028BC2334CF3E472526B5A1E31A84FB6E6FBEE81AA09A22A4AB88349D6A8D63898717720256F0940053899BE310146
:FF34CA0082ECDD4B0D909C3F992AD3CF70210710FE2D94D8E3A009F17D0E5A0B0D60DDE3FD475A9804C96A8189CB847A59159EEBDFB927B0C88A79A15064BC11925C953F33F60AA748D47F1D4E8264A9C9E9E40A75153C3F7DC48294CFAD6B779F95B3CE41E7FE7F550098783D35F6D3698B92A4CF45D3804D6BDA13C33078AD3EC339E1EE673A6CF986151B6108C775660C270C62605D69EEF958920CD78C435DB3B1A4E7A5E7B1C21B29F692EFF857D238B01EFD793AF70A09E54293F5F0D1EB967533054D629386D4AA54AB5FE204B57DFB438E6E1E80C01741196B13624D90D3D13BA42853B732597255B3AC5E891D55BEDF6F1A468A7A3F83DFA2F7FDA43E9E4406
:FF35C9004D52646BB2688B21EE6A12ABEECA741C9E5D91A5000A59FF0EB949ABA6E25A51FEF42D1ECBB474EDB6FC0711ED0603305B2F502EBE4E56BAE9890C2EA3095A6D46F284FB9D7F96A0A8A1266C41278B188A15C395EF211CE93AE22BD81AEEA7CF1FAA4D042D311FD7C7F94443F8826781269EE1BFA22EB1AF7805D2BF3CE4D2B41958BB0A4666553CC058B660C8F686822DD4620903D9C8EB3C88CBF3A57579A1D5DEDC0FCFF5F60B81EBD3B14F5525C6C796A56B53F73DCD31DE8336A15C2596EB9577EE32C57A35C22BB1A9839DFA837A284B31D2F57DCE9FF1B4F6AAEAB26A5F041AB0BFAA7C6A9E44B1407F1B6D822CD212DA41AE2428D1A9C0C3A0F7B0A5
:FF36C800BDD3D0AED334DC2AE678E7137857BF4EBA7684BBD09BB8D35339413728B59EE07134BAD85C702B95099CA786DE1AA8CA2A7B0E7E3DED8EC096410BC803B13F3181ACC788CE9E4425A26FF124D39ACBA64B0C8A7241C402469C0A005A886F36C3BD7887EFE3236614DC3F77F0B1A04B18638DCDAEEF15D1E16C5E16AE73540D4275858D10CD37E1EFD9F7CF6F578C371501B6F5C19980C449F17384F6EE3A0E1B0D7220D3BB2983A7AD4CA5DC1B525E38608D5B5C6FE08C474B4D7CCA337D5D216C3695A0B33A3F77A1EAFE7A110D8E66A3D8784805D20C41460680B298FD4827EFDBA173863718F13AED6775D21BC3EC7338EB0CDF105277FF428F9ABCC2A0A1
:FF37C7002E9A021C4A404297621BD44D9EF6F5E55E4902112E80BA1B5B1680DA78DBEAC45A9FF70918808797C2DEC0F8E3CEDBD239A93B4D06FCB5B47FB41A48CD6D738A03EB8868395C5CB1C46FF321D46D899A456346F5470FB95860E5EBEFAF71675F0ACAC2B7A5B27AC945A49C1385F97A546DCB719DA2DE18B26D846195FB7B0E6ECAC60A661FE3B68266EBBC218B96E35939C8F92C6346FD5904BB96F2740C2541C7FABE0D99CFCAB929F7BD35FC18D8655004DC51A51B9E8EEB9EFEBE117D6F7D4FEEFD7874CE1F8FA8E388A6AF53E0B139E04768E16E0D2A56146DC2344B4E04F6901BF67D2787BE5E395A5E6BE44D2AA86C299DFBBAB016C91EC01D2EB21C84
:FF38C6009F02839442FC2ED99976F06045155A420EEE41667B78E6DF5C3F4E79F6E5BB876D72D2CAAE238835D7971C35CA09B9F5F4473B5EDC574BEF42D7861A41719D20D2CCCEE623226376D5940C95C76600748A22374EDD546EEF002DBE660FD6F3DAA59E4F72CA8AA5583C744684E3440684631FB06BEF92B04B31069D5805BB7F9E45A7D713A9BF9295A3C390B107DFEEABDB27FF62EED2332F8A1C638D1EE3B8BCC860610041CED10416EA987A7F3DEECFE8550241C6EB16C3EF49144993418E6DC804D4AC7FAB767C662616891AA7DB58913143FF4F112D9402B8F544E58C7BEFFD5EC170E87018C731F51D07924D1B5F9A4BB648CC60F27C76BEEA817371370E
:FF39C5009D38BFCB5BBC0684E9D9EF1011FF6760C98BCCE41256B00B4C41D31AAD7F92055F4E081F248E4381D59B99B8FAA4FA0276910C57060895D22005DAF21A2FCE28F96031E4564F36846D1861F068FA25C05F6AE34B584C77BD666F9E9A44CB9EA4BB112667065AEC41B3E0B1C3B6DD6C6DE76D33958FA165B3B5689688C33E7C1FC8F61FD0E2A840055B5453D631AE14C53C0A9995293A06264C9B769F279E03F438A2CE8EB32F73B9CFC5BFD805FA823CA3F5998626C46941C74D27F72AAF76EE38331966AE14699FC18804F48BC55F4E7F198D4B1DE6F0DF54DE23E165A1449FD07D5471542D1C65808799DB11B339ADBFCAB2EBA7614BD963ED0AEF1081BE85
:FF3AC400C53A7103D389F9507D91B1AAB0E88F3598FE800DE3F8A1A7C574E8F69823B4DED80F650573DE441C85E0D3BAC2F3271C5F136953AC74FCA7F804BC1491E2DAB522F6CB188CB85693700529CEE6A4EB3946B4BB6137EE0F981B299CA7C60C96190680F1D99688E90C413F82B06FDF77132E61BCF21CE7B0C0EDBD071CD51F21374198BFFF1014A8046B4A70BD671CBF6AEED23C6521166840A18AAB735CDA1A27FDE4BAC09D186FC4E8CA67F5345353A527CB83D10C533CE5F733F1CB7EA1D6ED783FE532AE4F19A29ADAE66C8635CD5854809BA8A520B543BBFE37000B2C3E65CFA267BE521F3050D11E7AC04F95EAF5602B8BF999C4F67A5DA96DFAB19C8841
:FF3BC300E39120894438E35AD455C53F122831A602EFA9C42B36B4DBA1C91220B7460B6A55B3F7758CA408765B6CF4C6E40FE2FC3868BF6AB3E1216CBF57E6A8B56359CDCEFEEEEA9C29FC05610D204FE846E39185A98189C2F101702031E9E40B186B61889D9D39316E628C23559FAC3D74425765A7FC130253A87A82440256A33491A91CEBFEFB3FAC2D7AD0F6564B0A6B7A4175CA5E790122FBA5189CDDA6E2D80CCA8A8675C913523C327C6EB22B3CBF1983E3AE8C68A36A72884CB4444BE04C8AA8B0D064D8FE05A31F6B52F16C3E4A8EE100F0B51684F2D84CFACA03763AEF50C77EFFD5048B05ED1C1C9B7F86E1C1F8C2DAFBD0FF87CACDB30820E4EBC97E24A8
:FF3CC2009C02FDA42850763EAEA5435A22D67E8170F91CA73FFBF1AEB49A09682174132F9CA399EE81CA2778A986426E33A8559548B699FF5AB75C4365E538235B0034DB4B52BB27EEBA717EE482C9E122BF3911499712D7B16AFFCBF42C06CE20F46AC8B0B2FCA2969F3573EBABD95D764244E0B745B73B227C44E1941745923FCE4E5CEEF3275BA1A015226254BFC521179CA9A5AD16FD03007BCCDCDB56DD968E4837F8430BDCABD14BE75C0FA6C4CA71AD1767D4FF9A53B8D96196B989C565EB179EE8853BDFB4667206C36F66AD4FC9F80DD9810FA82AFDC13482BD63A173EDDD45EB72B9C0A2E1A95C2B905D357E41128812D5AA5AF5A879CB143C34B92648921E
:FF3DC1007A4D39E395E4EAC0AE0FB95331A2CB0CD8D9F621C887D68230FF8BA2AD1D95AD081770F0F1744EF23421DDD13C33A67C5F6604CF76A2EE7AC174AEFC577252BD531BE593D43FEB7E56EC69DB0778AED05FE15DAA2401A555F0361370FE1B78FC0D0AD7749A72B5A3C1509FF337DA891C6C8ECD9732066E71021D18C16EEB178C2AE5E41A25E736245370949BE8CF3A3B0C13BC6EF094AA5AE29A304CE4B5015BB5610FF26021B7F2C3BBE75319F6BEA138F11B7A4D73963551C2086C18A6DAA23445F3B231B0A381F546DE196613444796376D4BD00E4D35672BBB0DD97948E05601591A037E8F53BC2BF4548342281E795B5C3CD3BE1C6255FC4C4516571709
:FF3EC0002F46767F0A359283CB6C210CDBE79C65D5357E04B7787AE8D662086E61487C30BD4107E786FB44D4E2ABA1FE86A838114F9CB7627D399546EE30310088F5AA112B71113A6DDABD53D2A3FB40BD84C330BE38EA50859503638A73A93DCA0E117F1EC0685BC61F70BD8DF348CC8F3E3FD265BBB9F8EB57256E8FFCDAA3B6B4CE2905776B4B86966524432BCA4A8A3A1404D8065E9756D2AE3B4942833EC9B36F840A77F6751E769078FD783C200E9287111F28266BA9C3069BE11582A9CDDCE33F5E65334F7A7D9D095AB52F66E671A51BF097C4CB47010D1A38FF6228AE1842A94780E05C9B910F1BCD46AF2B7AC33A9A68CC64893AA0B776401A3E4D6D8CED55
:FF3FBF005AF44F037F9C170766C2EA8137D9FCB8EF3821027BA9F857FA3960AB561D9FBBC57FABD2E4247E02F964E3A97771AD673D7D487F1F0CE779C5D06B7E2A94C8EF7F31FD5CA46216B92CFE5CF616D356DD0951DEF3145D003E98FC640F21B005DCB9E5AF5E88FD0A7922ECBD4474D31352BD0A30878992CA9D28760B96B3C22AFB690F54E79A864827E321E93161316638D7C860A3F2D84F3D2EE0419D3DB6590AB2342A0899AE7EB672709481517DAAD6FA07D0D1A29A9B297CD0BE0081E041F8C1BD0EE9434C7D1F2C072BC71F0781B75802F494AFE10385DAB044F259B724B7FB5A75D8FC8621CD2FB7828486EECD0774D5E39B3478F5624D2C20C6DC44252A
:FF40BE00014A08FC1F15D214A4B8556B0D74F0AC79AAAB72F4CD0401ABEE1D5FAAA3C1A814502534F1330534748CD454EB57496B772B3B728A54ACC40C3A3AE69FC7F3E6AA659C575EEEF288B3E8D4031C997393CC317CFA7B5618D5EE53ED85F9672D287E26A03E76B422FD35C403779BE33738D8EAB4A54B09D5AA6D807226844547A838A7C2C48499421B4299BD7B5CD327CE3B1A9EB06335F6E61AE5BF9F9C8D3B85678EB500216BDA8487CABA9B8798F7249AE839B086E25CB401E9BD8403F5B8DBDE23F27DBF5CDBCB28479E326467DF4F27ED9A192D64071AAFC27E0EA5175956665D82EBA5FABCF4AB7B2640FE9967FCBCD3419F7D6048265DAAC1FA7E967162
:FF41BD00C00574A482A7DFF97E44790095CD74E1C8AD6D62F738DC0E027405147AEEE27E6D5917DC8A1F9EF75AF79EA01D79A416F2C55A805D7B7B6B228315CC261CA253F0F359D9305EF9DC7F0ED816363A0A1C04F5ECA63F04038B3BB950D62A26AEA42A1AA38DD93CD670B3681467A307DC65CC89FB9FB5474D6BDFF16CFE50631B991A45ABFF4D128C4D5574EBE00BBE214D8C1A78680051E354C1ACFA658223D6655D65164A1366047BD246BA83E20131B9513F1A37C26E09A99882C05BFB9CC6278624460F50A081A4A5E7F9E7032EBDD527DB923C9E8982F6E4CC3DC7399AF397171F866189DC6930245B173E9567DC8EA8D293D694D79204370FA4AFEE26350C
:FF42BC00F0197060657DF3223B160EF20A18CF32C800FD704E24170BD2971AFF3AB3EDAC1B145A9AB4BB16CC68D83DF0E9440EA42D37159B7F39AC153664BAD5B7F621C8D486A8B1214E7B4BDAAC3ABE2967B566FE2998AD1ACC41D5EF5C96781E63177DA7FE4B4121D64DC6D93558F5934D64EF8BF6EBA02100A4C84053D101A09AB9420D64AE004FE68168E21E3292D3BD6752C8B5CAAC7B642759EA871F0C866D2C167ED093001D719C38F48D8649371F1EC1AE698DE6467220B4A87A0EA4952383CE26D1E84AC00C45868A129B5FE607ECC89362F788B802971793F262076D001049026169B50505FE351B29513956708DCE5C5AF7706933B12EAFBE41456C314338
:FF43BB00A649A76070A579C849D0AB16EE2EC47AA4A774488426239C3C208A3FEE3BD3AEDE5420A199AE33B3635BA11448A03F929DA5289FEEEFB1B13350D20C5B28D94683B939CC3C95EC2B000E00C1F5C22835F68CF1A22B5AC1CECDC8F602814AD113BBCDFF7EAB7C78D3FCA20B3E18C07F4A2F5E6370AE96BC0B767FD33E4739FB8E8ACF0AEAF0A926B5296CA3CE63DBF3039D1316B3CD8ECA7CD5961089A3FC8F4AA1A91864641F2975806B90F810F68B612C41D92182DFA45D8A7AAEC11DBCC88C8AE3966BB6B45135FE487EDAE427389BADC91C89E69FB9376B3F7366B219125DFD11E9CCFCCCB862724B7CA4E549AF56E6AF9C345D8EE4047E284A3A7A037D45
:FF44BA00EA808EA6397C34D4E0BE325E5DF36161530BD9F351960C37CB72C94C634257346B40264076A7803DD565BD2575EC058BCCADCA1B4AF4DC2D11DA2784EF128FF7A020B3656A79ABB0D56B246E721207FE42826714449E52EA2BDE76E2524B2C2C4210B4B6763AB996E4B44549F1714FCE6DF3B0040FD2900E312B8D7DE5A0388FEC323777EB599E61F6AA3498A1208E531A69E8943B6395F3CD9285891AEA71B94943571CA0A3592C82302A19650D8CAE22A52D15A593BCA41A0EA3A7095BA9973B8DF38825DDA5A3625B2AF6A1AFC5E9ACA9E610EDBDB27F6EBF61E0039D7A17874BA864C560C1142CC20813BE36BBB62594E857DAEEC238AF3614AEDA5D11F7
:FF45B90029DCEC4B469516E7131E161D5E794B69707E9020BC9A0FE72F525418E63BFB4E133819370F2D9EB0C692D2367CDCB89578E7C19CF5FBBAF3556C1BCD32017D87F009F6D92EA0EF9F9F5103EB6AFE4B75C0B4DAA0198E24299F42693D80EE8356CE9081E231BEDB5D7A786BD235A73B0C071818851102FAEE3C68A30030659BA27B51E907793CFC694FD9882FC921658DDA527BE8E95039884AE68E0017B8ADFE9439F73CFACB8C1EE748B012AB80B707B6AEE27B9E87524F553732EDB104EFEFA5D5E1966ABAAE937E6F264285B5ED5228A05E57801B9ABD3FEB5BF2C663197324D51A553318F4F4D2AE6F9E2E77CA1FFDF83CD0DD7E93AC9DD4C1765325B335
:FF46B800CCD370E619219C5499D16C3B39BFED106A4D6475239247E936CCE8D692BACF360AD800FE911D7BA34AEFB5DE18F9AD3AF23D89D34DCAB25B8BAB69650E0076A70549F61C8F30B24FC2313727094DDA041855C023FE614A1DE506520DA3981020820C43064EADA7D962F4F736060DDF564210C8443D7F062C8ED253C4C93B1901646ECE455DAFF5CD128D7D0F1ACE929942455E0E616AC4A7BA0278054706CC3FE2CBDCC7D8738FA76DDC38F1947BF36702900A6585083389C724AA68F2CA61F635C473BFCD2B73472E62043B915FBAB90A427D47735F262489CB440DB0DDA65D0BC41F15B6B88C9F13269F9B6B95B681DF17B9EB0692413709A7B72B16FC9C4B
:FF47B700DBB73FCDBAA30A807A1A6E3FD95993EAF818C1413DD4059072AF41B67C1034294C788E5E8971462B6BD3FA5859D051122AE49F6178BEC29BB618D311D94CF34DD7042710157883EF5D828426087AA19EB1D1E5371C961159149CDF40762E2DE1E07412948C4DBDD68FB142D1DC20F1F9C3B0E6DF78AC496C1042B5D9CF938E3C24E65F2C0A2D06586738F6F215E8995AEEB69A97138D005BB96ACAFCAC0531D07FB3D1CEE4A414F96A27865FA20F3DEF8B31F9B2F909E3BA2139A895212BEE5DE825EBBAA3D90AAD46A9622B02F8408E6D33CDB590BFBA6B4AB29BA8FF6B1E4853C23C0022B3B374D6A62A4A00850A1AC7574640B59796DF86CC804EC7F42780
:FF48B6007740087B0A952639C139A47244D75AE7BE26D6F0B62EA04E7CBF48EA8B60E55D9A68F813D5299238385BF97C45DAC2E2FE49D323D562E7AEC07F6EA436B6DE47F45B6E76948198FD3EDA6D7582D3D23A7CA71553A50FDEA9EAC0E390DFB1510A8DE6A7D8D101C7E89409D0FE1BA9C38B894FDF2560AB463E2A1C7192268B375CBD37AFF0978BCAF5074E143D9297AAB546E3C4D90B9E619F54A8603A11406B9DE578C60F8AEDB25F01E38A28438B8FA056FC8AC1E6CAAE8CDBCBDB23445F447C14CBC161F310C9A6AAA62A70AF7C0C6CE86BAC6D6F733CE88821F92ABA5925EDB540C31880AB9418217648B0B0F52F531C0C210520E3A9AC03752DEBA7DF8574
:FF49B5005D32B98FB6DB2E005AC2E6893C678C6758FFF9AE7B9C0946A02549B6E1B1DB9AF53B0B4F08AE30F2D9E9C76F77A10F962398707B894C628FB9E1B2D534356C7D40A6A9633FDCA49B31225E01DC31243FBFF0C215B3CFC27D798F47C5E03A3B9CF55965A8748EE162AA957E12E9FCD30640A9F2CE96BDE1A2571B7F28B8D7A3D08A025592FE094F927EAEAD8F417B7536C774214DD5613643BA04D9CB8E216312F98102B68E0CC5A03BD05FEA5A6A89066962293FE75EE5273F4DAB9119FDED3DC4B13D40C3F9A31AC38C49335DE74FC1DE3BA44F5DAE66FB7D065B39824C4614185884EA523A507F55102F90BB0FA180C1C421025E9DF7EE91B1338E4799B492
:FF4AB4008138EE6DFA56BDBF0BEFDF27622DBE28D73D1A67FF970805C2F4F2067D58C4B7B6DA2BD960518DFD163A25D2B198C0F1AEE4F6645572EA1139395A00E542B5DA92EBD42E74E8C550C10B92267CC80B5D8AF5E8934B9BB2B23E314DAA6F09B201EC5D173E8317F31C7209566C6B6FB773A2AC419D124B1D5FF54C45A2EA5EB365965161A5DE4FAF7016E541F2721406651BE9555257B2DB5B2D8DF96E2C7B4CC7B11A1D0DDEEB9F2EDF9FFB9F24BF506C9F3B3F85BD22BD6F9495363DA9D9DABC2611284DC1DD46DCB662EB9902C4104BB2C8A85A1DF63A4795F5792E370F36CE60331596DD29BC6622FEDF16C3F93711B16E53357AA4A6E2ADEC36D640F8997C
:FF4BB300B414F2CD838CF147D27CC7423627F56E912E6A904D85C03D29D094EBAD3EDA91140178A003EBD2840BAECE7D170C1E697BC1A3E561A3CE72D1D70BD447CE6BA78CAD46067D5F634DC6A930B090F28D1197E7A8EC716B53C93A708FD42C724DFB891D99FD9FFB81F7EBBC0690D4A10DE6D37FF08A68B763906146AA745F3F310DA4B3BEFC44A4AA6F328B90D50E5DC01EF437D536E8320C1B2207F2EA0104C9F872B60B6A1D4146D7DFB258EFA6CBD61B81EB5C85BBAB8E4005718B1C7B7FFB87419E704DD2BEA9308B7D643D28E6D6F0F993379D6D196BC0B1DB3DFC02ECABD9949367F88F73587024A2BB201F90B2210012BCEE7457C1B6351E5259D879EA65
:FF4CB2001A4341AA0122751ADA90AFCAC1796A2A416EB7BA6ACD058BC5B4399139823855B5A3666941DFD38298676F542D2B575614F9BC5C42177E24B8E15F73C63C4CD0ED57560CE513CBB7851B373172C8D5B90ADC025B7B90783BB24A7FFB1756CD49F4E803FFE87A220E4E1717FFD3868D9F1EBF697FCB22F0620C0BBEABF0128C657F53815931C8B4F267C47027DA43EF889E5B81BBF93EF2518E3A186352B8AC44D7F87FCB472E7CAA0A5116DCD66341CC0CB4DB7CDA54D92A2B40FDE5CBDE25F2C8345CF1C614969455C642238B6D35A6FE668122B7A4A848F2227FC2F55501CD59098314ED3C42DF3BB5DB6964CC4506461E6F34B22BE735759DC673854D680A
:FF4DB1002DCD49D5DD8C98385583B9704A5C786C396E1FB33783B0F382A7491EB2666174B9C98E8B19C61A3D4DB40B46342EEED99D0335403728DB92C6F529958F707C66B4DD98E0CC1489CFF346D4F1B9B18BA33309EE22A2DEA99E04264B43BD3825E2FACABDCA1A7418BBF4B016F730F8E0FAAE2C9095EC7904649EDADC3789851F89405C517B4F5BE7511BB92EE4FD8AB735999418E9E3EB1E372009BAA9EA8DDE11946093EFF43CD46EB7D7C2E4B1FDE0BDB4344EA591311D264CCC9CF1926D10D1A6A229F64E401A81F498C59CBC383371BFFCE39DE3453961AB899C2C083B12373C9F0F777F47C777C0BC7D7A0C8C408CF95436F5994D6C1A9A29057A006A2704
:FF4EB000D0D7E223EAB8D4AB457501863A5F5AE0CD031BA15C883BDE4ED6F58D5507EF465D083FBFD6492A112FF38F1941F4EBF681E4EA7FD8001C582F5BDECF2738B4F2F258739B8F7FEB3C1771FE55BD1F76953C7704DCFA3658303C87C4B304453266DE30B1551F8C875D9B9AD48A8CB2E9962904D776B807A7D1902E40AA933FF3AF8FB2BFED56623D7342235DA77C1A429EC1492EC054B286DF8A306DB56738B56B6195F2734BDE1D775F8EF28B3EF7EA9650B5FB06BEE61E9BE8A4D49777EC9FE0FD84AAD560CDBD939CAB57D4A0D3A83F2CE5A2A0B1325B311DB6BC3B2D0BE5E7116E5C5E0ECC558AEF95129698A9BFC2D196E966BBB35A4A21A486484F2EC400
:FF4FAF0022A4E0504864D3CDA013D74EC68DD38276E439C5A2C27515E3F9DA56A7CD5DAC0B125AF591CFCE17E999626FE93B43961EFBD800371CC7C7EE44449BDC65291D9A9CF174CF70692C3D6B0D5EAC484C443B4C85CB8CFDCE63E55AC4B065DB2C45F543F7379C6987C7B3AB44D49592D1E934B726FF524679342942D6949BFAECD6708FFBAFFD5818207D71DCDC459D7188C2EBA228079D4695C61CD133C44E24467B8EC006F1BA998B4A832042634F7989799656FCD467882182B8CD793C281F026B49506DB2EABBF75F281626A7CA1186B7D713135361F9755A9EDCDC66DBF4A18591E96064B92630AECCF7EC17EF7B467D0887110567BF0D8AC9F1B2F368A37C
:FF50AE00BF54E0E4C0F25C9DFCA91B61935E11ADC2A8BD5612AAF0FAF13EDE31469E4545220F76269CDE0098CB69242B789516980126CD0C6CA62C175C949A7140B435F6256C1A689FA4BA5D7D91F45DDCB247D0CAC01CEF60594CCF5BD4D579698C6DB1BCBAD69090AE50E73B8E28B70EAC61D28194467D6A0DCD36B4460165971FA3A6B16E4F06E1DBA2FF845920DC09F8B15F57E6814A974D806D42F0E64BA7970F4F3061316548A998FF46231A783DF5CA2C24A1155F3597DF032F48CF5860BD33ED07C628FEAE68D48CBC03E40713855ADEE7A6447DAFC60FDF072C88915AB11F250B312F5CE1D3CE6126D413834D1B90FD9851A16883DACD62607A42259C5E1106
:FF51AD005D901AEE7CE3DA702B751DCA84BF16A5C1D83E222FCCEE0FFB9051608E8D69F310F23D72CEF3F53A7DE5CCC68F2B312362FBB2847C867105709479BE9E13BE2CD91C144E94E75D9EFC5E415810824519E99EAEDC63F35BD9E196D69C445182C0CF1B6AE953FAA5FF2DB8A17853F0EEBEB5566CC34DE7C04CFE9EAFA0F1C1E5E97A9A3DE5C323287785B334ACABFB41DC97F269655A4CD798FF1AF015A9511904319997A69630721519218B1FEF69A7C41059F8B40EDC8D9EFBCE307B6009BBEF7E95D599B455239C9C132E139078C11D534957D2F2755464CA03160865330A0E0E195758D5A7CE03B70322E30355FB4DBA6EF1984A34B73DCEE2627AFA4E9A19
:FF52AC0043B2F5EB6440911C5524219607BC5BBE1CE3C5D2280BC306772F5F2BD32398BC1D843109DB6FFAAD8BB06FD11E44FDD6E2BA92888369572E3046C63F2955B007B60FC6084D1DFC7AB183B2327FE3F0A26569C5C973E144467891718EFF438BF8EC112A4CB3DB3D7DE64436B13C70D8C3566074D467A6DC555F391166731DC9271267596389F42FEA878AA64C1DDC7A3316A86428214F4D22AE30A88ADC45789F2E126CDA930724FBFC1FC6B0E98085CE4268DFF4C70D990AAA2A379424AAE15CD38C9642A563F34DF05F7C176F54C46837F7C3A824C521BDD55097C6AEC4A62257483BBF1D3A88E298BBFCCE2BF213AE43F7FE6F01EAEF5D60BA16631038A6DF
:FF53AB004BA7E6890A110EAB15DEF19A7FC911593815CA4762F5EAF9326A1A7B6FDC13FCAC940F442CDF8AB166C59BF32C3F53019FE89F93B950643A3853451C03872010F0D36AD91660131F5095FAD6CB086CF965A03E7D6680A6A168FACBA7A5B71D044279D731F17F375DD8ACE3FEBEA2DF623BB7D60E6DBDCFAA1B0F3F68EFBDCE76C9F2C486C53933163BDC20413A1F5C9EC750B9C99A6A9294E25FF31FAF683110A2B8BA0327BF528A650A5645C697FD66E4D9CCF35F147F865401DC2FE69EA3DB9C50F95E43CC8A8292FDBF7B2A813976FEDB8F53E77397FE8B7351F4ED9C8B1B4701FA87D1DF54FA78356C5034897576C2FDB9CA7305F32667656CF7F8B23273
:FF54AA00E38D2D0145EA030E97870DF446B7D6FBA81B9A27B2B2BC7D142110C6CD79CCA3399980F68E738BBD0181E66C6DD6AA3C3209CB2A6165290A311072B37468FAECE95E0A0FF33CF81DFE8CAD26104EF59A98D5F753A175490C8E8BEECC62C3DDF333B5D2C0DF8A2E5709A13BB02AE0EC6630FDDCACEF060087A23FBAA836F1B9CE8C3087E9A14887332568037CEEE8C763B4C2E8BBFE47D3C4A539F2955148EC4162A20E002EF48D3605CD904FC608DBDB7C8581D3FB46AE167E4C8BDF11F742EAEDE4467E6395651417AD06B2F82DCEEDCC4B95A81EA3B63B745077CBDB28B984CFF98E2FD11308D4F7C8AFD3E339D491A5EB7F112458D6D2EA1B9A7CEFD8D78A
:FF55A9003DF5CA59A50390A9B94C175C36B233FB3AB3AD80D049113CBDA9AE001D235515F0F3FDC907E107CE8F9DEC7D9435F5A749A3BB8AED648BDF019304FD8158DDD00F49E6439CACEF780A7473522890D96C322C942437EF6E8C3CFB5CE9A671562197A20ED2AB0A0418DAC8EAA62CE924C37011A3793D4DC316E461B05FD11DF8F00AF8850EE77BFFD45CE4AD4BBAFAA9D4DD5F5005ABA6423435790A1D82D51743DE0ACE544E099ED2B42CC46DFB27A199DC12DB28548643C1BFE35947B3B1B610B8C51EA976000B824986A67AD12DBF873C529D7F94450C9ED55D4C2F37539F9FE05CCAEAEA0C3DFB37037CE888FFF3C722A0FA9345FAB44DA55ED6A74052570D
:FF56A800B02FB9AD390AECA4B19E42797C730EC2C4DEAD69D131A9CE6AF4093E1F01297A5B8A570E5E86369CF405D87151EA468724302DE185DE24F0BEF6A7156CB497C3D780051BFBB62D6187D036F7762F34E54C841E8C53682765A5413811DC8AF4EDF082C4E5E1671BC20B544A6838013BE466B2D4A52B78F2C464367F390C244E18F888870DE7898E96BF187E371ABA3EEC52260036BCCB034D53A90510E7DEEE217E98BA75F1DD78C1F643BAC4F677D5D0FD246F4D6CF48694951842C574C5333DAB522E844CCBE65BFFC9EB9D0D6909386F5B4AA892C6B1E4578BE1D7AD66B9581547C9771EB6F07F82DD6AF08358290EA4F5C765FD043C7CE53B22606026A9FF
:FF57A7004EFD2B2689573A845DC011DA36EF4ABF35B19E85AF142F69A641DF2FA13BC11FCAD2F524824BC098D72B87D51D4E59F422A8FDDD1BF52DE1DE0A4283EDF03F4796F427AA8DC7F11CF48AFDCEAE56CD72277FB4024918AFDDD5018179C01F5577FFDA6B9426D601AA8BF2250510477E08D008E30D4C54621D5249E0BC9BEB450F4A6EB9C6A6BE3CE35E4523A2D6B7F46A9A06B4B138E7350D0D9BC2EDBB2D25719E5E45D1CAB60BA73A8C77A1427AFB06A4137689F046964FD9C8667FF50F37565279F63244351E8995D3B3B6BC3A42D6753F48672301EAD9797304FB9EC6CC361EEC0CDCDF34B0643E38B28B0226D3BF1395DD9E20969D1E172424B2078083E4
:FF58A60025DA23801BD4F6971EE3CDCE697290D34EDDC6CED512C8B30F8188ECBEBA1965952F52AF5B45520C35B0F1ABD5488A54FBA79F2D5ECA0CBD81CB197BD1A639CD5EDA49518E50AB8B58D2FD3CE2C3F5CF301A12879FF8B498D32D0540305B0018912A69CEDED97ABE91D089BCCAF6DA937E14245893441820AC7E9BDEF532BEF2AAD4D16C39D941BC02E31A9D062CCF94273CAE33D4A9AA7E19F9C2E84544EF22F898E8EC83130E3678C557948601122C37A544667D780DD06E1C14185386CD08FB77B80DA76326EEF6EF1961978053E10B98C5609DD6BD094A5320BA9D750C8BA571400B9C676CF0D5349F2FEDCE5F7E0EDCDB8E80486E99A5AAE588DDBCF073
:FF59A5006FA98C462B7CC3672DB0911963529548394FBED156BE89F2C71543A1BB85DCC0A312A397A71C438EFA28339A21FD681CBF3854747D83856F2C8198496DC9F813498CE8CA2A44C29CE762CCF1556604D4C7F34EEAB1DADAED62A304CF99A1303C2F5E975A164A01A9041E83196712AA533C1D1EA007F71BE06126C464A22DAA38075B2934BAD465D85E5FB4FA38399F125AFB276CF826CB14A6FB254D1C3CCF8119D46BFDDADEA09C23F9D67FB955AE26258846D428B68194A96F8E58A10ADCDD14B3BD172ABA127836343531E4E232838E01AC3EC65CE6354EA643EA03660B2A3A7F883F67B2766C4215E08AFEED273055DC59F3EBD968F3AC9EEACA073ECC1C
:FF5AA4008E1C3040E6A2570F5B9BCBD86458EC60526B2E54FEAFF617D61D79B893998D791CBD35673C39DAD5258B6D00D2D0E649DB5B671D9EF90786109A1D3307CDC49D74ABF84F9231EA64E14A7DA85B6B19412ED9E0DDEB10E0B27BD45AA1752A52A53F00E62349A7AF841B3FEFC6A3106D14753F729AB00691118094A95FBA3D01C0DB00D501E0DB8E54DA0AB3106BFC4FB06E04EBB2E25EF264F38870A5A368A083C319C9C02F28DEFB9D553981999AEC9F135D2B4EE6A7EFFB12D7BA534FBD60280DFEBEA615BD110015AEA06E7937CE2B6334EFC1BB2D745D30CB9EC09DB13DF7FD6A5229409A026A05C9027CBA485ADE0F4678A7F605C1773E9905DAE9ECDDBA
:FF5BA300C9F999D5B6CA33FC0C68F69D9FA867AAA04FEFD8DC78D1F4C319702731E16AE853BF5AE0980D835038904DDCC13CC36BE006D87FBD6F28F1ACD630C31A1E8C58E10323CE28199C7E1B4BE525DCF249714B491EE51125FAC7B591831B557398F61B1C25FCA27415EC2A537B9B096A29537C5681F99FDE60DCA2088D3FAF6C2DB7595C29DD18FC445FE763905C16550C7A427CEE4690B3FD9FC74DA27E317D44F00E15A33568C7E7688086C7B9B2F56A640E142735E6A0AA2B44914A55C5EAA10B6DC5EB1F67ED49F60C7BEFF9446BAC1D0C61CDA04A683E396E233C5F8629EE1DA7CD6B88F6AEFF44DA55044B9339606D01C42176DA9354D33ABF416CF38DAB70
:FF5CA200F6E55E136390A8C0BD47BAEAE8B0F37C734C16065362CBB6F6643E424680DCE35879D70AE511AB3472B5164EAB4D106291E0C6E2CF6C409DF4803BBC5D4D1B2B1BEF68F38F2B2AEA2F7526B3AFF26BE34602A78EA4FF44749B589BAE4B3ACFEFF36F4A98FF80477BB756303FF57AE6CA2093B0331C1FD44AFC26481C1FCEE50E35AD2B66AC9CBD7D7AE2FF2FC7F4E584317086F966D71E245B7CD5EFD3360458FFF758E3D6D4F60B5E8F02B332A8229A3D45F7733D4B058793DF72E0DAB4201640922E7BFF6BCD61FA9B4E49B896E5C14DB741A3CD4B3D399CC1D2E33F3821887E0770FB75A3BCB97EC14BE035EA76D04D7CBA211D948A3D0C3D590A6C9147B9
:FF5DA100CFB215E304132CC055C9D0F3EB339235C92F2B07DDAC77BF7642C07A6A1BD7688DEED29BA49E7820A9840A462B558956A44E1ADED529E605D4DD2287FEFEDD7B9EDB1C97F6563D5B71BFA8B061A89593C99678D64812B05C08A301983D4E3C60B38590E139496787A289B5A9DE67AEC9CFFD2B6F8563C55D683B31809AFA62D901D57AD933FF3649B30A73DDB4BAF89DA66BC4F359FD18E97852E66586E081841E8AEB3F805E5A0436244735EF4E5BDF6C3D39E01EE70EDBC6A9C3EA9D4DDE536B466476C3140C5EB4E3894296CEC221DEA2542F01A86A2CBCB629C1599751227366E427857617EAB283AC4DFEFD09F5D5A0045D1222D410B3862B96FFE802B2
:FF5EA000AF97EED78D6233F0E6E0727D6C848A77D6632F8813E6FD06144F438D0D8B259E00D6DCCC29A5DD5C35453C03388B03377D1D1C3939D6A1D66BCED431E489644F8CE05457172FB8D1D67BDB75EE68F27DFADC14AD02124A1E779BFBCCE22CB97A97F9AE23038E3861E30C4406BFF58199DD0E7DC6DA31768D1635A9C03F59EAC6381B84EEE0064A063FE81C52574F1D0D1326DF70C3E0A0F7AB71C084CBCC0615E9658532EC38A142160D13B878456BE11A25BA4522FF2806E8220E21CA846A01432D5994B44BA18BA57452780843EEFF754B3501AB21FC017446427E5FE47CC33527FEA7AF53E1711F7207C3E9CE0F00E3565B800490183B9B4D507FAA351446
:615F9F002F72BD83A0BA1EAAD93DCF0C72365014F132FA8440279EB2950C4FF90113D2628806A41015DF5DFC238DE9F0C9F4785A47A04328E7C481D6B6A6C5004AA4F20AA912444FA3456DFC9503D7F5E7E2C0F960250911AD2B64C02BD5A424BE10FCAB793C
:FF68000000000000009402000000000000000000B080DDFE000000000100000003000500010001000000000001000000FFFFFF7F0100000001000000E803000000000000000000002881DDFE00000000010000004881DDFE5C81DDFE7081DDFE8481DDFE9881DDFE3481DDFE8C83DDFEAC81DDFE8C85DDFEAC83DDFE8C87DDFEAC85DDFE8C8FDDFEAC87DDFE8C91DDFEAC8FDDFE8E1000000000000000000000010000000000000018100000000000000000000001000000010000001A1000000000000000000000010000000100000017100000000000000000000001000000010000002910000000000000000000000100000001000000050005000A00000000000011
:FF68FF00000500000005000000050000000000000005000000AC91DDFEB091DDFEB891DDFE010000000200000002000000C091DDFE2069020014690200D891DDFE030000002C690200010001004469020046690200000000000000000000000000000000005469020056690200586902005A69020000000200000000000000000001000000FC91DDFE0000000001000000E4A1DDFE0492DDFEE4B3DDFE04A4DDFEE4C3DDFE04B4DDFEE4A3DDFE04A2DDFE000000000000000072980200E4B3DDFE04A4DDFE010001000100000000000000000000000000000098980200E4C3DDFE04B4DDFE010002000000010000000000000000000000000066980200E4A3DDFE04A22A
:FF69FE00DDFE01000000FFFF0100000000008C690200020000000300000004C4DDFE28C4DDFE4CC4DDFE0000000003000000FFFF0000FFFF0000000000000200000000000000000000000A000000349402008E00FFFF03000000069502001800FFFF03000000DE9502001A00FFFF03000000B69602001700FFFF030000008E9702002900FFFFF400F2FFF4D0D6FF0000F2FF00D0D6FF4004F2FF8004F2FFC004F2FF40D4D6FF80D4D6FFC0D4D6FF08C1DE0EDC6A0200046B02002C6B02005C6B0200606B0200746B0200766B020070C4DDFEACC4DDFEC4C4DDFED4C4DDFE02030A000000000024EAFEFF00000000120000000105000001030000AAB1FFFF1000000012E0
:FF6AFD0000000001010000000000000000000024EAFEFF00000000000000000300000000000000AAB1FFFF00000000000000005A8304000000000001000000050400005C8304000000000001010104050100005E830400000000000100000505050000010000000100020003000400130001000200030004000500000100FFFF01FFFF000000000100000F000820000004000032EAFEFF34EAFEFF30EAFEFF08000000010000000000D0FF0010D0FF0005D0FF2EEAFEFF1081F8FF1881F8FF0000F4010038160700001401000200000101000000000100B86B020000000000000000000000000003000000000000007215000000000000000000000100000003000000E0
:FF6BFC00010000007213000001000000000040000200000001000000000000007415010001000000000040000300000001000000010000007413110000000000000000C0000000000100000000000000000000C000000000020000000000000000000000000000000302020000030000120008000000000200000000546C0200346C0200040000000001D40E606C0200806B0200CC6B0200D46B02007C6B02002800C1FF0000C1FF2400C1FF2000C1FF2C00C1FF010000000080FFFF020000000300000000E0FFFF020000000200000080FFFFFF02000000000000000000FFFF020000000400000000FFFFFF02000000020000004000000000020000040001004000018C
:FF6CFB0000020002000000A1FF002AC6FF0801D70E688304006A8304006C8304006E830400040000001400000000000000000000004000E2FF4000E3FF5000E5FF4002E2FF4002E3FF9000E5FF2400E2FF2000E2FF3000E3FF0000E5FF0000D7FF0001D7FF0002D7FF0003D7FF0004D7FF0001D90E786D0200906D0200F4C4DDFE000000032222FF010101001054F9000100000100FFFFFF01628304000000000068B0FFFF00020000FFFF0010000000000100000018EAFEFF00010000FFFF0010648304000200000034B1FFFF00100000FFFF01116683040000000000A0B0FFFF01000000FFFF02126283040000000000A8B0FFFF01000000FFFFFF1362830400010036
:FF6DFA0000000801C0FF01000000FBFFFF1462830400020000000801C0FF01000000F7FFFF1462830400030000000801C0FF01000000EFFFFF140000F8FF8009F8FF000BF8FF6007F8FF00C0F8FF00D0F8FF00E0F8FF0001F8FF0004F8FF1081F8FF0001C0FF0010F8FF0EB4FFFF0080BDFE00010000FF000000010000001041D90EC420000000000000886E02000000000004090E1316311A1C1E20272D2A2FFF00C06E0200000000003B080000FFFF010001000D020003040600070101BC018002A903C3047700D600002A2C00000102002D00FFFF030001000000FFFF000000000E10120001010300130015000100010004060800020103000001030000010200168D
:FF6EF90018FFFF0311030027002900020001001E242600010103001A00FFFF010001001C00FFFF010001003100FFFF030001005FDFEFFFFFFFFFFF010101005FDFFFFFFFFFFFFF020101000000C1FF2000C1FF2400C1FF2800C1FF2C00C1FF0000C2FFC800C1FF0040C3FF2002DF0E806F020084700200B0700200C4700200647102000501011404000000F3CB1F000001000056A6000056A680814F6000000000000000000000FFFF00005004000040000010000000000F20002000000000D3C31E00000000001FE000001FE07FFF9E0000000000000000000000BFFD0000010000000400020000001E000000000001000000D3C31E000000000082FF000082FFFBFF1F
:FF6FF800040000000000000000000000FDFF00000000000000000000000000000400000002010000F3CB1F0000000000422B0000422BF3E70C7E00000000000000000000DFFF00004000000000000000000000080C76000803010000F3CB1F000000000032FF000032FFFFFFFC0000000000000000000000FFFF00000000CC00000000000000E0000000000004010000FF00FF0000000000FFFF00000000000000000000000000000000000000000000FF0000000000000000000000FFFFFFFFFFFF0000000000000000000000000000000001000000007001000200000000700200040000000070030008000000007004001000000000600500200000000060060040D3
:FF70F700000000007009000002000000600A000004000000400B000008000000400C000010000000400D000020000000600E0000400000004016008000000001701E00040000000270250004000000034026000800000003602E000008000003702F000010000003703200008000000320200002004C00010028000200380002000010EDFF52B0FFFF0081D90E0500CC0001007F0F7F000000010000002000000010000000000200000004000000080000000102030405060708090909090A0A0A0A0B0B0B0B0C0C0C0C0D0D0D0D0D0D0D0D0E0E0E0E0E0E0E0E0E0E0E0E0E0E0E0E0F0F0F0F0F0F0F0F0F0F0F0F0F0F0F0F0001020304050607080C1014182030400882
:FF71F6000C10141820304000000002100300000000000000000001000000000000004019000000000000000000000000000000000000000000000900000100000000000000000D0000010000000001000100460096003D0046003C00960000000000010201020100000004720200147202002C720200447202005072020000010101010202020200010101000000010102030102020601030808080808080808080C0C0C0C101010101414141418181818202020202020202030303030303030303030303030303030404040404040404040404040404040400054920300EA90030044900300B08F0300348E030056920300EA920300FA940300A09503002085030072C7
:FF72F500860300DE870300428903000A8A0300388B0300368C03006E8D0300F69B0300109B030000002110422063308440A550C660E770088129914AA16BB18CC1ADD1CEE1EFF13112100273325222B5529442F772D662399318837BB35AA3BDD39CC3FFF3DEE36224433420040114E664C774A44485546AA54BB528850995EEE5CFF5ACC58DD55336722611163006D776F6669556B4465BB77AA719973887DFF7FEE79DD7BCC7C448E5588668A7784008611802282338CCC9EDD98EE9AFF9488969990AA92BB9F55AD44AB77A966A711A500A333A122AFDDBDCCBBFFB9EEB799B588B3BBB1AABA66C877CE44CC55C222C033C600C411CAEED8FFDECCDCDDD2AAD0BBDB4
:FF73F400688D499D977EB66ED55EF44E133E322E511E700E9FFFBEEFDDDFFCCF1BBF3AAF599F788F8891A981CAB1EBA10CD12DC14EF16FE18010A100C230E3200450254046706760B9839893FBA3DAB33DC31CD37FE35EF3B1029012F322D2323542145277625672EAB5CBA5A89589856EF54FE52CD50DC5E234C324A01481046674476424540544DBA7FAB79987B8975FE77EF71DC73CD7D326F2369106B01657667676154634564CD96DC90EF92FE9C899E9898AB9ABA94458654806782768C018E1088238A3287DCB5CDB3FEB1EFBF98BD89BBBAB9ABB754A545A376A167AF10AD01AB32A923A2EFD0FED6CDD4DCDAABD8BADE89DC98D267C076C645C454CA23C8334
:FF74F3002CE01CC10C1FEF3EFF5DCF7CDF9BAFBABFD98FF89F176E367E554E745E932EB23ED10EF01E020000F10600010016000000020010F1100003001C000000020011F1100001002C000000020012F1100001003C000000020013F1100001004C000000020014F1100001005C000000020015F1100001006C000000020016F1100001007C000000020017F1100001008C000000020018F1100001009C000000020019F110000100AC00000002001AF110000100BC00000002001BF110000100CC00000002001CF110000100DC00000002001DF110000100EC00000002001EF110000100FC00000002001FF1100001000C010000020020F1100001001C010000020077
:FF75F20021F1100003002C010000020083F10A0001003C010000000086F10100010028F0DDFE020087F1050003004601000002008AF1050001004B01000002008BF1030001005001000002008CF11000010053010000020090F11100010063010000020091F10500010074010000020092F10A00010079010000020094F10A00010083010000020098F10B0001008D0100000200A0F105000100980100000200A1F1050001009D0100000200A2F108000100A20100000200A5F103000100AA0100000200A8F114000100AD0100000200A9F105000100C10100000200AAF105000300C6010000020030F120000100CB0100000200B5F105000100EB0100000200B6F1051A
:FF76F100000100F00100000200F1AFCA010300F50100000200F2AF01000100BF0300000200F5AF01000100C00300000200FCAF02000100C10300000200FDAF01000100C30300000200FEAF01000100C40300000200FFAF01000100C5030000000000000000080000000D0000800000000100000000150000000A00008000000001000000001F0000000100008000000001000063C6A5637CF8847C77EE99777BF68D7BF2FF0DF26BD6BD6B6FDEB16FC59154C5306050300102030167CEA9672B567D2BFEE719FED7B562D7AB4DE6AB76EC9A76CA8F45CA821F9D82C98940C97DFA877DFAEF15FA59B2EB59478EC947F0FB0BF0AD41ECADD4B367D4A25FFDA2AF45EAAF2E
:FF77F0009C23BF9CA453F7A472E49672C09B5BC0B775C2B7FDE11CFD933DAE93264C6A26366C5A363F7E413FF7F502F7CC834FCC34685C34A551F4A5E5D134E5F1F908F171E29371D8AB73D831625331152A3F1504080C04C79552C723466523C39D5EC3183028189637A196050A0F059A2FB59A070E090712243612801B9B80E2DF3DE2EBCD26EB274E6927B27FCDB275EA9F7509121B09831D9E832C58742C1A342E1A1B362D1B6EDCB26E5AB4EE5AA05BFBA052A4F6523B764D3BD6B761D6B37DCEB329527B29E3DD3EE32F5E712F8413978453A6F553D1B968D100000000EDC12CED20406020FCE31FFCB179C8B15BB6ED5B6AD4BE6ACB8D46CBBE67D9BE39724BE7
:FF78EF00394A94DE4A4C98D44C58B0E858CF854ACFD0BB6BD0EFC52AEFAA4FE5AAFBED16FB4386C5434D9AD74D3366553385119485458ACF45F9E910F9020406027FFE817F50A0F0503C78443C9F25BA9FA84BE3A851A2F351A35DFEA34080C0408F058A8F923FAD929D21BC9D38704838F5F104F5BC63DFBCB677C1B6DAAF75DA2142632110203010FFE51AFFF3FD0EF3D2BF6DD2CD814CCD0C18140C13263513ECC32FEC5FBEE15F9735A2974488CC44172E3917C49357C4A755F2A77EFC827E3D7A473D64C8AC645DBAE75D19322B1973E6957360C0A060811998814F9ED14FDCA37FDC224466222A547E2A903BAB90880B8388468CCA46EEC729EEB86BD3B81428B6
:FF79EE003C14DEA779DE5EBCE25E0B161D0BDBAD76DBE0DB3BE0326456323A744E3A0A141E0A4992DB49060C0A0624486C245CB8E45CC29F5DC2D3BD6ED3AC43EFAC62C4A6629139A8919531A495E4D337E479F28B79E7D532E7C88B43C8376E59376DDAB76D8D018C8DD5B164D54E9CD24EA949E0A96CD8B46C56ACFA56F4F307F4EACF25EA65CAAF657AF48E7AAE47E9AE08101808BA6FD5BA78F08878254A6F252E5C722E1C38241CA657F1A6B473C7B4C69751C6E8CB23E8DDA17CDD74E89C741F3E211F4B96DD4BBD61DCBD8B0D868B8A0F858A70E090703E7C423EB571C4B566CCAA664890D84803060503F6F701F60E1C120E61C2A361356A5F3557AEF957B9E6
:FF7AED0069D0B986179186C19958C11D3A271D9E27B99EE1D938E1F8EB13F8982BB3981122331169D2BB69D9A970D98E07898E9433A7949B2DB69B1E3C221E87159287E9C920E9CE8749CE55AAFF5528507828DFA57ADF8C038F8CA159F8A1890980890D1A170DBF65DABFE6D731E64284C64268D0B8684182C3419929B0992D5A772D0F1E110FB07BCBB054A8FC54BB6DD6BB162C3A16C6A56363F8847C7CEE997777F68D7B7BFF0DF2F2D6BD6B6BDEB16F6F9154C5C56050303002030101CEA96767567D2B2BE719FEFEB562D7D74DE6ABABEC9A76768F45CACA1F9D82828940C9C9FA877D7DEF15FAFAB2EB59598EC94747FB0BF0F041ECADADB367D4D45FFDA2A272
:FF7BEC0045EAAFAF23BF9C9C53F7A4A4E49672729B5BC0C075C2B7B7E11CFDFD3DAE93934C6A26266C5A36367E413F3FF502F7F7834FCCCC685C343451F4A5A5D134E5E5F908F1F1E2937171AB73D8D8625331312A3F1515080C04049552C7C7466523239D5EC3C33028181837A196960A0F05052FB59A9A0E090707243612121B9B8080DF3DE2E2CD26EBEB4E6927277FCDB2B2EA9F7575121B09091D9E838358742C2C342E1A1A362D1B1BDCB26E6EB4EE5A5A5BFBA0A0A4F65252764D3B3BB761D6D67DCEB3B3527B2929DD3EE3E35E712F2F13978484A6F55353B968D1D100000000C12CEDED40602020E31FFCFC79C8B1B1B6ED5B5BD4BE6A6A8D46CBCB67D9BE0E
:FF7CEB00BE724B393994DE4A4A98D44C4CB0E85858854ACFCFBB6BD0D0C52AEFEF4FE5AAAAED16FBFB86C543439AD74D4D66553333119485858ACF4545E910F9F904060202FE817F7FA0F0505078443C3C25BA9F9F4BE3A8A8A2F351515DFEA3A380C04040058A8F8F3FAD929221BC9D9D70483838F104F5F563DFBCBC77C1B6B6AF75DADA4263212120301010E51AFFFFFD0EF3F3BF6DD2D2814CCDCD18140C0C26351313C32FECECBEE15F5F35A2979788CC44442E3917179357C4C455F2A7A7FC827E7E7A473D3DC8AC6464BAE75D5D322B1919E6957373C0A06060199881819ED14F4FA37FDCDC44662222547E2A2A3BAB90900B8388888CCA4646C729EEEE6BD3AE
:FF7DEA00B8B8283C1414A779DEDEBCE25E5E161D0B0BAD76DBDBDB3BE0E064563232744E3A3A141E0A0A92DB49490C0A0606486C2424B8E45C5C9F5DC2C2BD6ED3D343EFACACC4A6626239A8919131A49595D337E4E4F28B7979D532E7E78B43C8C86E593737DAB76D6D018C8D8DB164D5D59CD24E4E49E0A9A9D8B46C6CACFA5656F307F4F4CF25EAEACAAF6565F48E7A7A47E9AEAE101808086FD5BABAF08878784A6F25255C722E2E38241C1C57F1A6A673C7B4B49751C6C6CB23E8E8A17CDDDDE89C74743E211F1F96DD4B4B61DCBDBD0D868B8B0F858A8AE09070707C423E3E71C4B5B5CCAA666690D8484806050303F701F6F61C120E0EC2A361616A5F3535AE9A
:FF7EE900F9575769D0B9B9179186869958C1C13A271D1D27B99E9ED938E1E1EB13F8F82BB3989822331111D2BB6969A970D9D907898E8E33A794942DB69B9B3C221E1E15928787C920E9E98749CECEAAFF555550782828A57ADFDF038F8C8C59F8A1A1098089891A170D0D65DABFBFD731E6E684C64242D0B8686882C3414129B099995A772D2D1E110F0F7BCBB0B0A8FC54546DD6BBBB2C3A1616A56363C6847C7CF8997777EE8D7B7BF60DF2F2FFBD6B6BD6B16F6FDE54C5C5915030306003010102A96767CE7D2B2B5619FEFEE762D7D7B5E6ABAB4D9A7676EC45CACA8F9D82821F40C9C989877D7DFA15FAFAEFEB5959B2C947478E0BF0F0FBECADAD4167D4D4B3B2
:FF7FE800FDA2A25FEAAFAF45BF9C9C23F7A4A453967272E45BC0C09BC2B7B7751CFDFDE1AE93933D6A26264C5A36366C413F3F7E02F7F7F54FCCCC835C343468F4A5A55134E5E5D108F1F1F9937171E273D8D8AB533131623F15152A0C04040852C7C795652323465EC3C39D28181830A19696370F05050AB59A9A2F0907070E361212249B80801B3DE2E2DF26EBEBCD6927274ECDB2B27F9F7575EA1B0909129E83831D742C2C582E1A1A342D1B1B36B26E6EDCEE5A5AB4FBA0A05BF65252A44D3B3B7661D6D6B7CEB3B37D7B2929523EE3E3DD712F2F5E97848413F55353A668D1D1B9000000002CEDEDC1602020401FFCFCE3C8B1B179ED5B5BB6BE6A6AD446CBCBF9
:FF80E7008DD9BEBE674B393972DE4A4A94D44C4C98E85858B04ACFCF856BD0D0BB2AEFEFC5E5AAAA4F16FBFBEDC5434386D74D4D9A5533336694858511CF45458A10F9F9E906020204817F7FFEF05050A0443C3C78BA9F9F25E3A8A84BF35151A2FEA3A35DC04040808A8F8F05AD92923FBC9D9D214838387004F5F5F1DFBCBC63C1B6B67775DADAAF63212142301010201AFFFFE50EF3F3FD6DD2D2BF4CCDCD81140C0C18351313262FECECC3E15F5FBEA2979735CC4444883917172E57C4C493F2A7A755827E7EFC473D3D7AAC6464C8E75D5DBA2B191932957373E6A06060C098818119D14F4F9E7FDCDCA3662222447E2A2A54AB90903B8388880BCA46468C29EE16
:FF81E600EEC7D3B8B86B3C14142879DEDEA7E25E5EBC1D0B0B1676DBDBAD3BE0E0DB563232644E3A3A741E0A0A14DB4949920A06060C6C242448E45C5CB85DC2C29F6ED3D3BDEFACAC43A66262C4A8919139A495953137E4E4D38B7979F232E7E7D543C8C88B5937376EB76D6DDA8C8D8D0164D5D5B1D24E4E9CE0A9A949B46C6CD8FA5656AC07F4F4F325EAEACFAF6565CA8E7A7AF4E9AEAE4718080810D5BABA6F887878F06F25254A722E2E5C241C1C38F1A6A657C7B4B47351C6C69723E8E8CB7CDDDDA19C7474E8211F1F3EDD4B4B96DCBDBD61868B8B0D858A8A0F907070E0423E3E7CC4B5B571AA6666CCD84848900503030601F6F6F7120E0E1CA36161C25F29
:FF82E50035356AF95757AED0B9B9699186861758C1C199271D1D3AB99E9E2738E1E1D913F8F8EBB398982B33111122BB6969D270D9D9A9898E8E07A7949433B69B9B2D221E1E3C9287871520E9E9C949CECE87FF5555AA782828507ADFDFA58F8C8C03F8A1A15980898909170D0D1ADABFBF6531E6E6D7C6424284B86868D0C3414182B0999929772D2D5A110F0F1ECBB0B07BFC5454A8D6BBBB6D3A16162C6363C6A57C7CF8847777EE997B7BF68DF2F2FF0D6B6BD6BD6F6FDEB1C5C5915430306050010102036767CEA92B2B567DFEFEE719D7D7B562ABAB4DE67676EC9ACACA8F4582821F9DC9C989407D7DFA87FAFAEF155959B2EB47478EC9F0F0FB0BADAD41ECF2
:FF83E400D4D4B367A2A25FFDAFAF45EA9C9C23BFA4A453F77272E496C0C09B5BB7B775C2FDFDE11C93933DAE26264C6A36366C5A3F3F7E41F7F7F502CCCC834F3434685CA5A551F4E5E5D134F1F1F9087171E293D8D8AB733131625315152A3F0404080CC7C7955223234665C3C39D5E18183028969637A105050A0F9A9A2FB507070E091212243680801B9BE2E2DF3DEBEBCD2627274E69B2B27FCD7575EA9F0909121B83831D9E2C2C58741A1A342E1B1B362D6E6EDCB25A5AB4EEA0A05BFB5252A4F63B3B764DD6D6B761B3B37DCE2929527BE3E3DD3E2F2F5E71848413975353A6F5D1D1B96800000000EDEDC12C20204060FCFCE31FB1B179C85B5BB6ED6A6AD4D1
:FF84E300BECBCB8D46BEBE67D93939724B4A4A94DE4C4C98D45858B0E8CFCF854AD0D0BB6BEFEFC52AAAAA4FE5FBFBED16434386C54D4D9AD7333366558585119445458ACFF9F9E910020204067F7FFE815050A0F03C3C78449F9F25BAA8A84BE35151A2F3A3A35DFE404080C08F8F058A92923FAD9D9D21BC38387048F5F5F104BCBC63DFB6B677C1DADAAF752121426310102030FFFFE51AF3F3FD0ED2D2BF6DCDCD814C0C0C181413132635ECECC32F5F5FBEE1979735A2444488CC17172E39C4C49357A7A755F27E7EFC823D3D7A476464C8AC5D5DBAE71919322B7373E6956060C0A0818119984F4F9ED1DCDCA37F222244662A2A547E90903BAB88880B834646E9
:FF85E2008CCAEEEEC729B8B86BD31414283CDEDEA7795E5EBCE20B0B161DDBDBAD76E0E0DB3B323264563A3A744E0A0A141E494992DB06060C0A2424486C5C5CB8E4C2C29F5DD3D3BD6EACAC43EF6262C4A6919139A8959531A4E4E4D3377979F28BE7E7D532C8C88B4337376E596D6DDAB78D8D018CD5D5B1644E4E9CD2A9A949E06C6CD8B45656ACFAF4F4F307EAEACF256565CAAF7A7AF48EAEAE47E908081018BABA6FD57878F08825254A6F2E2E5C721C1C3824A6A657F1B4B473C7C6C69751E8E8CB23DDDDA17C7474E89C1F1F3E214B4B96DDBDBD61DC8B8B0D868A8A0F857070E0903E3E7C42B5B571C46666CCAA484890D803030605F6F6F7010E0E1C1261E1
:FF86E10061C2A335356A5F5757AEF9B9B969D086861791C1C199581D1D3A279E9E27B9E1E1D938F8F8EB1398982BB3111122336969D2BBD9D9A9708E8E0789949433A79B9B2DB61E1E3C2287871592E9E9C920CECE87495555AAFF28285078DFDFA57A8C8C038FA1A159F8898909800D0D1A17BFBF65DAE6E6D731424284C66868D0B8414182C3999929B02D2D5A770F0F1E11B0B07BCB5454A8FCBBBB6DD616162C3A00000001000000020000000400000008000000100000002000000040000000800000001B0000003600000101020202020303030303030303D690E9FECCE13DB716B614C228FB2C052B679A762ABE04C3AA441326498606999C4250F491EF987A7D
:FF87E00033540B43EDCFAC62E4B31CA9C908E89580DF94FA758F3FA64707A7FCF37317BA83593C19E6854FA8686B81B27164DA8BF8EB0F4B70569D351E240E5E6358D1A225227C3B01217887D40046579FD327524C3602E7A0C4C89EEABF8AD240C738B5A3F7F2CEF96115A1E0AE5DA49B341A55AD933230F58CB1E31DF6E22E8266CA60C02923AB0D534E6FD5DB3745DEFD8E2F03FF6A726D6C5B518D1BAF92BBDDBC7F11D95C411F105AD80AC13188A5CD7BBD2D74D012B8E5B4B08969974A0C96777E65B9F109C56EC68418F07DEC3ADC4D2079EE5F3ED7CB3948C6BAB1A35033AA5697917D67DC2270B2150E0700312A231C4D463F3869625B54857E7770A19A9315
:FF88DF008CBDB6AFA8D9D2CBC4F5EEE7E0110A03FC2D261F1849423B34655E5750817A736C9D968F88B9B2ABA4D5CEC7C0F1EAE3DC0D06FFF829221B14453E3730615A534C7D766F6899928B84B5AEA7A0D1CAC3BCEDE6DFD80902FBF4251E1710413A332C5D564F4879726B641945CC79328A98F3651431E7CB2862CE9751C49C2FA388395E461173BC8C22E6791945CCF3328A98E7651431CECB28629C9751C4392FA388735E4611E6BC8C22877A8A9D0FF5143B1EEA29763CD453EC79A8A7D8F3504FB1E7A19E62CE433DC59D877A8A3B0FF514761EEA29EC3CD453D879A8A7B1F3504F62E7A19EC5CE433D8A9D877A143B0FF529761EEA53EC3CD4A7D879A84FB189
:FF89DE00F3509E62E7A13DC5CE437A8A9D87F5143B0FEA29761ED453EC3CA8A7D879504FB1F3A19E62E7433DC5CE877A8A9D0FF5143B1EEA29763CD453EC79A8A7D8F3504FB1E7A19E62CE433DC59D877A8A3B0FF514761EEA29EC3CD453D879A8A7B1F3504F62E7A19EC5CE433D982F8A4291443771CFFBC0B5A5DBB5E95BC25639F111F159A4823F92D55E1CAB98AA07D8015B8312BE853124C37D0C55745DBE72FEB1DE80A706DC9B74F19BC1C1699BE48647BEEFC69DC10FCCA10C246F2CE92DAA84744ADCA9B05CDA88F97652513E986DC631A8C82703B0C77F59BFF30BE0C64791A7D55163CA0667292914850AB72738211B2EFC6D2C4D130D385354730A65BB0E
:FF8ADD000A6A762EC9C281852C7292A1E8BFA24B661AA8708B4BC2A3516CC719E892D1240699D685350EF470A06A1016C1A419086C371E4C774827B5BCB034B30C1C394AAAD84E4FCA9C5BF36F2E68EE828F746F63A5781478C8840802C78CFAFFBE90EB6C50A4F7A3F9BEF27871C6FFFFFFFFFFFFFFFF00000000FFFFFFFFFFFFFFFFFFFFFFFFFFFFFFFFFEFFFFFF0100000000000000FFFFFFFF00000000000000000000000000000000010000000300000002000000FFFFFFFF0200000001000000010000000200000004000000010000000000000001000000FFFFFFFF00000000FEFFFFFF01000000FCFFFFFF42DDC02B6330D290AB37B5E99A37CF713C1CA55EF3
:FF8BDC0050817952C8E220BA88E10F242341D53909F4BB532B05C6216BDF0372FFFFFFFFFFFFFFFFFFFFFFFFFEFFFFFFDDBE2AC6F60B44ACD4FA39DE9420FC8D000000000000000000000000010000000100000000000000000000000000000000000000000000000000000000000000512563FCC2CAB9F3849E17A7ADFAE6BCFFFFFFFFFFFFFFFF00000000FFFFFFFFFE9BDFEE85FD2F01216C1ADF52051943FFFFFFFFFEFFFFFFFFFFFFFF0000000001000000FFFFFFFFFFFFFFFFFFFFFFFF00000000000000000000000001000000FFFFFFFF0300000000000000FFFFFFFFFEFFFFFFFEFFFFFFFEFFFFFFFFFFFFFF00000000010000004B60D2273E3CCE3BF6B0538F
:FF8CDB00CCB0061D65BC86987655BDEBB3E7933AAAD835C65A96C298D84539A1F4A033EB2D817D0377F240A463E5E6BCF847422CE1F2D1176BF551BF376840B6CBCE5E316B5733CE2B169E0F7C4AEBE78E9B7F1AFEE242E34F010000000000000000000000000000000000000000000000000000000000000000002110422063308440A550C660E770088129914AA16BB18CC1ADD1CEE1EFF13112100273325222B5529442F772D662399318837BB35AA3BDD39CC3FFF3DEE36224433420040114E664C774A44485546AA54BB528850995EEE5CFF5ACC58DD55336722611163006D776F6669556B4465BB77AA719973887DFF7FEE79DD7BCC7C448E5588668A7784008BA
:FF8DDA00611802282338CCC9EDD98EE9AFF9488969990AA92BB9F55AD44AB77A966A711A500A333A122AFDDBDCCBBFFB9EEB799B588B3BBB1AABA66C877CE44CC55C222C033C600C411CAEED8FFDECCDCDDD2AAD0BBD688D499D977EB66ED55EF44E133E322E511E700E9FFFBEEFDDDFFCCF1BBF3AAF599F788F8891A981CAB1EBA10CD12DC14EF16FE18010A100C230E3200450254046706760B9839893FBA3DAB33DC31CD37FE35EF3B1029012F322D2323542145277625672EAB5CBA5A89589856EF54FE52CD50DC5E234C324A01481046674476424540544DBA7FAB79987B8975FE77EF71DC73CD7D326F2369106B01657667676154634564CD96DC90EF92FE9C876
:FF8ED90099E9898AB9ABA94458654806782768C018E1088238A3287DCB5CDB3FEB1EFBF98BD89BBBAB9ABB754A545A376A167AF10AD01AB32A923A2EFD0FED6CDD4DCDAABD8BADE89DC98D267C076C645C454CA23C832CE01CC10C1FEF3EFF5DCF7CDF9BAFBABFD98FF89F176E367E554E745E932EB23ED10EF01E0000891112239B322446AD573665BF74488CC19D5AAFD3BE6CCAE5DB7EE9F7F88110080193331A22A5562C47B7753E64C99C408DDBBF52AEEDDA64CBFFF976E802218B30100299132667AF763444BD554AADC3BC588ED19F6EEBE7FA7CC8F5D983310A2091121803A7772E66B5543C45CBBD42ACD99E508FEFFB66EAFDD874C904428D5316619F70B0
:FF8FD8002004A9153227BB364CCEC5DF5EEDD7FC6888E1997AABF3BA85520C4397711E60A1142805B3373A26CDDE44CFDFFD56ECE9986089FBBB72AA06638F7214409D512225AB343006B9174EEFC7FE5CCCD5DD6AA9E3B8788AF19B87730E6295501C41A3352A24B1163807CFFF46EEDDDC54CDEBB962A8F99A708B088481951AA793B62CC2A5D33EE1B7F04008C919522BDB3A644EED5F766DFF7C899400859BB712A6ADD224C3BFF136E0C1184809D33B5A2AE55E6C4FF77D7E6C0AA583B4188691972EE3A7F23CC0B5D14229CB38500AD91B666FEF7E744CFD5D8BB502A499961087AFF326E2BDD034C1C3394A28D11A580BE77F6E6EF55C7C4D0CC685D71EE597FE
:FF90D700F42880A1913AA3B3B2444ACD5B5669DF78600CE91D722FFB3E8DD604C79FF516E4A9902081BBB332A2C55A4C4BD7795E68E11C680DF33F7A2E0EE787F61CC495D52AA1A3B03882B193466BCF7A5448DD59622DEB3C700EF91F8FF706E69DD414C5ABB122A0B9923083C77B4E6AD5585C49E33D6A2CF11E780F0102030405060708090A0B0C0D0E0F10A22C59361064B21BC977A0032092E7111472093AD5A7F39E42B6ED91478B047300000000E87F04000100000038800400020000008480040003000000D880040004000000248104000500000038810400060000004C810400070000009281040004DD47DB7263BAE18CA7522AF84E1642943A8BF311E167
:8691D600C9257549F3670011754F7BA850E70C7186E3C0FF3B7B25FD8DD473874E0E4ADCB2446671CF67F7592C5DE20485D3F1866E8D1F2D9BE0A762884920C4DEE05AFBCE16EA30CACDFBE30DBE77A19F3A0C10ED44ECABEF86273C0B1D218BEE222D8C2A58018B72760C8B55CC447F000001020504033207760910111222222204033207760910111215
:0C925C0050880400008A040004F0DDFECD
:FF940000800721000132FF028C67010040063F00800721000032FF02304B010040063F00402EDEFE2557F9807F00402EDEFE855721817F0080072140BFFFF2FF60528A0D402EDEFE25CF21DFBFFFD8FFF505402EDEFE25CF15DFBFFFD4FFC252CAC9402EDEFE252F1DDF792F0100402E0200252F69681C3246294036DEFE662F1DDF27061CDFDDFE271F01000032FF0238520100402E0200852FA168612A8A0DE52F400020365FFF4629E52F2000FF0266FFFFFFE52F4000852EA000E52F20000032FF0276520100FF0266FFFFFF60529A0D402EDEFE25CF21DFFF024AFFFFFF850D402EDEFE25CF15DFFF0244FFFFFFC252CAC9392F01004036DEFE662F1DDFFF029C92
:FF94FF0070010040063F4080072140FF0220FFFFFF60529A0D402EDEFE25CF21DFFF0204FFFFFF850D402EDEFE25CF15DFFF02FEFEFFFFC252CAC9402EDEFE252F1DDF792F0100402E0200252F71681C3246294036DEFE662F1DDF27061CDFDDFE271F01000132FF0260510100402E0200852FB568612A8A0DE52F400020365FFF4629E52F2000FF0254030000E52F4000852EA000E52F20000132FF029E510100FF028EFEFFFF60529A0D402EDEFE25CF21DFFF0272FEFFFF850D402EDEFE25CF15DFFF026CFEFFFFC252CAC9392F01004036DEFE662F1DDFFF02C46F010040063F4080072140FF0248FEFFFF60529A0D402EDEFE25CF21DFFF022CFEFFFF850D402E86
:FF95FE00DEFE25CF15DFFF0226FEFFFFC252CAC9402EDEFE252F1DDF792F0100402E0200252F79681C3246294036DEFE662F1DDF27061CDFDDFE271F01000232FF0288500100402E0200852FC968612A8A0DE52F400020365FFF4629E52F2000FF028A020000E52F4000852EA000E52F20000232FF02C6500100FF02B6FDFFFF60529A0D402EDEFE25CF21DFFF029AFDFFFF850D402EDEFE25CF15DFFF0294FDFFFFC252CAC9392F01004036DEFE662F1DDFFF02EC6E010040063F4080072140FF0270FDFFFF60529A0D402EDEFE25CF21DFFF0254FDFFFF850D402EDEFE25CF15DFFF024EFDFFFFC252CAC9402EDEFE252F1DDF792F0100402E0200252F81681C32466F
:FF96FD00294036DEFE662F1DDF27061CDFDDFE271F01000332FF02B04F0100402E0200852FDD68612A8A0DE52F400020365FFF4629E52F2000FF02C0010000E52F4000852EA000E52F20000332FF02EE4F0100FF02DEFCFFFF60529A0D402EDEFE25CF21DFFF02C2FCFFFF850D402EDEFE25CF15DFFF02BCFCFFFFC252CAC9392F01004036DEFE662F1DDFFF02146E010040063F4080072140FF0298FCFFFF60529A0D402EDEFE25CF21DFFF027CFCFFFF850D402EDEFE25CF15DFFF0276FCFFFFC252CAC9402EDEFE252F1DDF792F0100402E0200252F89681C3246294036DEFE662F1DDF27061CDFDDFE271F01000432FF02D84E0100402E0200852FF168612A8A0D73
:FF97FC00E52F400020365FFF4629E52F2000FF02F6000000E52F4000852EA000E52F20000432FF02164F0100FF0206FCFFFF60529A0D402EDEFE25CF21DFFF02EAFBFFFF850D402EDEFE25CF15DFFF02E4FBFFFFC252CAC9392F01004036DEFE662F1DDFFF023C6D010040063F4080072100FF0268000000D5FD80072100FF02E0210100013A00320740FF025A430100FF02326301006052A205850540063F0080072100402EDEFE253728CA4132653728CAFF028EE30000FF02D8000100FF027C000100FF0242FF0000FF02F86201006052A205850540063F007F007F0080072100FF02403B000040063F0080072100FF02F839000040063F0080072100FF02383900C2
:FF98FB000040063F00800721000132FF02F0D8000040063F0080072100262F0100270608C1DE0EE729DA65262F0500403EDEFE672F15C5262F0900403EDEFE672F19C5262F0D00403EDEFE672F1DC5262F1100403EDEFE672F21C5262F1500403EDEFE672F2DC5262F1900403EDEFE672F25C5262F1D00403EDEFE672F29C5262F2100403EDEFE672F31C5262F2500403EDEFE672F39C5262F2900403EDEFE672F3DC5062F3000403EDEFE472F80C7062F3100403EDEFE472F81C7262F2D00403EDEFE672F35C5862F33000032C50D403EDEFE273F35C5C646FF00C8390142474700004132C63EFF00E539A1F5FF021E03000040063F0080072100FF02A4040000400668
:FF99FA003F0080072100FF028806000040063F008007214006C8FF0234070000F92E14004036DEFE263F31C5C53967070500263731C5C5314607080040063F4080072160402EDEFE252F1DC5E64614000648C44AC929054F0D004056DEFE2A5731C5C8510A470D00A8492A47010085CF0B00002A06D0C536FF00C6310750C651C831263700006A370000412AC536FF00C956FF00E6518BF5FF029AD20000402EDEFE252F19C5F9361400C629252F0D00602ADA051A30FF0268110000FF0284D20000402EDEFE252F31C5FA361400C629013245370F00005240063F6080072100FF023807000040063F0080072140402EDEFE252F31C5E63E1400C729A52F0900612A0661
:FF9AF900C8EA0D1930FF029E070000402EDEFE252F31C5F9361400C6294507090040063F40402EDEFE252F31C5E6361400C6290132453708007F00402EDEFE252F31C5E6361400C629450708007F008007214006C8FF02DED10000402EDEFE252F31C5F9361400C62925CF0500FF02D4D10000195040063F408007216067070100402EDEFE252F31C5E6461400C54128470500624206C8820DF9361400C629252F0500632A9A3D402EDEFE252F31C5F9361400C5318637110060324046DEFE28471DC5C20DF94E1400C929252F01000648C949C5495E4A674F01001928C42AC541C8D70C00E13704D3FF024AD100001930FF022E100000FF024AD10000402EDEFE252F78
:FF9BF80031C5F9361400C629013245370F001A5040063F60005240063F60402EDEFE252F31C5E6361400C629653F010000527F0080072100402EDEFE252F1DC5E64614000648C44AC929A52F0D00404EDEFE294F31C5C849A9470D00A8298500622AD6050042FF021A15000040063F00800721000142FF020A15000040063F0080072100FF02AE1B000040063F0080072100FF02201D000040063F00202E3B00662F0000202E7B00662F0200012A462F0500462F0600062A462F07007F0080072140613206C8FB0DFF026CD000001930FF02222000000AC8FF026AD00000195040063F40005240063F408007210000320638FF024807000040063F0080072100003A01B1
:FF9CF70032FF023607000040063F008007E17080FFD21E00CA19D080070A01402EDEFE25DF15C51A28F42F4002DB2985E701001C28C22A2606806A0200C53126EF01001C3080FFC8217D0741023D2F4102C5061C00E205013A0332FF02C8CF00001A28F42F4002DB29253709007D371102FC362800270640C5DDFEC6392537090067370100252F09003D371102C636B300E531E205013A0332FF028ACF00001A28F42F4002C5D93B2F0D007D2F8D02FC2E2800260640C5DDFEC5313B2F0D00662F21003B2F0D003D378D028600E531E205013A0332FF024ECF00000C2A7D2F5102402EDEFE252F15C51A30F4374002C629852F11000032C515403EDEFE273F19C5D946DA
:FF9DF600FF00F4474002C839273F0900074700008846800047470000413241CAE629CBED41D262D2F107F9FE002AB5154036DEFE263739C50538EC3F4002C7314607060046070700460708001F3A463F0400412A622AD1ED402EDEFEA52F81C70032D51D403EDEFE273F31C50640F4474002C83967070500470708004707090047070A0047070B004707100047070C00014247470F0047070D004132E629BBE54006FF708307E170002A05C88007A801402EDEFE25D715C5232F0100F42F4002DA29A5DF01001BE0C2E22606906A0200C6E13C37010085EF01001D28C22A2706806A0200C72925F70100262F0900C52E3C00662F09001B38C43A280620C7DDFEC741687C
:FF9EF5002F010026370900C6363D00E629E205013A0332FF020ECE00003C2F050025370900C6363C00653709001B38C43A280620C7DDFEC83967371100252F0900C52E3D00E531E205013A0332FF02D8CD00003C2F090025370900C6363C0065370900C4DA270620C7DDFEC7D97B372100252F0900C52E3D00E531E205013A0332FF02A4CD00001D3080FF861F7E0741023E2F4102C5061C00E205013A0332FF0286CD00000C2A7E2F5102402EDEFE252F15C523370100F4374002C629852F11000032C515403EDEFE273F19C5D946FF00F4474002C839273F0900074700008846800047470000413241CAE629CBED1D28C22A2606886A0200C62925DF0100232F010096
:FF9FF400F42F4002C5D1BAD7110000E2C51DDC2EFF00C22A1B30C53166070100FD3EC800280690C5DDFEC741C54168070100262F0100C506FF01E205013A0332FF02E6CC000041E2DC2EFF00E5D1ABE5232F0100412A632F0100232F0100622AF10753FE402EDEFEA52F81C7003295150638F43F40024046DEFE284F31C5C74969070500284731C5C741480708004132E629FBED4306FF708007214006C8FF029ACC0000402EDEFE252F1DC51930C432C62985370B00E63E14004046DEFE284719C5C741883F1300C23A280698710200C741A52F0900E52E1400403EDEFE273F15C5C539872F0100C22A2706806A0200C539272F0100E63E0C00404EDEFE294F39C5C927
:FFA0F30039873F0500252F15022847010068298A0DE62E0C00C929852F0900612ADA0DEC32C649893707006232F20DF939D20D193080FFE201950DEC32C649012A492F0800193080FF6204FF02FCCB000040063F408007E17006C8FF02DECB0000402EDEFE252F1DC51930C432C62985D70B00FA361400403EDEFE273F19C5C639FA360C004046DEFE28DF39C5DB3186370500E6C9A5E7090087EF1300EA2D193080FFE616FACE0C00DBC95907080048CA402EDEFE252F19C5FD361400C629252F0D00602A9A0D013A1A3080FF5E0F1C301D3880FF880FFA2E0C00C5D99B2F0700602A921D012A592F00001A3080FFCE010A3080FF1A10F50D402EDEFE252F31C5F93622
:FFA1F2001400C629852F0D00612ACA05193080FF760EFF0232CB00004006FF708007214006C8FF0214CB0000402EDEFE252F1DC51930C432C62985370B00E63E14004046DEFE284719C5C741883F1300C23A280698710200C741A52F0900E52E1400403EDEFE273F15C5C539872F0100C22A2706806A0200C539272F0100403EDEFE273F39C5252F1502284701006829AA0DEC32C639872F0900602ACA05193080FFE809FF02A4CA000040063F408007217006C8FF0286CA0000402EDEFE252F1DC51930C432C62985D70B00FA2E0C004036DEFE26DF39C5DB29852F0500E5C9CA05193080FF9A0CFA2E0C00DB29852F0700602AD20DFA2E0C00C5D9012A5B2F08001A0E
:FFA2F1003080FFB8000A3080FF040FFF023ACA000040063F70402EDEFE252F31C5E63E1400C729253F0500442A4046DEFE28471DC50648C44AC94188470B00E84E1400E8560C00405EDEFE2B5F39C5CB51AA6707004752406EDEFE2D6F19C5C969603AAD3F11002D4F0500CA05016A656F0100402EDEFE252F31C5E66E1400CD29016A456F0C00EC42C8598B2F0700465A612A9B0DCC49493700000A2F0000412A4A2F00008A2F0100E539DB05022A4B2F00007F00012A4B2F00007F00402EDEFE252F39C5E63E1400E6460C00C541084F070047424056DEFE2A5719C5C7512A3F0500875701005F4A005ACB66FF00C7610C6F01004C6F0000415ACB66FF00C96EFF0086
:FFA3F000ED61B1F5883F0100603A82155F3A483F0000EC32C629462AC706FF00CA0545070000C505013245370000402EDEFE252F31C5EA361400C62945070C007F0080072100402EDEFE252F25C5C629852F0100E332C731403EDEFE273F29C5C63987370100EC32403EDEFE273F39C5C63987370500053880FF080040063F008207E170402EDEFE25CF1DC50628C42AD92985470B004A2A404EDEFE294F15C5E73E1400C749893F0100C23A2906886A0200C749293F01000848C34A4056DEFE2A573DC5CA49895F0500294F01004066DEFE2C6739C5406EDEFE2DD731C5006A06D806E0F5151C70C472D9712E770500CD71C272C7712E77010263770100CD76FF00CE6C
:FFA4EF0071C97103E83DEF00006EEF0000416AED599BED0838C33AC751AA3F0700074E01008A5F0700EB39E14F043B4A3F0700FB4E1400DA49493F1000033A693F05001C38C43AD939C7C70C00A21D403EDEFE873F81C7E731C915E8360C00CC31863707006032920D85370100BFFF52FE0A3080FF9E0CD505EC42C8614C070800FB2E1400C5D19A2F0900612AEA0D1C28C42AD929252F0100602AF205C4E2DCC9392F0100E5C760F94206FF70BF07E170231E78FF002A63371D00951DC536FF00C232233E9000C63967070100233EC400C63967070100233E5C00C63967070100233E2800C63967070100412AC536FF006D32D6E5402EDEFE252F1DC5632F21002337E4
:FFA5EE001D00E63E14000640C442C541A8CF0D00402EDEFE252F31C5632F2500C539A72F0D00A5C988D70B001A28C32A404EDEFE294F3DC5C549A8DF0900402EDEFE252F39C549CF040008570800495706004907050049070700275701006957010047070E00014A474F0F0047071000FA3E0C00C539404EDEFE895781C7EA31E9570000675701004D4263471100FB3E14004046DEFE284715C5C74188E701001C38C23A2806806A0200C839FA4614004056DEFE2A5719C5C8518A47010063470500C2422B06906A0200C859894781C7E8318A4713002B370100633719002737010063371500C10520361000C51523371D00C432233F2100C73186370D00C6360100C25F
:FFA6ED0032270690710200C6392737010086361000233F1900274F0900073E0800E931CA0500EA0132C515633F91006337C50023EF0500C4EA260620C7DDFEDD3163375D0020EE3D0063EF290001EA003263370D00FA360C00C62923371D0045370400402EDEFE252F19C5FA361400C629252F0D00602ADA151B30083880FFE409003A1A3080FFAA09402EDEFE252F19C5FA361400C629252F0900252F00001F00402EDEFE252F15C5FB361400C629A52F0100632F0100232F0D00602AE20D402EDEFE852F81C723371D00E531E90500EA63EF090080075201232F010005D0C2D22606906A0200C6D12337150026371502633709003A370100263709006337F9003A3767
:FFA7EC000500263709006337FD003A37090026370900633701013A370100263F0900C73E3C00663F0900C42A280620C7DDFEC541683F0100262F0900C52E3D00E539E205013A0332FF02E6C400003A2F050025370900C6363C0065370900233F0100C43A280620C7DDFEC83967371100252F0900C52E3D00E531E205013A0332FF02AEC400003A2F090025370900C6363C0065370900233F0100C43A280620C7DDFEC83967372100252F0900C52E3D00E531E205013A0332FF0276C400001C3080FF581600D2D52DDA2EFF00C22A2336C400C531263F010023469000C541284F0100693F0100263F0100234E5C00C549294F0100693F0100233E2800C539282F010026CE
:FFA8EB00370100252F0100273F01004729E629E205013A0332FF0216C4000041D2DA2EFF00FD2991D5232F1D0005D0C4D2232F2100C5D13A2F050023371900662F0D00232F0500C42A270620C7DDFEC5393A2F0500672F05003A2F050044D226370D00C6363F00E531E205013A0332FF02C0C3000099003A2F0100C5C95FCA232F190065CF110023370500C432270620C7DDFEC63967CF0900252F1100C52E3F00E5C9E205013A0332FF0286C30000232F1D00C42A23372100C531A6CF0B00232F110085DF010000EA1DF0B545402EDEFE252F35C5D936FF00C629852F0100612AEA351C28C22A2606886A0200C629252F0100DE36FF003A3F0100C639C23AC729403E11
:FFA9EA00DEFE273F2DC5D946FF00C841C839E73F0100653F0100FC46C800290690C5DDFEC8493A470100C641C242C849693F0100252F01002539C706FF01E205013A0332FF02ECC2000041F2A50541EA41CADE2EFF00DD36FF00C629FB2986BD232F1D00E5361400233F2500C6390132673705004036DEFE863781C7E629B91523370100232F0500A629C22A260698710200C531262F010023370900053163370900852D232F19002537090086CE010065CF090023370500C432270620C7DDFEC63967CF0100252F0900C52E3D00E5C9E205013A0332FF025AC2000023370100232F0500A629C22A2336F800C53166CF0100232F0D00602AA20D402EDEFE852F81C723F7
:FFAAE900371D00E531E1071501232F010005C8C2CA2606906A0200C6C939370100263F09002046C3FF234FF90048490939663F0900C42A280620C7DDFEC541683F0100262F0900C52E3D00E539E205013A0332FF02DEC10000392F050025370900203EC3FF2347FD004741083165370900233F0100C43A280620C7DDFEC83967371100252F0900C52E3D00E531E205013A0332FF029EC10000392F090025370900203EC3FF234701014741083165370900233F0100C43A280620C7DDFEC83967372100252F0900C52E3D00E531E205013A0332FF025EC10000232F0900C5060002E205392F0100013265370100232F0900C5060004E205392F0500013265370100232F8C
:FFABE8000900C5060008F20D392F0900013265370100231E88007F06FF70012A23371900662F0100231E88007F06FF70402EDEFE252F31C5E63E1400C729253F0500442A633A8A25403EDEFE273F1DC50640C442C839873F0D00C7060100D20DC7060100E2154046DEFE884781C7E831810DC7060800DA05013A653F01007F00650701007F00623ACA050132653701007F008D07E170402EDEFE85CF81C70628C42A86C9D93EFF00C23A4046DEFE28471DC5C541882F0B00632F0500E52E1400404EDEFE294F19C5C54989D701001A28C22A2906906A0200C54929DF0100A82F0900E5461400404EDEFE294F15C5C84989E701001C40C2422906806A0200C8492947013E
:FFACE700003B4F1D004056DEFE2A5721C5C7512A3F0100E74963370900E207390228371502633701004036DEFE263715C5E52E1400C531A6EF01001DF0C2F22506906A0200C5F13E2F0100252F0900632F0D003E2F0500252F0900632F11003E2F0900252F0900632F15003E2F010025370900C6363C00653709001D38C43A280620C7DDFEC74168370100252F0900C52E3D00E531E205013A0332FF0298BF00003E2F050025370900C6363C00653709001D38C43A280620C7DDFEC83967371100252F0900C52E3D00E531E205013A0332FF0262BF00003E2F090025370900C6363C00653709001D38C43A280620C7DDFEC83967372100252F0900C52E3D00E531E2053F
:FFADE600013A0332FF022CBF00001C3080FF0E119900C2CA402EDEFE253721C5D931263701007B371D00C4D2260620C7DDFEDA31253F21C5D939273F0100663F0D00252F21C5D929252F01003B371D00C636FF01E531E205013A0332FF02D8BE00003E2F010025370900203EC3FF23470D0047410831653709001D38C43A280620C7DDFEC74168370100252F0900C52E3D00E531E205013A0332FF029ABE00003E2F050025370900203EC3FF2347110047410831653709001D38C43A280620C7DDFEC83967371100252F0900C52E3D00E531E205013A0332FF025CBE00003E2F090025370900203EC3FF234715004741083165370900C4EA270620C7DDFEC7E97D37212C
:FFAEE50000252F0900C52E3D00E531E205013A0332FF0220BE0000232F0100C5060002E2053E2F0100013265370100232F0100C5060004E2053E2F0500013265370100232F0100C5060008E2053E2F0900013265370100402EDEFE252F31C523370900E63E1400C729013A453F0900402EDEFE252F39C523470500EC42C829453F0800BFFF34F64D06FF708107E1700628C42A403EDEFE27471DC5C541A8CF0900F9461400404EDEFE294F15C5C84989470100C2422906806A0200C84929470100404EDEFE29D731C528471502273F1DC5C53987DF0B00FB2E1400403EDEFE273F19C5C539872F01000540C2422906906A0200C8492947010087E71300283F0900C73E9B
:FFAFE4003C00683F0900C42A270620C7DDFEC539282F0900C52E3C00672F0100282F0900C52E3C00283F0900C73E3D00E72906E806F0E205013A0332FF02FABC00001E3080FF5208402EDEFE252F39C5FB360C00C62945070800402EDEFE252F19C5FB361400C629252F0D00602A9A0D013A1B3080FFC40019301C3880FFEE00FD2E1400C5D15A0708007A0705005A0709004106FF70402EDEFE252F1DC50638C43AC729852F0B00E53E1400E5460C00404EDEFE294F39C5C941A85707004742405EDEFE2B5F19C5C7592B3F0500005A951D0760CB618C670100EC31AA155F5248570000850D0760CB610C6F01004C6F0000415ACA66FF00EC59E1F5CA5EFF00415ACAB3
:FFB0E30066FF00EC59D1E5403EDEFE273F31C5E6361400C63947070C00EC2AC549464A882F0100602ACA05490700007F00012A492F00007F00402EDEFE252F19C5E6361400C629252F0900613A8A0D0537000086368000453700007F0085370100C6367F00453700007F00402EDEFE252F15C5E6361400C629252F0500C739C729E5370100C636FFEF65370000252F00001F007F00402EDEFE252F1DC50648C44AC929A54F0D00A52F0B004056DEFE2A5731C5005AF52D4066DEFE2C672DC5C56EFF00CD69CD61EC670100CC663F00EC39FA1D405EDEFE2B5F35C5C566FF00CB618C5F01004C470000EB41BA0509589515E65E1400CA59AB670D004D5A6042EA054162E5
:FFB1E2004B6700000958C5055F62B5FD412A415ACB66FF00EC49FBCD7F00BF07E170231E7CFF002A63371500951DC536FF00C232233E8C00C63967070100233EC000C63967070100233E5800C63967070100233E2400C63967070100412AC536FF006D32D6E5402EDEFE252F1DC5632F1D0023371500E63E1400C432C531A62F0D004046DEFE284731C563472100C839A7470D00A829632F0D0086CF0B001940C342404EDEFE29D73DC5C8D1A6DF09004046DEFE284739C55A2F0400062F08005A2F06005A0705005A070700272F01007A2F0100072F0A005A2F050047070A00BA2F05009A3F0700E728C5293A3F0100C5397A3F0100F92E0C00C82965070100862F0DFD
:FFB2E100004D326337090045D2F9361400403EDEFE273F19C5C6398737010063371900C2322906906A0200C6492937010063371100C52E0100C22A290690710200C549292F0100873F1300FB4E14004056DEFE2A5715C5C9518AE701001C48C24A2A06806A0200CA4929EF0100264F090006360800852E1000E929CA0500F2012AC51563378D00632FC10023F71900C4F2250620C7DDFEDE29632F590020F63D0063F7250001F2002A632F0500F92E0C00C541232F1500482F0400402EDEFE252F19C5F9361400C629252F0D00602ACA151B30BFFF9AFD003A1930BFFF60FD402EDEFE252F19C5F9361400C629252F0900252F00001F00232F0500602AD20563DF01007A
:FFB3E00080075A013D2F1502632F0100402EDEFE252F15C5FBDE1400DB29A5DF01001BC8C2CA2506906A0200C5C9392F0100252F0900632FF500392F0500252F0900632FF900392F0900252F0900632FFD00392F010025370900C6363C00653709001B38C43A280620C7DDFEC74168370100252F0900C52E3D00E531E205013A0332FF02B8B80000392F050025370900C6363C00653709001B38C43A280620C7DDFEC83967371100252F0900C52E3D00E531E205013A0332FF0282B80000392F090025370900C6363C00653709001B38C43A280620C7DDFEC83967372100252F0900C52E3D00E531E205013A0332FF024CB800001C3080FF2E0A00CAD52DD92EFF00C247
:FFB4DF002A2336C000C531263F010023468C00C541284F0100693F0100263F0100234E5800C549294F0100693F0100233E2400C539282F010026370100252F0100273F01004729E629E205013A0332FF02ECB7000041CAD92EFF00FE2991D5232F150005C8C4CA232F1D00C5C9392F05009A370100C62923371100662F0D00233F1900C43A280620C7DDFEC741682F050044CA26370D00C6363F00E629E205013A0332FF0298B70000232F0D00850039370100C6295F2A23371100662F1100233F1900C43A280620C7DDFEC741682F090026371100C6363F00E629E205013A0332FF025AB70000232F1500C42A23371D00C531A6D70B00232F090085EF010000F29545E1
:FFB5DE00402EDEFE252F35C5DA36FF00C629852F0100612ACA351C28C22A2606886A0200C629252F0100DE36FF00393F0100C639C23AC729403EDEFE273F2DC5DA46FF00C841C839E73F0100653F0100FC46C800290690C5DDFEC84939470100C641C242C849693F0100252F01002539C706FF01E205013A0332FF02C2B6000041F241D2DE2EFF00E5E9DBBD402EDEFE252F31C523371500E6361400C629252F0500602ABA0D232F1500E52E140023372100C531012A662F0500232F0500602AEA070B01DB2EFF0005D0C2D22606906A0200C6D13A370100263F09002046C3FF234FF50048490939663F0900C42A280620C7DDFEC541683F0100262F0900C52E3D00E593
:FFB6DD0039E205013A0332FF0232B600003A2F050025370900203EC3FF2347F9004741083165370900DB3EFF00C43A280620C7DDFEC83967371100252F0900C52E3D00E531E205013A0332FF02F2B500003A2F090025370900203EC3FF2347FD0047410831653709009B00C4DA270620C7DDFEC7D97B372100252F0900C52E3D00E531E205013A0332FF02B4B50000232F0100C5060002E2053A2F0100013265370100232F0100C5060004E2053A2F0500013265370100232F0100C5060008E2053A2F0900013265370100012A23371100662F0100392F010023371100662F0D00232F1900C42A270620C7DDFEC539392F0100672F0500392F010026370D00C6363F004D
:FFB7DC00E531E205013A0332FF0232B50000232F11002537110065371100233F1900C43A280620C7DDFEC74168370900252F1100C52E3F00E531E205013A0332FF02FEB40000231E84007F06FF70402EDEFE252F1DC5C432C62985370B00E6361400403EDEFE273F19C5C63987371100C631A52F0900E52E1400403EDEFE273F15C5C539872F0100C22A2706886A0200C539272F0100C629255600017F0082072100402EDEFE252F1DC50638C43AC539A7470900E8461400404EDEFE294F15C5C84989470100C2422A06806A0200C851873F0B00E7461400405EDEFE2B5F19C5C859EC3A4046DEFE284739C5C741883F0500C43AC729C5C70C008B2F1300A93F01002AFD
:FFB8DB004701008A45404EDEFE894F81C7E931A93D28371502014A684F0D02C22A280698710200C829252F010025284531C6060002C20D0728C22A2806906A0200C829252F0100014265470100C6060004C20D0728C22A2806906A0200C541282F0500014265470100C6060008F22DC23A2506906A0200C729252F090001426547010042063F008036FFFF63370100233701005F32633701000530C232270698710200C731283F1502263701006639D205233701006032CAED232F0100602AEA05013A0232FF027AB3000042063F008707E170603A202E1800203E1200E72F24CB402EDEFE252F15C5F4374002C62985D701001A30C2322706806A0200C63927DF0100F9
:FFB9DA003BE71502A5EF01003B2F8D02E5C9E207ED011DF0C2F22506906A0200C5F13E2F0100252F0900632F01003E2F0500252F0900632F05003E2F0900252F0900632F09003E2F010025370900C6363C00653709001D38C43A280620C7DDFEC74168370100252F0900C52E3D00E531E205013A0332FF02CAB200003E2F050025370900C6363C00653709001D38C43A280620C7DDFEC83967371100252F0900C52E3D00E531E205013A0332FF0294B200003E2F090025370900C6363C00653709001D38C43A280620C7DDFEC83967372100252F0900C52E3D00E531E205013A0332FF025EB200001A3080FF40047BCF8D02FA2E2800260640C5DDFEC53166CF21003BC9
:FFBAD9002F8D028500E5C9E205013A0332FF0230B200003E2F010025370900203EC3FF2347010047410831653709001D38C43A280620C7DDFEC74168370100252F0900C52E3D00E531E205013A0332FF02F2B100003E2F050025370900203EC3FF2347050047410831653709001D38C43A280620C7DDFEC83967371100252F0900C52E3D00E531E205013A0332FF02B4B100003E2F090025370900203EC3FF234709004741083165370900C4EA270620C7DDFEC7E97D372100252F0900C52E3D00E531E205013A0332FF0278B10000DC060002E2053E2F0100013265370100DC060004E2053E2F0500013265370100DC060008E2053E2F09000132653701004706FF70D2
:FFBBD800002AD53D0530E8374402270640C5DDFEC6390530C2322806806A0200C64128370100264711026747010026475D0267471100264761026747150026476502674719002647690267471D0026478D0267472100003A95150540E8474402290640C5DDFEC8490740C242C849C6412847450269470500413A633AF1ED412A622AB1C5002A85250530C2322706886A0200C63927370100003A95150540E8475802290690C5DDFEC8490740C242C849C6412847010069470100413A20463200E839D1ED412A622A81E5002A85250530C432270620C7DDFEC6390530C2322806906A0200C64128370100264709006747010026470D0067470500264711006747090026D8
:FFBCD700371D0067370D00412A662A81E57F006032AA1D002A0550F50D0530C2322706806A0200C63927370100263741026032E1571453412ACA06FF00EA07ED01622AD1ED8007E4016132C20500528007DA01002A0550D5750530E8374402270640C5DDFEC6390530C2322806806A0200C6412837010026471102273F0100E741CA450538E83F4402280640C5DDFEC741263F5D0228471100E839FA350538E83F4402280640C5DDFEC741263F610228471500E839AA2D0538E83F4402280640C5DDFEC741263F650228471900E839DA1D0538E83F4402280640C5DDFEC741263F690228471D00E8398A150538E83F4402280640C5DDFEC741263F8D0228472100E8396B
:FFBDD600BA05003AF5150152003AC5150540E8474402290640C5DDFEC8490740C242C849C64128474502294F0500E941E1571453413ACA06FF00BA05633A91ED412ACA06FF00BA05622A818D002A852D0530C2322706886A0200C63927370100003AE5150540E8475802290690C5DDFEC8490740C242C849C64128470100294F01002941C806FF01E1571453413ACA06FF00DA0520463200E839D1E5412ACA06FF00BA05622AD1D5002AB53D0530C432270620C7DDFEC6390530C2322806906A0200C6412837010026470900273F0100E741DA250538C43A280620C7DDFEC741263F0D0028470500E8399A1D0538C43A280620C7DDFEC741263F110028470900E839DA38
:FFBED5000D0538C43A280620C7DDFEC74126371D00283F0D00E731A2050152412ACA06FF00BA05662AA1C58A007F0082072100C2322506806A0200C629252F0100013265370D028036FFFFC505233701005F326337010025371502C606003ED205233701006032BAF5232F0100602AEA05013A0232FF02D0AD000042063F0080072170402EDEFE252F15C5E6361400C629A5CF010085D701001A28C22A2606806A0200C531262F0100252F1502682F010019D8C2DA2506906A0200C5D93B2F0100252F0900672F01003B2F0500252F0900672F05003B2F0900252F0900672F09003B2F010025370900C6363C00653709001938C43A280620C7DDFEC74168370100252FA5
:FFBFD4000900C52E3D00E531E205013A0332FF0234AD00003B2F050025370900C6363C00653709001938C43A280620C7DDFEC83967371100252F0900C52E3D00E531E205013A0332FF02FEAC00003B2F090025370900C6363C0065370900C4CA270620C7DDFEC7C979372100252F0900C52E3D00E531E205013A0332FF02CAAC00001A30BFFFACFE40063F708007A170402EDEFE252F15C5E6361400C629A5CF010000D208D807E09535DA2EFF00C22ADC29253701006032822DDA36FF00D9310638C23A2806906A0200C839273F010027470900252F0100204EC3FF4929054167470900C432250620C7DDFEC62965470100272F0900C52E3D00E541E205013A0332FF7F
:FFC0D3000244AC000041D2DA2EFF00632AD6CD002AA51DC536FF00C232270698710200C639273701007B31E20DC536FF00D931C2322706906A0200C63927370100013A663F0100412AC536FF006332C6E54006BF70800721006032BA0D014A0742003A20365000FF02E2AB000040063F00202E3B00662F0000202E5000662F0200012A462F050046070600062A462F070040063F0082072160402EDEFE852F05F0612ABA05064AC5056032BA0D014A003A203650000740FF0292AB000042063F60262F010027060001D40EE729C205204EEF00E5ED402EDEFE653791C7262F0900403EDEFE672F95C7262F0D00403EDEFE672F99C7262F11004036DEFE662F9DC700524F
:FFC1D2000AC8E50DD936FF000628C22A270688C7DDFEC5396707010080FFF40441CAD906FF00CA05CA06FF00E2ED00CAD525D92EFF000530F43740022706A0C7DDFEC639013267370100670705004707080067070D0067071100FC2F40024036DEFE263795C7C531862F0100612ADA05D936FF0080FF820641CAD906FF00CA05CA06FF00F2D5002AA50DC536FFFF270684C7DDFEC63947070000412AC536FFFF6432C1F500CA0AD0D515052A632F0100D936FF000340003A0748FF022C1E00006052F20501D21A301A38FF027EAA000041CAD906FF00CA05DA06FF00F2E5DA06FF00CA05013280FF200442063F608007216006C807D00D321938FF02521200006052AADF
:FFC2D10075F92E14002606A0C7DDFEC531262F0100612AC20D064A0D42003A20365000FF0228AA0000015240063F6019301A3880FFA0077F52BA05084AF5ED402EDEFE252F99C71930C332C629252F0500F9361C00403EDEFE274795C7C641A8470100273F95C7C63987370300F93E14002906A0C7DDFEC74969570D000638C43AE8461C0029069C6B0200C84929470500C741F4574002CA29253F0500683F0100C4CA2706B8C7DDFED9392547050067470100C53229470D00C64125570900685701002547090067470D0029470D00C64125370D0068370500252F0D00672F0900005240063F60015240063F608007216006C807D00E321938FF02541100006052C20565
:FFC3D000015240063F6019301A3880FFC6067F52B2050052F5F5084A0E42003A20365000FF0228A90000D5ED8007216006C807D00F321938FF02161100006052CA7DF92E14002606A0C7DDFEC531262F0100612ABA0DF92E14002606A0C7DDFEC531262F0500602AC20D064A0F42003A20365000FF02D8A80000015240063F6019301A3880FF8E067F52BA05084AF5ED402EDEFE252F99C71930C332C629252F0500F9361C00403EDEFE274795C7C641A8470100273F95C7C63987370300F93E14002906A0C7DDFEC74969570D000638C43AE8461C0029069C6B0200C84929470500C741F4574002CA29253F0500683F0100C4CA2706B8C7DDFED93925470500674701A8
:FFC4CF0000C53229470D00C64125570900685701002547090067470D0029470D00C64125370D0068370500252F0D00672F0900005240063F60015240063F608007216006C804321938FF02061000006052BA65402EDEFE25D795C7F92E1C00DA29A52F0300602A825DFF0248A80000F92E14002606A0C7DDFEC531262F1100602ADA3DF92E1C00C5D1BA2F0100E52E1C0026069C6B0200C531262F1100053700008636800045370000BA2F0100C22A260688C7DDFEC531262F0100412A662F01003A2F15000537000086368000453700003A2F0D000537000086368000453700003A2F11000537000086368000453700003A2F1100252F00001F00F92E14002606A0C785
:FFC5CE00DDFEC531262F1100412A662F1100FF02AEA7000040063F608007216006C805321938FF022A0F00006052CA6D402EDEFE25D795C7F92E1C00DA29A52F0300602A9265FF026CA70000F92E14002606A0C7DDFEC531262F1100602A9255F92E14002606A0C7DDFEC531262F11005F2A662F1100262F1100602AAA45F92E1C00DA29A5370100C232270688C7DDFEC731264701005F4266470100A52F01000530C232C639273701006032FA0DE52E1C0026069C6B0200C531262F110085370100C6367F0045370000F92E1C00C5D13A2F150085370100C6367F00453700003A2F0D0085370100C6367F00453700003A2F110085370100C6367F0045370000FF02C0DD
:FFC6CD00A6000040063F60402EDEFE453704F07F008207216006C8402EDEFE252F91C725D70500052A632F0100F92E1C0026069C6B0200C531262F050025368C0003480042083AFF02401A00006052DA0D052A632F0100004A0340013A1930FF028C1900006052A20D01CA19301938FF02DEA50000195042063F60F92E1C0026069C6B0200C531262F0500013A653FFD04262F0500650775041928C52ADA29253F050026470500683FA500252F090026370500662F8500002AF5151930C532DA31263715000538C23AC731F9461C0029069C6B0200C84929470500C8392637010067379103412A1930C532DA3186370100E629C1E5002AD515F9361C0027069C6B0200F0
:FFC7CC00C639273705000538C23AC7311940C542DA41C741283F0D00663F9D00412A1930C532DA31A6370100E629E1E5002A0530C53D854E0001684F99000042F52DF94E1C002A069C6B0200C9512A4F09000858C45ACB491960C562DA612C6719000668C46ACD612C6F0100696F01002A4F0900CB492C6F0500696F05002A4F0900CB492C6F0900696F09002A4F0900C9592C4F0D006B4F0D00413241426F42DB05E74F0100E931D1CD412A1938C53ADA39E7470300423AF94E1C002A069C6B0200C951E8312A470500E1B568079900F92E1C0026069C6B0200C531262F1100853F0100C73E7F00453F0000262F1100052F00001F00005242063F608407E17006C8404E
:FFC8CB002EDEFE25D795C7F92E1C00DA294036DEFE26DF99C7A5E7010085EF0300052A632F050063070100234E040001421C301938FF02F61700006052A20D01CA19301938FF020AA4000019504406FF70FC2E1C0026069C6B0200C531262F05001D38C43AC7291938C33AC7D93B3F050027470500654701001928C42A2806B8C7DDFEC541272F0500682F0100262F0D001D48C54AC92927570D0065570500272F0D00682F0900262F0D00C9292737090065370100272F0900682F0D00002AC5454036DEFE26379DC70538F83F4002C639A73F0500E7C9FA350538F83F4002C63987471100C242FC4E1C002A069C6B0200C951273F0D000548F84F4002C931264F15003F
:FFC9CA00633A2A3F05008A15C7410538EC3F4002684FB9002806C8C7DDFEC7412637150068370100F50DC7410538EC3F4002684F19012806C8C7DDFEC7412637150068370900412A642AC1BDFC2E1C0026069C6B0200C531262F05001D38C23AC729F93E1C00C7D13A3F0900653F0104262F0500C4EADD293A3705008636010065370500C4CA2506B8C7DDFED9293A37050086360100653705003A2F150085370100C6367F00453700003A2F0D0085370100C6367F00453700003A2F110085370100C6367F00453700003A2F1100252F00001F0000524406FF70C332402EDEFE254799C7C64128470500252F99C7C629E52F030000321F52B50D0648F44F4002C849E959
:FFCAC9004F0300E939E65724534132E531B9057F52B2F57F00C332402EDEFE254799C7C64128470500252F99C7C629E52F030000321F52D50D0648F44F4002C849894F0100C75EFF00E959E65724534132E531B9057F5292F57F008207A170052A632F0100202E5400E53106C8C10D0B4A20461400003A20365000FF02D8A1000001D2B52D1906ADFF20D6400020DE1000FBD724DB00D21AE0951D402E0200252FA16BDC36FF00C432C629252F0900C5060100BA0D0C4A20461400003A20365000FF0292A1000001D241E2DC2EFF00652ACF05DA06FF00A2E5DA2EFF00612AE27D204E14000340013A0032FF02041500006052EA6D40D602003AD7A16B012A7A2FFD04B0
:FFCBC800204E14000340023A0032FF02E21400006052DA5D40D602003A2FA16B2036757565377D0480368A8A65377D04043265376D043AD7A16B1928D02A7A2F690440D6DEFE7ACF8DC7DBD6FF0000CA1A3019381940FF02741700001A301938FF02A215000060529A15DB36FF00003A0740FF024C16000060528A0DDB36FF000142003AFF023A1600000AD0DB36FF0000CA19381940FF0234170000402E0200252FA16B65076D04204E14000340013A1930FF023E1400006052BA0D204E14000340053A0032FF022A1400006052F20501D21A301A38FF027CA00000402EDEFE65078DC7402EDEFE450704F0DA56FF004206BF7080072140402EDEFE852F05F0612A06C5
:FFCCC700C8BA050052B50D054A20461100003A20365000FF023EA00000015261CAB30D0D4A20461100003A20365000FF0226A0000001526152920D60CADA0580FF100040063F4080FF4E0240063F408007016000520A284036DEFE263791C726370500C53EFF000740C542C6410748FC4F40022B069C6B0200C9592B4F0500294F850028470900E849E15714532B4705002847FD046142FA0DC546FF00FC47400229069C6B0200C84929470500284775046042A2050152CA46FF006142E2075101004285150758C55AC6590860C262CC59CC49294F9D002B5F0D00EB49E15714534142C54EFF00FC4F40022B069C6B0200C9590748C54AC649A94F0100E9412B4F050043
:FFCDC60091E529479900C8060001E157145300420848C575C566FF00FC6740022D069C6B0200CC692D6705006C4F99000062F55D0768C56AC6692D6F19000870C472CD71C5CEFF00FCCF40023A069C6B0200D9D13ACF09000CD0C4D2DAC939CF01002E770100EEC99A450870C472CD71C5CEFF00FCCF40023A069C6B0200D9D13ACF09000CD0C4D2DAC939CF05002E770500EEC9BA2D0870C472CD71C56EFF00FC6F400239069C6B0200CDC9396F09000CC8C4CACDC9396F09002ECF09004872F969CA15C56EFF00FC6F400239069C6B0200CDC9396F09000CC8C4CACDC9396F0D002E770500EE69A2050152414241626F62DB05EB6F0100ED41D19D414A0758C55AC6B7
:FFCEC50059EB670300425AEC41E185CA46FF006142923D0740C542C641C54EFF00FC4F40022B069C6B0200C9592B4F0500294FA50028470500E849E15714530042C51D0748C54AC649C55EFF00FC5F40022C069C6B0200CB612C5F05000860C262CC592B5F9103294F1500CC49294F0100E959E157145341420748C54AC649894F0100E941F1DD412AC506FF00F207CDFD8A0040061F608007E17000CA19D080077C01DADEFF001B28FC2F40024036DEFE263F95C7C539A7E70100263795C7C53186EF0300FF02F69D00001D28C42AFC361C0027069C6B0200C63927370500C531262F0100C4DA2606B8C7DDFEDB3126370100E6299A1DDA2EFF00C42A2606B8C7DDFE41
:FFCFC400C531FC2E1C0027069C6B0200C539272F05001D38C43AC729252F050026370500E629A20501CADA2EFF00C42A2606B8C7DDFEC531FC2E1C0027069C6B0200C539272F0D001D38C53AC729252F050026370900E6298A1DDA2EFF00C42A2606B8C7DDFEC531FC2E1C0027069C6B0200C539272F0D00C5EADD29252F010026370D00E629A20501CAFF02409D000000DAF53D402EDEFE25EF9DC7FF02209D00001B28F82F4002DD29A52F0500DA36FF00E531AA2D1B28F82F4002C5E99D2F1100C22AFC361C0027069C6B0200C6393D370D002806C8C7DDFE6332273705001B38EC3F40028A0DC741C629252FB90028370100F505C741C629252F190128370900E6CA
:FFD0C30029A20501CAFF02C29C000041DA63DACB05D906FF00E2BD41D2DA06FF00F20785FE00D2F51DFF02949C0000DA2EFF000530C2322706B4C7DDFEC639FC2F400226069C6B0200C531262F050025DF890027E70100FF02749C0000FCD9E1CF14CB41D2DA06FF00CA05D906FF00D2DDD956FF004006FF708007214025067D6B0200C62985CF0100002A0538A51DF9461C0029069C6B0200C849294705000550C252CA412847B9008142294F0500C9512A4FD900834A4849C94601000839412A682AE1E5603A8215F92E1C0027069C6B0200C539272F1100E52F0100C52E8010050600F0820D01320638FF026C9B000040063F40402EDEFE252F91C7252F0500C53274
:FFD1C200C629252F1D00F9361C0027069C6B0200C63927371500263701004531E629BA0DF9361C0027069C6B0200C63927371900662F010020360001F937C0000042023AFF0236050000F92E1C0026069C6B0200C531262F0500253F8D00653F8D00262F0500252F8D001F0040063F40800721000032BFFF04FF40063F0080072140402E0200252F956CC62985370100E6CE1C00402EDEFE252F95C7C5C9993F0300B9470100E8461C0029069C6B0200C84929470500C741883F610441CA603AD20DE63E1C00C729252F1100E52F0100C52E8010050600F0820D01320638FF027A9A000040063F40FF0214030000992F0100E52E1C0026069C6B0200C629252F050025B9
:FFD2C1003F8D00653F8D00992F0100E52E1C00C531262F0500252F8D001F0040063F40800721000032BFFF56FF40063F0080072170402E0200252F956CC62985CF0100F92E1C004036DEFE263795C7C62985D703001A38C43AA5DF0100FB2E1C0028069C6B0200C541282F0500C729252F0500882A28470500C741283F0D004539C706FF00D20DF92E1C00C531262F1500E52F0100C52E8010050600F0820D01320638FF02B699000040063F70FB2E1C0026069C6B0200C531262F05001A30C432C629252F0D00C50608008235FF02D6990000F92E14002606A0C7DDFEC531262F0100602A8A25F92E14002606A0C7DDFEC531262F0500602AEA15F92E14002606A0C721
:FFD3C000DDFEC531012A462F0800662F010066070500FF029C9900001930FF0214A20000C505FF028C990000FB2E1C0026069C6B0200C531262F0500C4D2DA2965070D00262F0500253F8D00653F8D00262F0500252F8D001F0040063F70800721000032BFFFCEFE40063F0080072100003280FF360140063F0080072100003280FF280140063F0080072100003280FF3E0140063F0080072100003280FF300140063F0080072100402EDEFE852F05F0602A9A0D054A0942003A20365000FF029E98000040063F0080072100402EDEFE852F05F0602A9A0D054A0A42003A20365000FF027A98000040063F0080072140402EDEFE852F05F0602AB20500CAB52D054A0CEB
:FFD4BF0042003A20365000FF025298000040063F40D92EFF00F42F40022606A0C7DDFEC531262F05005E2A632ABB15D936FF000C3AC12AE506F8D40200C505B505E505D505FF0208080000C505FF02AA0A000041CAD906FF00E2DD40063F4080072100402EDEFE852F05F0602A0640BA0D054A003A20365000FF02E4970000015240063F00603ACA0D402EDEFE252F95C7E7361C00C629852F0100602ABA05044A95ED005240063F0080072100402EDEFE852F05F0602A9A0D054A0142003A20365000FF029A97000040063F0080072100402EDEFE852F05F0003A602A0640AA0D054A084220365000FF027497000040063F002036FF0F80FF860140063F008507E17077
:FFD5BE00E62E1C00403EDEFE274795C7C541A8CF0100273F95C7C539872F0300632F0100C22AF93E1C0028069C6B0200C741283F0D00C53928470500C829252F2104C5060400272E005B632F050006D0E20501320638FF0206970000F92E1C0026069C6B0200C531262F050023370100C232C5311B2A662F210400DAA56DF92E1C003C069C6B0200C5E13C2F05002337010006E8C2EADD292036071F65372104232F050025F70100DE36FFFF8832FF02E29E00003C2F0500C5E9202EFF007D2F4104DE2E070083F2622AAA45002A0530F52D403EDEFE273F9DC70540F8474002C741284701006142AA250540F8474002C741A8470500E8D1AA1D0540F8474002C741285F
:FFD6BD00470D006142AA150540F8474002C7412847150094423E41C8060F00FA050530F8374002C63987371100412A642A91D5F92E1C0027069C6B0200C539272F0500C232C62980360FFF6537790141DADB2EFF006F2AAF15F92E1C0026069C6B0200C531262F050023370100C232C531262F2104C5060100B2854506FF708007217000CA07D006D8A535402EDEFE252F9DC71930F8374002C531403EDEFE273F95C7264701006042A6470500FA1DE84E1C00C749094F03003A49C9060200EA15E8461C00C8391940F8474002C829252F0D00632AA73F01009A0D202E0001E72FC0007B29B20580FF0E0041CA64CAE1CD40063F70A207A170E72E1C0028069C6B02000A
:FFD7BC00C541282F050086471100C242C829804607FF6547D900262F1500882AC52E070000DA612A07C806D0CA0504E280076201622ACA0508E280075801632ADA0520E6100080074C01642ADA0520E6200080074001652ADA0520E6300080073401662ADA0520E6400080072801672AE2E70000C7E280071C01F92E1C0026069C6B0200C531262F05009A3711000638C23AC539272FD900C5060400821DF92E1C0027069C6B0200C539272F0500C232C531802E0BFF662FD900074A20461000003A20365000FF029A940000F92E1C0026069C6B0200C531262F0D009A3F1100C73AC729252F092B263F0D009A471100C742C839274F012B263F0D009A471100C742C838
:FFD8BB0039273F052B9C3A2806E5710200C741884701003A3F1500843AC73E07002A06F5710200C7518A3F0100E839E83F363B433A823A26370D009A571100005AF50D0B60C262236E0400CC690A70C772C671CC712E670D2B6D670100415AE75991F5F9361C0027069C6B0200C639273705009A3F1100C23AC731203EFF00663FF900632F0100233E04001A3080FF3A0041DAF92E1C0026069C6B0200C531262F05009A371100C232C629252FD900C50601008A0DDB2EFF00DC36FF00E629F107BDFE6206BF708A072100232F1900C5060400E205402E0040632F0D00E50563070D006842A30508422506FFFFFF9F4549232F0D000929632F0D00262F0800632F10005A
:FFD9BA00062F0500432F1200633F010063470800033823360C00FF028E9B00004A063F008007217006C807D0F92E14002606A0C7DDFEC53126DF010003321938FF0224FBFFFF6052BA2564D2B90D62DABA0562D2F10560DA8A151A2EFEFF612ACB0D064A0342003A20365000FF02F6920000015240063F70FAD9CA1560D2BA05013A950D61D2A21562D2C205005240063F70033A1930FF02C09B0000005240063F7061DADA0563D2BA05023AC5F560D2D20D5FD260D29215033A193061D29A4580FF4602005240063F70033A193080FF8402005240063F70FF02D2920000F92E14002606A0C7DDFEC531262F0100602ACA15F92E14002606A0C7DDFEC531262F050060FB
:FFDAB9002AAA0DF92E14002606A0C7DDFEC531012A662F0500FF02A0920000F92E14002606A0C7DDFEC531862F0900602AEAAD033A193080FFC604005240063F7080FFEC01C5A58607E17006C807D0203615001938FF0210FAFFFF6052C23501DA61DAE2079F0140DEDEFE3BDF95C7F92E1C00C5D99BE70300BBDF0100FB2E1C0026069C6B0200C53126EF0500052A632F0900202E1500632F0100234E080002421B30193880FF9805C4E2DCE944EA0AE60000F21501320638FF02A89100001C504606FF7062D2BF0500DAB5CD064A20461500003A20365000FF028A91000085C5FF02E691000060D2B22D5FD260D2F23D61D29A753D2F0100403600010629632F0500FE
:FFDBB800232F05007D2F01001928C42A2606B8C7DDFEC531232F0500662F05003D2F0100403E00060729632F0500232F05007D2F0100232F0500662F0500C54D3D2F01002606FFFFFFF84629632F0500232F05007D2F010019E8C4EA2506B8C7DDFEDD2923EF050065EF0500D5353D2F0100403600010629632F0500232F05007D2F01001928C42A2606B8C7DDFEC531232F0500662F05003D2F01002706FFFFFFF94729632F0500232F05007D2F0100232F0500662F05003D2F0100403E00040729632F0500232F05007D2F010023EF050066EF0500FF0200910000202E1500632F0100234E080000421B30193880FF50040ADE0000E20501320638FF02669000001BBE
:FFDCB700504606FF7080072100E62E14002706A0C7DDFEC539022A672F010067070500033AFF023499000040063F0080072100E62E14002706A0C7DDFEC539012A672F010067070500023AFF020E99000040063F008507E170052A632F0500E62E14002806A0C7DDFEC541282F05004046DEFE28CF95C7E6461C00D941602A88D70300A8DF010006E007E806F0BA2DFE3614002706A0C7DDFEC6398737090061329A25FB2E1C0026069C6B0200C531262F05001A30C432C62965070D00FE2E14002606A0C7DDFEC5314607080063EF0100234E040001421B301E3880FF6403022AE515622AB2050052A515FB361C0027069C6B0200C639273705001A38C43AC7312637E0
:FFDDB6000900C6060100FAED01526052DA15602AB205622A9A151B301E381D4080FFAE0063EF0100234E040000421B301E3880FF0E03032AE5156052CA15632AAA15FB361C0027069C6B0200C639273705001A38C43AC73126370900C6060700A20501526052AA2D1B301E381D4080FFFE00FB2E1C0026069C6B0200C531262F0500C2D2DA29FC361C00C6C9393709008636010065370104FE2E14002606A0C7DDFEC5316607010066070500013A1E30FF02AA9700004506FF70FE3614002706A0C7DDFEC639672F05004506FF70002AB54D4046DEFE28479DC70548F84F4002C849A94F0500E939EA3D0548F84F4002C849294F0100604AEA350548F84F4002C8492983
:FFDEB5004F0D00634AEA2DE64E1C002A069C6B0200C9512A4F05000558F85F4002CB41885F1100C25ACB49285F1500695FB9002A4F050088571100C252CA49285715008A5601006957B9000548EC4F40022A06C8C7DDFEC95128471500884601006A470100412A642AD1B57F00002AE5454046DEFE28479DC70548F84F4002C849A94F0500E9399A3D0548F84F4002C84929570D004C4A61529A0D0550F8574002C8512A5701006152D205294F0100624ACA25E64E1C002A069C6B0200C9512A4F05000550F8574002CA4188571100C252CA49285715008A560100695719010548EC4F40022A06C8C7DDFEC95128471500884601006A470900412A642AA1BD7F00840795
:FFDFB400A170052A632F0500E62E14002806A0C7DDFEC541282F0500E6461C00404EDEFE295795C7C851AACF0100294F95C7C849612A89D7030007D806E0CA0D63DF0100234E0400024219301C3880FFF400042AE515642AB2050052A515F9361C0027069C6B0200C639273705001A38C43AC73126370900C6060200FAED0152652AE20D6052CA0D63DF0100234E0400014219301C3880FFAC00052AB51560529A15F9361C0027069C6B0200C63927370500C4D2DA3126370900C6060100AA0501526052EA15FC2E14002606A0C7DDFEC629013A653F0100FC2E1400C53166070500023A1C30FF02769500004406BF70FC3614002706A0C7DDFEC639672F05004406BFDB
:FFE0B300708007210007280848E63E1C0028069C6B0200C741283F0500672F8900C2322706B4C7DDFEC639672F01002837050026368C00073A054080FF660040063F0080072100402EDEFE252F95C7E7561C00CA29852F0300C42AE6361C002A069C6B0200C6512A370500C53126370500185A4B3108312A5F0500C5596B370500C43A2B06B8C7DDFEC7596B3705002A370500C5314832073A80FF080040063F008507E17006C807D008D809E0233E040000EA1D30FF02FAFE00001DF0C51D03380032FF02ECFE0000232F050023370100E629F305203EE803A539C639413AB5058629053863370500C7F13C2F0100E5F1E1EF12EB392F01005A29DD06FF00BA05FB2980
:FFE1B200EADD3C2F0100BE297C2F0100DD56FF004506FF70E72E1C0027069C6B0200C539272F0500273F0D002046757565477D0480468A8A65477D04044265476D042806AAAAAAAA004A0950953D4066DEFE2C678DC7D06265676904CB66FF00C262C7616C47015F415A2840CB66FF00E661E1EDC60601001F5AE05F045B0062B515405EDEFE2B5F8DC7D05A655F6904CC5EFF00C25AC7592B5F015FEB41E157145341621F5A2B41CC5EFF00E659C905CA06FF00F2E5414A280655555555C95EFF00615AEF05CA06FF00BA05005AF5CD8A007F008007A170E72E1C0029069C6B0200C54929CF0D0029D70500604206D8CA0501421FE2B50500E21C401B3080FFE2002066
:FFE2B1002E75757A2F7D04802E8A8A7A2F7D04042A7A2F6D041B28C52A00320650855D403EDEFE273F8DC7D03A7A3F6904C63E1F000142E747C0000638833AC73EFC03D939274F015F2849674F015F0638853A0042A5257A4F6904C84EFF00C75EFF00EB498A15C64E1F00015AE95FC0003C59C74EFF00C24AD949294F015FE959AA0DA50DC84EFF00C24AD949294F015FE9E1A20501524142404EDEFE294F8DC7D04AC85EFF00FB59C905CA06FF00C2D57A4F6904C6461F00014AE84FC0008700C23AD9392747015F29416747015F4132E531C905CA06FF00D2A58A004006BF70E72E1C0027069C6B0200C539272F0500273F0D00204E7575654F7D04804E8A8A654F4C
:FFE3B0007D04044A654F6D046142FF070443004AF50D4056DEFE2A578DC7D05265576904C956FF00C252C7516A47015F414AC956FF00E651F1ED7F008F07E170402EDEFE852F05F0602A07C806D0BA05054A851563D2DB0D402EDEFE252F9DC71A30F8374002C629252F0100612AC20D024A0642003A20365000FF02F288000001524F06FF7060CAD205392F0100602ADA0D01CA0642003A203650001948FF02CE88000019504F06FF70402EDEFE252F9DC71A30F8374002C629852F070099370B00E531FB2D6932F12D392F0500403600406629F2251A28F82F40024036DEFE263799C7403EDEFE27479DC7C541A8470500C342C83126370500273F9DC7C539A72F054D
:FFE4AF0000E52E14002706A0C7DDFEC539272F0D00F42F4002C531A62F1100602ABA05034AF5A5402EDEFE25DF9DC71AE0F8E74002DBE1BCEF0500FF027A880000FC2F090048E2260684C7DDFEC629853701006132E2071F01013245370000FF02648800001A38F83F4002DB392336040080FF0E013937010099470B000AF600008A6D392F05002706FFFFFF1F4539404E00806929232F0900C205404E00A0B505404E00200939653F0100392F0500403E00406729C22DFD2E14002706A0C7DDFEC539402EDEFE252F99C7C3EADD29252F0500273F0D00F43F4002C729852F1100612A232F0500BA05063AA505043A653F01002506A4710200C829852F01002706E571D0
:FFE5AE000200C539874F0100F505232F05006507010008480828393F0800D03ADC2A0729233F0D00672F0100F8D74002DAD9BB2F1100233F1100632F010080FFEC00232E0400052F140023371500462F0000FF0264870000FC2F0100260684C7DDFEC53146070000FF025C8700001E504F06FF70FF025087000002524F06FF70872F11004046DEFE284795C7A74F0500E94E1C00C941A8470100273F0D00613AB20500527F00E83E1C0029069C6B0200C749293F05000548C24AC749293F7901C7060200B2050252E5EDE83E1C0028069C6B0200C741283F05000548C24AC749293ED801663F11001F3A463F1400283F0D00C72AC539273E082F663F0100283F0D00C553
:FFE6AD0039273E002F663F0500283F0D00C539273E042F663F0900283F0D00C539272E0C2F662F0D00D5BD80070140824AC82E030082420052235F05000A60851D0668CC698D770100ADCF0100C8CA19718DCF0300D0CA19710D6F0300D86A0D710A68C26AC7696D77010041524462E85181ED602AE22D5F2ACC31602AE205612ADA15A62F0100A5050B2886670100C82A05610B28D02A05610B28D82A05610A28C22AC72965670100B515862F0100A6470100C842082986370300D03206290B30D83206290A30C232C731662F010041520B28C82A0B290B30D0320629D85A0B29F5050A30C232C731662F01004152E95191FD40061F4060329215202E3B00662F00009C
:FFE7AC00202E7800662F0200022A462F050046070600072A462F07007F00402EDEFEE52F09F0C629C5000530EC3740022706AC6C0200C639873709006232BA15EC2F40022606AC6C0200C531862F0100C22A2606986C0200C531262F0100E55701027F0000527F008007A17007C8402EDEFEE5D709F0C6D1DA001A28EC2F40023B06AC6C0200C5D99BE70100FF02648500009B2F090048DA622AB20500D2C515ECD740022506AC6C0200DA291CD0C2D22606986C0200C6D13AD701003AD70108252F050005D1402EFFFF1A297F2AF2159B3701006232BA15DA00BA36FFFF46C9D02A19294036FFFF2629C2E22606986C0200C6E13C370100662F0101FF02028500004023
:FFE8AB0006BF70402EDEFEE52F0BF0C629C5000530C2322706E86C0200C63987370300403EDEFEE73F09F0C639C7000730EC3740022806AC6C0200C641883709006232B205003AA515EC3F40022606AC6C0200C731863F0100C23A2606986C0200C731263F0100E73F0102C22A2606E86C0200C531262F00006539EA5700007F008007E17007C8402EDEFEE52F0BF0C629C500C22A3A06E86C0200C5D1FADF01009A2F03004036DEFEE63709F0C531C600EC3740023C06AC6C0200C6E19CEF0100FF02308400001B28D02A05D961CAFB2F242B9C37090048E26232FA0D1D30C2322706986C0200C7312637010026370108FA3F01006731EA0D9C3701006232AA0DC2EAEF
:FFE9AA002606986C0200C6E93D370100662F0101FF02EC8300004006FF7080072170402EDEFEE5CF0BF0C6C9D9001928C22A2606E86C0200C531862F03004036DEFEE63709F0C531C600EC3740023A06AC6C0200C6D19ADF0100FF02988300009A2F0900622AB20500DA85251928C22A2606E86C0200C531C2DA2506986C0200C5D93B2F0100252F0108E637010066299A0D3B2F0100252F00003B2F0100653700073BDF0100FBDF0102FF0256830000C2CA2506E86C0200D929252F000065D9EA57000040063F7000527F007F0000527F008007E17007C808D0402EDEFEE5DF09F0C6D9DB001B28EC2F40023C06AC6C0200C5E19CEF0100FF02FA8200009C2F09004853
:FFEAA900E2622AB20500DAC515ECDF40022506AC6C0200DB291DD8C2DA2606986C0200C6D93BDF01003BDF0108252F050005D97FDAA2159C2F0100622AEA0DC2EA2506986C0200C5E93D2F01003B305A31D03206C965CF0101FF02A88200004006FF70402EDEFEE52F0BF0C629C5000530C2322706E86C0200C63987370300403EDEFEE73F09F0C639C7000730EC3740022806AC6C0200C641883709006232B205003AA515EC3F40022606AC6C0200C731863F0100C23A2606986C0200C731263F0100E73F0100C22A2606E86C0200C531262F00006539EA5700007F0000527F0080072140402EDEFE043A653F45C8402EDEFE653711C8FF02161500000ACE0000A20DEB
:FFEBA800204E1100003A20365C000740FF0268810000FF0224180000402EDEFE252F45C8602AEA2D60CACA2D250618C8DDFE450720006507250001CA4036DEFE66CF11F04036DEFE66070DF0650729004036DEFE263711C826371D00403EDEFE673715F065071D0065071900402EDEFE450778C8FF0228130000402EDEFE45CF18F040063F408007216006C807D0FF028281000059CE20FF250618C8DDFE65CF11001930DA315F3265371500FF0280810000DA063F00C20D3AD63F00202EC0FF45D1DAC95FCA402EDEFE65CF2DC8250618C8DDFE65D71D00013265372900022A403EDEFE672F0DF0403EDEFE672F11F0FF02CE1300006052CA05FF02900400000AC86192
:FFECA700CADA050132FF02A6100000195040063F608007217006C807D008D8FF02F2800000592E20FF260618C8DDFE662F1100262F1100DB295F2A662F150066DF1D0066DF190066D70100FF02E28000000232FF026C13000060529A15022A4036DEFE662F41C84036DEFE662F0DF04036DEFE662F11F0FF02160500000AC861CADA050132FF022A100000195040063F7080072100402EDEFE252F0DF0622AF205402EDEFE252F71C8602A8255FF0264800000250648C8DDFE25362800270618C8DDFE273E2800252F2900602AE737242B252F01005F2A662AAB25C12AE50686ED0200F505E505D505B535A535A5058535FF02A40E0000402EDEFE252F45C86B2AF225AD
:FFEDA600012A4036DEFE662F11F04036DEFE662F0DF0402EDEFE450719F0402EDEFE650741C8402EDEFE852F79C8612A8A0D402EDEFE450778C8FF0264110000FF02EE7F0000FF023410000040063F00402EDEFE0132653711F0402EDEFE033265370DF095DD402EDEFE255711F07F00402EDEFE25570DF07F0080072100402EDEFE852F19F0602AD255402EDEFE252F11F0622AFA4D402EDEFE252F41C85F2A662A8B4DC12AE5064EEE0200F505C5159525B535F535B525A53DFF0280030000402EDEFEA52F19F0612ACA35FF02C411000040063F00FF02A4040000402EDEFEA52F19F0612AEA25FF02A811000040063F00FF028804000040063F00FF024A0E00004048
:FFEEA5002EDEFEA52F19F0612ABA15FF028211000040063F00FF02C004000040063F00FF021C07000040063F00FF022809000040063F008007A17006C807D008D8FF02D27E000059CE20FF3C0618C8DDFE7CCF0D00FF02DA7E0000FF02B87E00007CDF1D00D92E03005C2F20009C2F2100602AC20D250618C8DDFE85372100A6C965CF0D00852F2100C5D9DB060300E205DB2E03000432A531C6D9250618C8DDFE2606E0C4DDFE6537050065D7010065DF1900043265372900022A4036DEFE662F11F04036DEFE662F0DF0FF02647E000000524006BF708007A17007C808D046DE20FF3C0618C8DDFE7CDF0D00FF02267E00007CD71D00DB2E03005C2F20009C2F2100EF
:FFEFA400602AC20D250618C8DDFE85372100A6D965DF0D00852F2100C5D1DA060300E205DA2E03000432A531C6D1250618C8DDFE2606E0C4DDFE6537050065CF010065D71900053265372900022A4036DEFE662F11F04036DEFE662F0DF0FF02D27D000000524006BF70402EDEFE653715F07F008007A17006C807D008D8FF02967D000059CE20FF3C0618C8DDFE7CCF0D00FF029E7D000019301A381B40FF029E0900000AC8FF026E7D00007CD701007CCF1900072A7C2F2900022A4036DEFE662F11F04036DEFE662F0DF0FF02647D000000524006BF7080072140402EDEFE252F41C8622AF205402EDEFE252F41C8612ACA2D402EDEFE252F11F0622AEA25402EDE0B
:FFF0A300FE852F79C8602A8A25FF02087D0000250618C8DDFE25371100252F1500E531890D402EDEFE0132453779C800CAF50540CEDEFE042A792F45C801CAFF02F27C0000195040063F40402EDEFE0432653745C8015240063F4080072100402EDEFE852F79C8612ACA0D402EDEFE252F11F0612AEA05FF02600D000040063F00402EDEFE0432653745C840063F0080072160FF029E1300006052B205012A854D402EDEFE2036102765377DC8402EDEFE0132453719F020368000FF02081000000ACE0000B205012AA535FF02587C000040D6DEFE3A2F29C840360200263F016D4546E0006747310027063F00E000C7292637016D662F3500FF02467C0000402EA2FF27
:FFF1A20020362000453700002036D0FF45370000FF02027C00003A2F29C8252E40007A2F29C8FF020C7C0000002A19504036DEFE665745C8055040063F6080072140FF020C1300000ACE0000CA1D402EDEFE852F79C8602AEA15250618C8DDFE25371100252F1500E531A90DBFFF24FF6152B20D66CA920D6ACAF205950D003280FF340B66CA9AFD013280FF2A0B40063F4080072160FF02B60E00006052B205012AF565402EDEFE2036A40665377DC8402EDEFE0132453719F020368000FF02060F00000ACE0000B205012A9555FF02567B00003A0618C8DDFE3A2F110040360200263F016D4546E0006747310027060300E000C7292637016D662F3500FF02427B0053
:FFF2A100003A2F01004036A2FF203EE8FF463F0000023A463F00000032D50D053F0100C83A8547010008394046A2FF683F00004132422A6232B1F5FF02DC7A0000250618C8DDFE2537110044326537110025370100443265370100FF02D87A0000402EA2FF2036D0FF45370000002A19504036DEFE665745C8055040063F6080072100FF02CC11000060528A25402EDEFE852F79C8602AF205402EDEFE252F71C8622AB21D250618C8DDFE25371100252F1500E531E905BFFFDCFE6152B20DD50D003280FFF20940063F006552B2056A52CA05013280FFE00940063F008007210080FF2A0062528215402EDEFE650741C8402EDEFE0132653711F0402EDEFE65570DF0A2
:FFF3A00080FF7C0A40063F008007E17080FFDC06402EDEFE252F31C8E5510AC8C915250618C8DDFE25371900B9316537190025371D00853F2100B939C73165371D0000D219D8E50540D6DEFE3ADF31C801D282DA00E2402EDEFE252F25C84536E000043A80FFC40060529A0D402EDEFE252F1DC81F3265370100E5156752CA15250618C8DDFE253F050025370D0080FF4E0168529A0D3C0618C8DDFE3C2F0D007C2F090001E20AE8250618C8DDFE2537050044326537050025370D00443265370D005FDA60DAD20560EAE2C568EAC2C560EAB20568EAAA0D402EDEFE65073DC81A30193880FFD806B51569EACA05204E1000E5056AEAB2050052A50D034A0742003A20BF
:FFF49F00365C00FF027A78000001520AC8DC3EFF001D3080FFFA05402EDEFE65EF45C819504006FF708207216006C807D020368000FF02920C00006052EA4DFF02E8780000402E02002537016D66CF3100D9D15FD2252F016D65D73500402EA2FF20367100453700002036D0FF45370000FF02D2780000202E0001403602002637016D26378100633701005F2A602AE20523370100C606008092F5C506FFFFAA1580FFFC06402EDEFE650741C8012A4036DEFE662F11F04036DEFE662F0DF080FFC208FF02181000000AC80032FF02FA0B00006052AA05195042063F608007216006C807D0FF0242780000402E02002537056D013A463F08002537056D86371500253F2C
:FFF59E00056D47071400393F01007A3F0100252F056D852F0500602ABA0500CAF505C5060200B20509CAA50508CA402E0200252F056D45371400FF020A780000195040063F608007210080FF2C0162528215402EDEFE650741C8402EDEFE65570DF0402EDEFE0132653711F080FF160840063F008007A170613206C8E21580FF70040AD03B0618C8DDFE9BE72100FF028C770000BCD13B2F0500BA297B2F0500FF0296770000E5153A0618C8DDFE3ADF1900FF02687700003A2F05009A372100C629BB297A2F0500FF026E7700003AD71D0000DA1BE0C525250618C8DDFE2537010086370100252F0500852F0100E531B20501E21AD8FF0224770000250618C8DDFE25C5
:FFF69D0037010041326537010025370500413265370500FF022077000041DAFAD9C1DDDC06FF009A1D61CAB225FF02EE760000250618C8DDFE25370500853F2100DA39A7316537050045072000FF02EA76000002524006BF7004CA0842003A20365C001948FF021E76000019504006BF7000524006BF708007A17080FF7403402EDEFE252F31C8E5510AC8991DFF028E760000250618C8DDFE25371900B9316537190025371D00853F2100B939C73165371D00FF028476000000D2E50540CEDEFE39CF31C801D282CA00DA250618C8DDFE25370D00253F0500BFFF06FE68520AE09A0D3B0618C8DDFE3B2F0D007B2F090001DAFF0228760000250618C8DDFE2537050077
:FFF79C0044326537050025370D00443265370D00FF02247600005FCA60CAD20560E2D2D568E2B2D560E2B20568E2DA051A30BFFF44FEB50D204E10000842003A20365C00FF024075000001520AC8DB3EFF001C3080FFC00219504006BF708007210080FF2A0062528215402EDEFE650741C8402EDEFE65570DF0402EDEFE0132653711F080FF000640063F008507E17080FF6002402EDEFE252F31C8E5510A28632F01009925250618C8DDFE25371900233F0100A73165371900252F2500602A232F0100D20500CA19D005D8A525390618C8DDFE39D71D0099DF2100A5D9DBD179D71D0095F540CEDEFE39CF3DC860CA40CEDEFEA20D39D731C839DF31C8DACE0300B995
:FFF89B00D901D2D50539DF31C801D200CA3C0618C8DDFE3CEF0D00FF0210750000402E02002537056D013A463F08002537056D8637150063370500252F056D45071400FF0204750000DDD95FDA3C2F250000E2602A8A2D40CEDEFE393F1DC81D30FF02240B0000392F1DC8442A792F1DC80AE144EAFBE983F540CEDEFE39DF21C85CDA79DF21C8952540F6DEFE3E3F19C8FF02F40A00003E2F19C8442A7E2F19C80AE144EA1D30FBE981F540DEDEFE3B3F19C81940FF02140B00003B2F19C8D9297B2F19C80AE1D9E9402EDEFE65EF25C8DC06FF00CA0500E21CC8950DDC060200C20509CA00E2B50508CA01E260CAB20568CA8A0D1A30232F0100053880FFC401C50D83
:FFF99A00204E100020461100003A20365C00FF027473000001520AD019301C3880FFF600FF0208740000402E0200252F056D2337050045371400FF020E7400001A504506FF7080072170402EDEFE65073DC8C6CE030060CA08D006D8E215FF02C0730000250618C8DDFE65D71D001C325B3165370D0045CF2000FF02C0730000DBCE0300DAC9D515C7060300C20DFF029073000040CEDEFE79D735C8FF029E730000E50540CEDEFE012A792F3DC81AC8402EDEFE252F3DC8602A9A1DFF0262730000402EDEFE2606E0C4DDFE65371DC8FF026A730000D9060300920DD92E03000432A5311950C65140063F70195040063F70402EDEFE252F15F0612A402EDEFE252F1176
:FFFA9900C8CA05252E1800B505252E1400255701007F00800721006932BA2DFF0200730000250618C8DDFE25370D005C3265370900253709004636E00065370900FF02FA720000402EDEFE252F11C8252F1100602AD235402EDEFE253721C8402EDEFE252F11C8252F1100E5C760F940063F006832DA25613ABA25FF02A4720000402EDEFE253721C84636E000653721C8FF02AA720000402EDEFE252F11C8252F0D00602AD20D402EDEFE253721C8402EDEFE252F11C8252F0D00E5C760F940063F0080072170402EDEFE252F3DC8602A07C8AA656132C2153A0618C8DDFE9ADF2100FF023C720000BBC93A2F0500B9297A2F0500FF024672000002D2F515390618C808
:FFFB9800DDFE39D71900FF0216720000392F050099372100C629BA29792F0500FF021C72000039CF1D0000D200DAD51DFF02F0710000250618C8DDFE25370100253F0500073F0000463F00002537010041326537010025370500413265370500FF02DC71000041DAF9D9B1E5FF02B4710000250618C8DDFE25370500853F2100D939A7316537050045072000FF02B07100001A5040063F706132EA570000CA5140063F708007210020368000FF02220500006052CA05FF022C06000060528A0DFF026C0600000032FF020605000060520A2AEB2F042B4036DEFE662F45C840063F0080072160250618C8DDFE25371D008232F5375802403EDEFE67377DC84036DEFE014B
:FFFC97003A463F19F025370900252F150046CEE000453EE0001930FF02AA0900000AD019301A38FF02E00800006052B20501D2A50D2506010020FFC5D1402EDEFE65D721C800D2402EDEFE655745C81A5040063F6080072100FF02600800006052DA2D0032FF026A0400006052AA25FF027408000060528A1D250618C8DDFE25370900252F1500E531A90DBFFF58FF6152DA15013280FF2A0040063F00003280FF200040063F00043280FF160040063F00402EDEFE655745C8D5ED40063F0080072100402EDEFE65370DF0402EDEFE252F45C86A2AEA1D402EDEFE252F41C8612ABA050142E50D402EDEFE252F41C8622AF205402EDEFE252F41C8632AEA350242003A68
:FFFD960020365C000848FF02806F0000D52D402EDEFE252F45C8662ACA150142003A20365C000848FF02626F0000FF02300800006052AA1D402EDEFE0132653711F0851D402EDEFE252F45C8652ADAF50242003A20365C000848FF02306F0000FF02FE070000605282ED402EDEFE650711F0402EDEFE650741C8402EDEFE450719F080FF080040063F0080072100402EDEFE252F0DF0602ABA0D402EDEFE252F11C8252F0500602AB205002AA505012A602A402EDEFE252F11C8FA05252F0500E5C760F940063F00252F0900602A920D402EDEFE252F11C8252F0900E5C760F940063F0080072100402EDEFE852F79C8612ACA2580FF4A00022A4036DEFE662F11F04047
:FFFE950036DEFE662F0DF0402EDEFE450778C8402EDEFE252F41C8612AD205622AE2050052E505BFFF76F2B505BFFF72F36152CA050132BFFF8AFE40063F0080072100FF02E06E0000250648C8DDFE25370100270618C8DDFE67370100253709006737090025370D0067370D0025371100673711002537150067371500253719006737190025371D0067371D0005372000473720002537250067372500252F2900672F2900FF029A6E000040063F00250648C8DDFE650701006507090065070D0065071100650715006507190065071D004507200065072500650729007F00800721000032FF02EC01000060529A1D80FF4200012A4036DEFE662F11F04036DEFE6607AE
:FFFF94000DF04036DEFE660741C84036DEFE462F78C8402EDEFE450719F0C5050132BFFFA0FD402EDEFE450779C840063F0080072100FF02EE6D0000250618C8DDFE25370100270648C8DDFE67370100253709006737090025370D0067370D0025371100673711002537150067371500253719006737190025371D0067371D0005372000473720002537250067372500252F2900672F2900FF02A86D000040063F0080072100402EDEFE252F7DC8602A8A0DBFFFF6FB0132BFFF0AFD40063F00402EDEFE25377DC85F3265377DC840063F00402EDEFE852F79C8612AB2050052951D6132DA0D402EDEFE252F71C8612A8215402EDEFE252F71C8622AA20D5E326132EBAA
:020000023000CC
:FF009300ED402EDEFE252F71C8622A8AED01526152EA05402EDEFE0432653745C87F00402E0200252F056DE52F0100602A9A15402E0200252F056D852F1500622A9A0D402E0200252F056DE52F1D00602AB2050A527F0000527F00402E0200252F016D252F8100C52E40D005060080052AE02F04537F008007216020CEB80B002A403602002637016D26378100C6060080B205012AA5055FCAC506FF00BA0560CA8AF5402E0200252F016D252F8100C5D6004060D2B20580FFD20460CAEA2F000060D2E237000066290A2AE02F145340063F6080072170402E0200252F016DE52F8500E53106C8BA050052D55560CACA25BFFF86FF6052B20580FFEE000AD0FF02346CA5
:FF0192000000402E0200252F016D203600AA6537840020DE20005FDA60DA920D402E0200252F016DE52F8500E5C9EAF5FF02206C0000F525FF02FC6B000040D602003AD7016D20DE80AA7ADF840020DE20005FDA60DA920D40D602003AD7016DFAD78500FAC9EAF540D602003A2F016D650731003AD7016D7A073500FF02D46B000000D260DABA050A52E505402EDEFE65CF0CC81A5040063F708007210020368000BFFF32FF6052BA0580FF3E006052EA0580FF80000032BFFF1CFF6052E157045361528A1580FF8000402EDEFE6557FDC78652CA000A0601FCBF050352B50580FF860040063F00402EA2FF2036B3FF453700000152202E2000403602002637016D26FC
:FF029100378100C6060080E05714535F2A6152BA05602AAAF5602A402E0200252F016D852F1100C205C5061000A2050A527F00402EA2FF20365000453700007F00265701007F0080072100260670020301BFFFF0FF2A57C900CA52250600FCFF03455140063F008007A170260618020301BFFFD0FF0AC8260664020301BFFFC4FF88CAD92EFF00050601FF0AD0BA0500529545260638020301BFFFA8FF0AD8260634020301BFFF9CFF250640420F00E5DFFE020AE0E5E7FE02990063CABB0D260674020301BFFF7CFF402E0200252F056DF50D260678020301BFFF68FF0AC8260688020301BFFF5CFF04D20A2819504036DEFE662F01C8250640420F00E557FE02202E0F
:FF0390007800E5D9DB05202E7700E5E1CB0503524006BF70DA2EFF00050601FF920DDA06FF00E2059A003A567700FA5782020AC8FF02026A0000402E0200252F016D9936001E6537E400FF02086A000085A5800721002506F8C7DDFE2036780065370000203600046537020065071400650705006507090065070D0065071100BFFF1CFE402EDEFE655745C840063F0080072140262F0100672F0100402E0200252F056D85CF050060CAA215402EDEFE653721C8FF0282690000402E0200252F056D013245370800FF028A690000195040063F40800721606142F20D6242A2156342CA15262F0000672F0000062F0200472F02004232A50D062F0000472F0000D505262D
:FF048F002F0000672F000006C8402E0200252F056D85D7050060D2A215FF021A690000402EDEFE65CF21C8402E0200252F056D013245370800FF021A6900001A5040063F60402E0200252F016D252F8100C52E40E005060080062AE02F04537F0080072140402E0200252F016D252F8100C5060070B20D402EDEFE252F41C8612ABA0506CAF51505CAD515C5060080BA0501CA85150032BFFF40FC0ACE0000AA0D402EDEFEA52F79C8612ACA05FF0238FAFFFF1950402EDEFE655745C840063F405C1A402E0200252F016D252F8100632F0100232F0100C5008F2AA5560100402EDEFE655745C842061F005C1A402E0200252F016D852FD500632F0100232F0100C52ED3
:FF058E000100602AE72F145342061F008007217006C807D020368000BFFFBCFB0ADE0000EA1DFF0212680000402E02002537016D66CF3100252F016D65D73500402EA2FF20367100453700002036D0FF45370000FF02006800001B5040063F700A5240063F708007210020368000BFFF6AFB6052AA0DBFFFC0FC0032BFFF5CFB6052BA050052A505015240063F0080072100402E0200252F016D252F8100C5060040C215402E0200252F016DC5DF1000D20DFF0286670000402E0200252F016D45071000FF029067000040063F00862EFFFFE729E53F22537F00202E3B00662F0000202E6400662F0200012A462F0500460706000A2A462F07007F0080072100262F01E8
:FF068D000027060001D90EE729AA25262F0500403EDEFE672F81C8262F0900403EDEFE672F85C8262F0D004036DEFE662F89C8FF02DA020000FF02A01B0000402EDEFE013245371CF0402EDEFE6507ADC840063F0080072100FF02061C0000402EDEFE45071CF0FF029E08000040063F0080072100FF02FE0B000040063F0080072100FF02500D000040063F0080072100FF02960F000040063F0080072100402EDEFE252F89C80638C23AC729852F0100612ACA05FF026212000040063F008007214006C8FF02BA660000402EDEFE252FADC8602ABA0DFF02B66600001930FF0264140000FF029A660000402EDEFE252F89C8C2CAD929C5070100FF02926600004006C8
:FF078C003F408007214006C8FF0274660000402EDEFE252FADC8602AEA15402EDEFE252F85C8F9361400C629C5E71300C20DFF025C660000013A1930FF0230130000FF023E660000402EDEFE252F89C8C2CAD929C5870100FF023666000040063F4080072160402EDEFE852F1DF0612AEA2F00004046DEFE2847ADC86142E12F042B07D60000E12F042B6332E12F1ECB60CAEA05FF028C1900007A570100195040063F6080072100402EDEFE852F1DF0612A8A0D6132EB05FF02F615000040063F00015240063F00800721000432FF023814000040063F0080072100402EC0FF252F0101403604006629B20D0532FF0218140000402EC0FF4036040065370901402EC010
:FF088B00FF252F0101403608006629B20D0632FF02F4130000402EC0FF4036080065370901402EC0FF252F0101403610006629B20D0732FF02D0130000402EC0FF4036100065370901402EC0FF252F0101403620006629A20DFF02601A0000402EC0FF4036200065370901402EC0FF252F0101403600026629F205402EC0FF4036000265370901402EC0FF252F0101403600046629F205402EC0FF4036000465370901402EC0FF252F0101403600086629F205402EC0FF4036000865370901402EC0FF252F0101403600106629F205402EC0FF403600106537090140063F00800721000032FF022213000040063F00800721000232FF021213000040063F00800721000F
:FF098A000332FF020213000040063F008007A170402EDEFE25CF81C8402EDEFE25D785C800DAB535DB2EFF00F42F4002DA29A5371300C63607006332F205A52F1300C52E0700642A9A25DB2EFF00F42F4002DA29852F0500C22A2606546D0200C531263701006607010027068CC8DDFEC53967070100262F0100602AF205203E80000232FF025679010041DADB2EFF00682AB1CD00DA80075201B92F0100C22A2606386D0200C53126E701003C2F200039370200263046297C2F20003C2F2000393702004629C506FFFFF205203E80000232FF02087901003C2F280039370200263046297C2F28003C2F2800393702004629C506FFFFF205203E80000232FF02DC7801A9
:FF0A8900003C2F240039370200263046297C2F24003C2F2400393702004629C506FFFFF205203E80000232FF02B07801003C2F2C0039370200263046297C2F2C003C2F2C00393702004629C506FFFFF205203E80000232FF0284780100B92F0700612A9A25392F04007C2F0000F92F0500FC370100E629F205203E80000232FF025C780100192F06005C2F0400992F07009C370500E629F205203E80000232FF023C780100992F0100C22A26062C6D0200C531262F010025371C00393F0200073165371C00F9370300252F1C00393F02004729C500E629F205203E80000232FF02FC77010041DA48CADB06FF00F207AFFE00DA80073201B92F0100C22A2606386D020017
:FF0B8800C53126E701003C2F200039370200263046297C2F20003C2F2000393702004629C506FFFFF205203E80000232FF02AC7701003C2F280039370200263046297C2F28003C2F2800393702004629C506FFFFF205203E80000232FF02807701003C2F240039370200263046297C2F24003C2F2400393702004629C506FFFFF205203E80000232FF02547701003C2F2C0039370200263046297C2F2C003C2F2C00393702004629C506FFFFF205203E80000232FF0228770100B92F0700612A9A15392F04007C2F0000F92F0500FC370100E629F205203E80000232FF0200770100992F0100C22A26062C6D0200C531262F010025371C00393F0200073165371C00F995
:FF0C8700370300252F1C00393F02004729C500E629F205203E80000232FF02C076010041DA48CADB06FF00F207CFFE00DA857DB92F0100C22A2606406D0200C53126E701001C2F100019370200263046295C2F10009C2F1100F93703006629F205203E80000232FF02767601001C2F140019370200263046295C2F14009C2F1500F93703006629F205203E80000232FF024E760100B92F0700612A9A25392F04007C2F0000F92F0500FC370100E629F205203E80000232FF0226760100192F06005C2F0400992F07009C370500E629F205203E80000232FF0206760100992F0100C22A2606346D0200C531262F010005371000193F020007314537100099370300052F78
:FF0D86001000193F020047298500E629F205203E80000232FF02C675010041DA48CADB06FF00F28500CA80078201BA2F1300C52E07000536FDFF6232E1071901622AB255612AEB0761019A2F0500C22A2606446D0200C53126DF01003A2F0E007B2F0002FA2F0F00FB370102E629F205203E80000232FF0268750100D9E6FF00003A1C3080FFEE0CC2E2402EDEFE253789C8DC31C6870100252F89C8DC29450700005B07C0009B2FC100C5060300F205203E80000232FF02287501007B0700009A2F0500C52926069CC8DDFEC53166070000FB2F0100602AF265203E80000232FF02FE74010085659A2F0500C22A2606506D0200C53126DF01003A2F0E007B2F8000FA81
:FF0E85002F0F00FB378100E629F205203E80000232FF02CA7401005B0720009B2F2100C5060300F205203E80000232FF02B07401007B0701009A2F0500C22A2606A4C8DDFEC531660701003B2F0100602AAA15F5159A2F0500C22A2606546D0200C531262F010045072000852F2100C5060300F205203E80000232FF0264740100D9DEFF00003A1B3080FFEA0BC2DA402EDEFE253789C8DB31C6870100252F89C8DB294507000041CA3AD61400D92EFF00682AF1077DFE402E02002537656D660701004036DEFE6607A9C8252F656D252F0100602AF205203E80000232FF0202740100402E02002537656D46072000252F656D852F2100C5060300F205203E8000023298
:FF0F8400FF02DC7301004006BF708007A170402EDEFE25CF81C8402EDEFE25D785C800DAC565B92F0700612A8A2DB92F0100C22A2606386D0200C53126E701001F2A7C2F0000FC2F01008036FFFFE629F205203E81000232FF0288730100DB06FF00DA0D5C0704009C2F0500602AF205203E81000232FF026A730100992F0100C22A26062C6D0200C53126E701003C2F1C0039370200263046297C2F1C003C2F1C00393702004629C506FFFFF205203E81000232FF022C730100F92F03007C2F88012036A000A5055F326032D205FC3F81016539AAFDFC3781016531E20501320638FF02B45C000041DA48CADB2EFF00622AA19D00DAB565B92F0700612ADA25B92F01D5
:FF10830000C22A2606406D0200C53126E701001F2A7C2F0000FC2F01008036FFFFE629F205203E81000232FF02B67201005C0704009C2F0500602AF205203E81000232FF029E720100992F0100C22A2606346D0200C53126E701001C2F100019370200263046295C2F10009C2F1100F93703006629F205203E81000232FF0264720100F92F03005C2F08002036A000A5055F326032F2051C3F00004539C706FF008AFD1C3700004531C606FF00E20501320638FF02E45B000041DA48CADB06FF00C29D00CA80075801BA2F1300C52E07000536FDFF6232E14D622A922D612AEB0739019A2F0500C22A2606446D0200C53126DF01007B070002FB2F0102602AF205203E9E
:FF11820081000232FF02DA7101007B0700009A2F0500C52926069CC8DDFEC53166070000FB2F0100602AEA5DB5659A2F0500C22A2606506D0200C53126DF01007B078000FB2F8100602AF205203E81000232FF02907101007B0701009A2F0500C22A2606A4C8DDFEC531660701003B2F0100B5DD9A2F0500C22A2606546D0200C53126DF0100012A5B2F1800202EA000A5055F2A602AC205DBC71000BAFDDBC71000E20501320638FF02F05A00007B0701009A2F0500C22A26068CC8DDFEC531660701003B2F0100602AF205203E81000232FF02107101005B0720009B2F2100C5060300F205203E81000232FF02F6700100D9DEFF00003A1B3080FF7C08C2DA402EDE61
:FF128100FE253789C8DB31C6870100252F89C8DB294507000041CA3AD61400D92EFF00682AF107A7FE402E02002537656D660701004036DEFE6607A9C8252F656D252F0100602AF205203E81000232FF0294700100402E02002537656D46072000252F656D852F2100C5060300F205203E81000232FF026E7001004006BF708107E170402EDEFE25CF85C8E6D61400D9D1BA2F1300C5DE0700402EDEFE25E789C80628C22AC5E19C2F0100602A06E8E2072B01FF02BC5A000062DAA10D62DAF22D1B2EFDFF622AA15500F280070201FDDE1400DBC999DF0500C2DA3D06446D0200DBE93DDF0100FBF70100FBEF8100BDF139CF090060CAB26DF9CF0100D9060010C20541
:FF138000DAE71300820D9CCF010063CAFA5DDAE71300CA5DFBF70100855DFDDE1400DBC999DF0500C2DA3D06506D0200DBE93DDF01003BF701003BEF1100BDF139CF090060CAC245F9CF0100D9060010C205DAE71300820D9CCF010063CA8A3DDAE71300DA353BF701009535FDF61400D9F19EF70500C2F22506546D0200DE29252F010025F7010025370500A6F1DAE71300EA1D63DADA15FD361400D931263709006032E20DFD361400C6C939370900E6370100C6060010C20525F7010041F29C3701006332CA0525F7010041F2FF02B05900001E504106FF7000524106FF708107E170402EDEFE25CF85C8E6D61400D9D1BA2F1300C5DE0700402EDEFE25E789C80630
:FF147F0028C22AC5E19C2F0100602A06E8CA0500F280071A02FF025859000062DAC10D62DAB25D1BF6FDFF62F2E107590100CA19F08007E601FDDE1400D9D99BDF0500C2DA3E06446D0200DBF13EDF0100FBF7810041F29CDF010063DADA05DAE71300AA0500F2FDDE1400D9D93BDF090060DACA0500CA8007A401FBDF0100DB06001092FDDAE71300EAF5FDD61400DAC9F9D70D0099CF1300C3CA40DEDEFE3BDF81C8D9D99BCF0100C2CA3B062C6D0200D9D93BCF010079D7880120DEA000A5055FDA60DAD205F9E781017AE1AAFDF9CF81017AC9E2AD80074001FDDE1400D9D99BDF0500C2DA3E06506D0200DBF13EDF01003BF7110041F29CDF010063DADA05DAE7C7
:FF157E001300AA0500F2FDDE1400D9D93BDF090060DACA0500CA80070201FBDF0100DB06001092FDDAE71300EAF5FDD61400DAC9F9D70D0099CF1300C3CA40DEDEFE3BDF81C8D9D99BCF0100C2CA3B06346D0200D9D93BCF010059D7080020DEA000A5055FDA60DAF20519E700005AE1DC06FF008AFD19CF00005AC9D906FF00F207B3FEA54DFD2E1400D92985F70500442AC2F22606546D0200DE3126F701003EF7050041F29C3701006332DA05DAE71300AA0500F2DAE71300BA0563DAB20500CAD52DFD361400D93126370900603282FDFD361400C6C939CF0900F9CF0100D9060010E2ED85CF0100C2CA3E06546D0200D9F13ECF010001F259F7180020F6A000A53A
:FF167D00055FF260F2C205D9C71000BAFDD9C71000F2071FFE00F201CAFF026457000060CAE20501320638FF02725600001E504106FF708307E170402EDEFE25CF85C8E6D61400D9D1BA2F1300C5DE0700C5061000402EDEFE252F89C8632F010006E006E807F0F20D402EDEFE252FADC8602ACA0D1C28C22A233F0100C729C5C70100C20580FFCE04C505013A80FFEE03FF02E25600001B2EFDFF622AE107CF0162DAD27561DAEB076902FD2E1400D92985371300853F0500442AC23A2806446D0200C741283F0100C3324046DEFE284781C8C64188370100C23228062C6D0200C64128DF0100DAE71300BA155FF267F70000852F0100C5293A069CC8DDFEC5D17AF79E
:FF177C000000DE00E72F0100E5F1AA15F51567F7000085D70100DAD125069CC8DDFEDA2965F70000DE00E7D70100FAF1F205203E84000232FF02B06B0100FDD61400DAC9F9CF0D007BCF840120D6A000A5055FD260D2E205FBEF810159E9FDC99AFDC2E223D70100DCD1FBE7810101EA5AEF000059E1FCC9D275FF020856000001320638FF021A5500004306FF70FD2E1400D92985371300853F0500442AC23A2806506D0200C741283F0100C3324046DEFE284781C8C64188370100C2322806346D0200C64128DF0100DAE71300AA155FF267F70100852F0100C22A3A06A4C8DDFEC5D17AF70100272F0100E5F19A15E51567F7010085D70100C2D22506A4C8DDFEDAE5
:FF187B002965F7010027D70100FAF1F205203E84000232FF02D26A0100FDD61400DAC9F9CF0D005BCF040020D6A000A5055FD260D2920D1BEF000059E99D00D9F6FF00FDF1EAF5C2E223D70100DCD11BE7000001EA5AEF000059E19C009900FCC9DA8DFF02205500004306FF70FD2E1400C5C9992F050044CAC22A2606546D0200C53126DF0100DAE71300AA155FF27BF7010099CF0100C2CA25068CC8DDFED92965F701003BCF0100F9F19A15E5157BF70100992F0100C22A26068CC8DDFEC53166F701003B2F0100E5F1F205203E84000232FF02166A0100012A5B2F1400202EA000A5055F2A602AC205DBC71000B2FDC2E2232F0100DC29DBC7100001E245E70000F3
:FF197A00F20779FEFF027C5400004306FF70C2E2232F0100DC29013245370000FF02645400004306FF708007A17006C8402EDEFE25D785C8F92E1400DA29A5DF1300402EDEFE25E789C8FF022C540000DB2E07000536FDFF6232A15D622AD22D612AFB25F92E1400C5D1FA2F0D009AD71300C3D24036DEFE263781C8DA3186D70100C2D226062C6D0200DA3126D701007A2F88012036A000A5055F326032D205FA3F81016539AAFDFAD7810165D1BA4DFF02D4530000F54DF92E1400C5D1FA2F0D009AD71300C3D24036DEFE263781C8DA3186D70100C2D22606346D0200DA3126D701005A2F08002036A000A5055F326032F2051A3F00004539C706FF008AFD1AD70056
:FF1A79000045D1DA06FF00B2D5C51DF92E1400C5D19A2F0500C22A2606546D0200C531262F01000132453718002036A000A5055F326032C205C5C71000BAFDC5C71000F2B5FF024053000001320638FF0252520000013A193080FF2600FF021A530000C2CAD9E19C2F0100612ACA05022A5C2F0000FF02105300004006BF708007A170402EDEFE25CF85C8E6D61400D9D106D807E60000C205FF02DE520000FB2E1400D92925370900482A6032D225BA3F1300C73E0700643AC20D063F0000873E8000463F00002537010006370000B515FB361400D931403EC0FF2747050126371000D032404EFFFF2931064167470501273705011F00253701006032E225BA3F13005A
:FF1B7800C73E0700643AC20DE6CF0100D9CEFFEF66CF000025CF010039CF0000C515FB2E1400C5C980078928028039371000D032403EFFFF2731062980078F2802808007092802801F0060E2C205FF02385200004006BF708007216006C8402EDEFE25D785C8FF0212520000F92E1400DA2925370900053E08006032B225A5471300C84607006442D20DE6470100C846FFEF6647000027370100263700001F009515F9361400DA3180078940028026371000D032404EFFFF2931064180078F400280273701006032C225A52F1300C52E0700642AC20D86CF0100D9CE7F0046CF000027CF010019CF0000A515F92E1400C5D1402EC0FF253705013A3F1000D03A873EFFCD
:FF1C7700FF473165370501252F05011F00FF027651000040063F608007E17006C8402EDEFE25D785C8F9DE1400DAD9BBE71300FF0262510000402EDEFE25EF89C8FF0262510000DBE71300EA074301FF022A510000DC2E0700622A910D622AD2355D2A622AC16500EA80070801F92E1400DA29E5370D00852F1300C32A403EDEFE273F81C8C539872F0100C22A27062C6D0200C539272F010065378801203EA000A5055F3A603AD205E54781016641AAFD1938C23AC7E9E52F8101033A5D3F00006629EAEF0000D555F92E1400DA29E5370D00852F1300C32A403EDEFE273F81C8C539872F0100C22A2706346D0200C539272F010045370800203EA000A5055F3A603A89
:FF1D7600F205054700004641C806FF008AFD1938C23AC7E9052F0000033A5D3F00004629C506FF00EAEF0000B525F92E1400DA29852F0500C22A2606546D0200C531262F01000132453718002036A000A5055F326032C205C5C71000BAFD1930C232C6E9852F110003325D370000C5EE0100FF021650000061EAEA0501320638FF02244F0000013A1930BFFFF8FC402EDEFE252FADC8602ACA15402EDEFE252F89C81930C232C629C5C70100A20DF92E1400C5D13A2F0100602AB205E5C760F94006FF708007216006C8FF02CC4F000060CA402EDEFE252F85C84036DEFE263781C8EA07670200CA19D0E54DA63F0100C23A2806386D0200C741283F0100E7472100E60B
:FF1E75004F03004941C806FFFFDA15E747250069419A1527472800264F02004941C806FFFF9A0D27472C00264F02004941C806FFFFA20501D2A64707006142EA0DE7470100E64F0500E941FA05873F050086470700E839A20501D2863F0100C23A28062C6D0200C741283F0100E7471D00273F1C00264F02000939C700E839E1D714D341CA4832D906FF0092B500CA854DA63F0100C23A2806386D0200C741283F0100E7472100E64F03004941C806FFFFDA15E747250069419A1527472800264F02004941C806FFFF9A0D27472C00264F02004941C806FFFFA20501D2A647070061428A0DE73F0100E6470500E839A20501D2863F0100C23A28062C6D0200C741283FF2
:FF1F74000100E7471D00273F1C00264F02000939C700E839E1D714D341CA4832D906FF00F2B500CA8545A63F0100C23A2806406D0200C741283F010007471000E64F03004941C806FF00FA05074714004941C806FF00A20501D2A64707006142EA0DE7470100E64F0500E941FA05873F050086470700E839A20501D2863F0100C23A2806346D0200C741283F010087471100073F1000064F020009398700E839E1D714D341CA4832D906FF00F2BD00CAF53DA5371300C636070062328115623282255D326232993585370500C2322706546D0200C63927370100A52585370500C2322706446D0200C63927370100E63F0102E5470F00E839FA158637C100A51585370560
:FF20730000C2322706506D0200C63927370100E63F8100E5470F00E839DA05863721006032A20501D241CA252E1400D936FF006832F1BD40CE020039CF656D99CF210060CAB27501D2957561CAB20500D2D56D002A05D0E515C536FF00C23227068CC8DDFEC6392806546D0200C6412837010026370100273F0100E731E1D714D3412ADA36FF00613205308600B2056432C6E5002A851DC536FF000638C73928069CC8DDFEC741C2322706446D0200C63927370100E6370100E83F0100E731E1D714D3412ADA36FF00613205308600B2056332A6E5002AB525C536FF00C2322706A4C8DDFEC6392806506D0200C6412837010026370100273F0100E731E1D714D340363E
:FF21720002002637656D26370100403EDEFE273FA9C8E731E1D714D3412ADA36FF006132C205C506FF0082DDFF027C4C0000DA56FF0040063F60402E0200252F656D800709380280254705001E4A89414056DEFEEA5FB1C825570500AA49953AC73E0100E941E3054046DEFEE85FB1C80940800709480280405620004A4909509552EA39FADD954AC9596332CB1DC132E60604220300C505850DD50D8515202E10008036FFFFA515202E10002606FFFFFF00C50D202E10001F32850D202E40061F32C505202E100000321F52E557823ACB00E55F825ACB4EFF07E9572002E547825AC851E74F2002C959E55F8202CB5146517F0080072140402E020025CF656D402E20AA
:FF2271000080078F280280402EC0FF253705012706FFFFDFFF473165370501252F05011F001E2A792F01004036DEFE662FA9C8392F01007E2AF205203E89000232FF02B2600100012A592F1400202EA000A5055F2A602AC205D9C71000B2FDD9C71000EA0501320638FF02404A0000402EDEFE6507B0C840063F4080072100402E0200252F656D0132453718002036A000A5055F326032C205C5C71000BAFDC5C71000E20501320638FF02004A0000402E200080078F280280800749300280053180074F300280402EDEFE6507B0C840063F00402EDEFEE52FB1C820363E06E629402EDEFEFB052537B0C841326537B0C87F006507B0C87F008407216006CE0000BA0DCD
:FF2370000A4A003A203665000740FF029E49000044063F60392F010026061041D90EE629EA07A502402EDEFE65CFC5C880FFA02F392F0900632F0500232F0500C5060700CA0500D28007EC0104D263D7050005D2402E0200252F316E2036A50065370100402E02002537356E233F0500663F81002537356E233F05002738663F8100252F356E23370500653781005FD2DA06FF00920D402E0200252F316E252F0500612A82DD40D602003AD7316E3AD7050061D2B20500D2F50501D202321A38FF02EA48000060D2EA076D01402E0200252F596E253705008636018065370500392F0900852E0400C52E0700632F0500052A403602002637316E203EA500663F010040A4
:FF246F00360200263F356E2347050067478100263F356E234705002840674781002637356E233F0500663F81005F2AC506FF00920D403602002637316E26370500613282DD402E0200252F316E252F0500612AFA0501D202321A38FF0250480000402E0200252F356E252F8100C5060700E20D63070100232F0100412A632F0100202E000523370100E531E1F5392F0900C5060400E20D402E0200252F596E253705002706FE7FFFFF473165370500B545402E0200252F356E252F810013324629632F0500052A403602002637316E203EA500663F010040360200263F356E2347050067478100263F356E234705002840674781002637356E233F0500663F81005F2AC5
:FF256E00C506FF00920D403602002637316E26370500613282DD402E0200252F316E252F0500612AFA0501D202321A38FF027C47000060D2FA05402E0200252F396E252F0100402EDEFE4507B4C860D2BA0D402EDEFE0132453720F0402EDEFE450723F0A50D204E1100003A203665000740FF023C470000402E020025373D6E26370100252F3D6E252F01010531C6060004DA05402EDEFE4507BCC8402EDEFE852FBDC84036DEFE2637C5C886371100C531E62E28002606986E0200C531402EDEFE6537C9C844063F60204EED00BF073AFD80072160402EDEFE852F21F0602A06C8B20500D2A50D0F4A01D2003A203665001A40FF02BA46000060CAA20D0D4A01D20048
:FF266D003A203665001A40FF02A446000060D2EA0711011928C42A2606646E0200C531262F0D00263F05004C32612AB20D622AA21D632AD22D002A01D2054005481A50A5251928C42A2806646E0200C541282F010000420848603AB2050152C51501D21A5095151928C42A2806646E0200C54128470100623AA10DC7060100FA050252002A054860D2B24DC54D01D295FD1928C42A2806646E0200C541284F0100643A810DC7060300DA050452002A0540B5ED01D2B5FD265F0100615AB215625AF21D635AAA2D604A822D1958C45A2C06646E0200CB612C5F0900695F0100444AC51D602AA21D1958C45A2C06646E0200CB612C5F0900455F0000412AE50D6042C20D21
:FF276C001958C45A2C06646E0200CB612C5F0900685F00004242CA5EFF00AB39603ABACD1A5040063F6080072170402EDEFE852F21F0602A06C8BA050F4AE50560CABA0500D2A50D0B4A0242003A20366500FF025E45000001D260D2EA075505402EDEFE252FC5C8852F1100D929E52E28002606986E0200C531402EDEFE6537C9C84036DEFE46CFBCC8252FC9C885CF1300402EDEFE45CFB4C8402E0200252F5D6E65070118402EDEFE650769C9D9060100E2075701402E0200252F5D6E252F0501C5060400EA07010140D6DEFE3A2FC9C8A52F1300852E040040360200263F5D6E672F09013A2FC9C8A52F1300852E0400270614C9DDFE672F0D00262F5D6E3A37C9F0
:FF286B00C826370D0065370D013AD7C9C83AD70D0067D7110005D2402E0200252F316E2036A50065370100402E020025375D6E013A663F010125375D6E1E4266470101252F5D6E653F01015FD2DA06FF00920D402E0200252F316E252F0500612AD2DD40D602003AD7316E3AD7050061D2E2D70000EA05013A0232FF0234440000402EDEFE252FC5C8252F0500A5055F2A4036020026375D6E26370501C6360400602AB2056032C2F5402E0200252F5D6E252F0501C5060400FA0501D202321A38FF02EE430000402EDEFE252FC9C8C5C71400402E0200252F5D6E8215252F1901852E01004036020026375D6E662F19014036DEFE662F29C9850D023265371901402E48
:FF296A00DEFE653729C960D29A3D402E020025375D6E26370500403EDEFE673715C9252F5D6E252F0500C5060400FA0501D202321A38FF027A430000402EDEFE252FC9C8C5D71400402E0200252F5D6E8215252F1900852E01004036020026375D6E662F19004036DEFE662F19C9850D023265371900402EDEFE653719C960D2EA07B903D9060800E207B103402E0200252F5D6E850749280001C5060400402EDEFE252FC9C885DF1B00DA3D052A40D602003AD7316E2036A5009A070F30000140D602003A375D6E86070FD82E013A375D6E3B3886070F382E013AD75D6E9A070FD82E015F2AC506FF00A20D40D602003AD7316E9A0749D0000161D292DD402E02002500
:FF2A69002F316E85074928000140D6DEFE7ADF9DC9612AE2D70000E207110380FFE012D51D4036020026375D6E252F0900860789302E01E6D9CA0D4036020026375D6E860789300001C6363F18E629820D003280FF70136052E20761020AD060D2DA2DD9060100AA2D402E0200252F5D6E252F0501C50604009225003A013280FF6A156052FA1540D602003AD75D6E9A0749D00001DA060400D20D40D602003AD75D6E9A0709D02E01DA060100B20580FF8C116052E207AB020AD0402EDEFE252FC9C8252F01004036DEFE662FCDC860D2DA1540D6DEFE3AD7C9C8BACF1500BA3F1B00193080FF682A013A19300A4080FFE80A6052E20773020AD060D2DA15402E020076
:FF2B6800252F5D6E4036DEFE263FC9C8E73F1100653F0118262FC9C8E52F11004036DEFE662F69C960D2AA65402E0200252F416EC5C70000BA5D40D602003A2F416E4036DEFE263FC9C8273F1E00653F0C00262FC9C8252F1E002706F0C8DDFE672F04003AD7416E262FC9C8252F1C007A2F080026D7C9C83AD71C0067D7020005D2402E02002537416E203EA5FF463F10002537416E013A463F00002537416E1E4246470000252F416E453F00005FD2DA06FF00920D402E0200252F416E852F1500612AF2DD40D602003AD7416E9AD71500402EDEFE01324537F0C861D2E2D70000EA05013A0232FF02CA40000060D2AA65402E0200252F456EC5C70000BA5D40D60229
:FF2C6700003A2F456E4036DEFE263FC9C8273F2200653F0C00262FC9C8252F22002706F6C8DDFE672F04003AD7456E262FC9C8252F20007A2F080026D7C9C83AD7200067D7020005D2402E02002537456E203EA5FF463F10002537456E013A463F00002537456E1E4246470000252F456E453F00005FD2DA06FF00920D402E0200252F456E852F1500612AF2DD40D602003AD7456E9AD71500402EDEFE01324537F6C861D2E2D70000EA05013A0232FF02044000001A5040063F7005D2402E0200252F316E2036A50085070F300001402E020025375D6E86070FD82E0125375D6E3B3886070F382E01252F5D6E85070FD82E015FD2DA06FF00A20D402E0200252F316EFA
:FF2D6600850749280001612A92DD40D602003AD7316E9A0749D00001402EDEFE65DF9DC961D2E2D70000FA07F9FC013A0232FF02823F0000BF072AFD60D2FA0725FD402E0200252F5D6E850749280001C5060400F2070FFD003280FF6C10BF0702FD80FF9010BF0756FD40D6DEFE3A2FC9C825370100A52F1500C32AC531402EDEFE6537CDC83AD7C9C8BA471B009A371700003A80FF4608BF0764FD8007214080FFAA01402EDEFE852F21F0602ACA0D0F4A0342003A20366500FF02FC3E0000015240063F406152BA050E4AB5F5402EDEFE2537C9C8863F0500A6371900C639C33A2606C06E0200C731403EDEFE6737CDC8252FC9C8A5CF1700A53F1B00193080FF5084
:FF2E650027013A19300A4080FFD00760528A25402EDEFE2537C9C8A63F1900A6471700C83986370500C6398700C33A2606C06E0200C731403EDEFE6737CDC8252FC9C8A5471B0085371900003A80FF8E076052DA15402E0200252F5D6E4036DEFE263FC9C8E73F1100653F0118262FC9C8E52F11004036DEFE662F69C96052EA5D402E0200252F496EC5C70000FA55402E02002537496E403EDEFE2747C9C82847260066470C002737C9C8263726002806FCC8DDFE68370400252F496E2737C9C82637240065370800272FC9C8252F2400682F0200052A40360200263F496E2046A5FF47471000263F496E014247470000263F496E1E4A474F00002637496E464700003E
:FF2F64005F2AC506FF00920D403602002637496E863715006132F2DD402E0200252F496E852F15004036DEFE013A463FFCC8612AE2CF0000C205195040063F40013A0232FF02723D000085FD80072100402EDEFE852F21F0602ACA0D0F4A0442003A20366500FF02523D0000012A0232F515402EDEFEC5DFB4C8BA050032F50D402E0200252F5D6E850749280001C5060400C205012A0032B50501320628602AE137045340063F0080072160402EDEFE852F21F0602ADA0D0F4A0542003A20366500FF02F63C00002056100040063F60FF029C3E0000402EDEFE852F23F0612AB20500CAD51D40CE0200392F3D6E252F01004036DEFE662FC1C8402EDEFE450722F03947
:FF306300CF3D6E39CF0101262FC1C8F92992ED192940CEDEFE792FC1C801CA402EDEFE25D7C1C8FF02543E0000B92E0100602AEA05013A0232FF027E3C00001A06E1FFCF1563D29F0D7FD2F23561D2F22562D2EA3502D2F55564D2B22568D2B2251A06F0FFDA2D05D2E54D1A0601FFCF0D1A06E0FFA21D1A06C0FF921D1A0680FFFA1D08D285451A0600FFB2151A0600FCA2151A0600FECA150AD2D53501D2B53503D2953504D2F52D06D2D52D07D2B52D09D2952D0BD2F52520D61000C525DA060002BAEDDA060001CAF5DA060200BAC5DA060400EAE5DA060800DAE5DA061000BAC5DA0620009AE5DA068000BACDDA064000DADDDA060100AAD5DA060004BADD20D615
:FF3162001200FF024C3D0000402E020025373D6E203EFF07663F0900252F3D6E653F0901FF023C3D00001A5040063F6080072140402EDEFE852F21F0602ACA0D0F4A0642003A20366500FF02703B00001F5240063F40FF02183D0000402EDEFE852F23F0612ADA25402E020025373D6E26370100403EDEFE6737C1C84036DEFE460722F0252F3D6E252F01012737C1C8E531F20D0531402EDEFE6537C1C8FF02DE3C0000013A0232FF02103B0000C505FF02CC3C0000402EDEFE25CFC1C8FF02943C0000402E020025373D6E203EFF07663F0900252F3D6E653F0901FF02843C0000195040063F4080072140402EDEFE852F21F0602ABA0D0F4A0742003A20366500FFD1
:FF32610002B83A000040063F40FF02463C0000052A403602002637316E203EA500663F010040360200263F3D6E01426747A502263F3D6E1E4A674FA50226373D6E6647A5025F2AC506FF00920D403602002637316E263705006132D2DD402E0200252F316E25CF0500FF02F83B000061CAEA05013A0232FF02423A000040063F408007A170402EDEFEA52F23F0602A06C8B2050052B50D204EEF000842003A20366500FF02183A00000152402EDEFE852F21F0602ABA050F4AC50562CAA30D0C4A0842003A20366500FF02F239000001526052EA070903402EDEFE252FC5C8A5D71100D9D1FA2E0C003906286F0200C5C999DF0B0099E709004ACA60DABA2D003A01323E
:FF33600080FFEE0C402E0200252F5D6E252F0501C5060400922D6052FA15402E0200252F5D6E850749280001C5060400D20D402E0200252F5D6E850789282E018500612ABA0580FFFE086052FA0D80FFAA0AC50D402E0200252F5D6E252F0501C5060400BA0580FF04166052EA07710261E2A21D62E2E207BF0163E2EA076102ECD23906286F0200DAC9B9CF090061CAEA074D02E0072001000000000000000000004006BF70ECD22506286F0200DA29A5D7090061D2EA07270240D6DEFE3AD7C9C8DADF1200920D60DABA050132A5050032063880FF1E0C6052DA0D40D602003AD75D6E9A0749D00001DA060400B20580FF54086052EA07E70105D2402E0200252F31BC
:FF345F006E2036A50065370100402E020025374D6E013A663F110025374D6E1E4266471100252F4D6E653F11005FD2DA06FF00920D402E0200252F316E252F0500612AD2DD40D602003AD7316E3AD7050061D2E2DF0000FA05013A0232FF025E380000A50D402E0200252F4D6E252F1100C50601008AFD61D2821D99D7010060D2CA1540D6DEFE3AD7C9C8DAC71200D20D40D602003AD75D6E3AD70501DA060400CA0580FFC8140AD860DABA3D40D6DEFE3AD7C9C8DADF1200BA0500D2F50D40D602003AD75D6E9A0749D00001DA060400DAF580FF360801D20AD860D2A22520D6AB41A5055FD2402E0200252F5D6E850749280001C52E0400DA06FFFFB205602AA2F536
:FF355E0040D602003AD75D6E9A0749D00001DA060400EA05013A0232FF02A037000060DADA5D80FF561360529A5D80FF00164006BF70003280FF960860528A55402E020025373D6E203EFF07663F0900252F3D6E653F0901ECD22506286F0200DA29A52F0900612ABA3D052A403602002637316E203EA500663F010040360200263F4D6E024267470100263F4D6E1D4A674F010026374D6E664701005F2AC506FF00920D403602002637316E263705006132D2DD402E0200252F316E252F0500612A8A0D013A0232FF02F43600004006BF7000000000000000000000B5FD4006BF708507E17000CA0828632F05000728632F010019D006D88007380640F6DEFE3E2FCD9E
:FF365D00C8853F0700E537030080FFBA083E2FCDC8852F01000506E5FFCF3D0506EEFFAF1D642AE2070301692AE2071F016E2A8A7D250614C9DDFE25CE4000402E020025EF5D6E3D2F09153DE608153DEE001580071C020506EDFFE20713010506EAFFE2072B010506E6FFCA5D402E020025EF5D6E9D078928240180E60892DDE180CE0092D9E9390614C9DDFE39CE70008007DE010506DAFF8F250506E4FFE2073B010506E2FFE20759010506E0FFAA3D402E020025EF5D6E9D0789282A0180E60895DDE180CE0095D9E9390614C9DDFE39CE7C0080079A010506D2FFCF1D0506D9FFE20743010506D3FFCA1D402E020025EF5D6E9D078928360180E6089BDDE180CE22
:FF375C00009BD9E9390614C9DDFE39CEA40080075E010506D1FFE20733010506CFFF924D1F2A80074A01250614C9DDFE25CE2800402E020025EF5D6E3D2F09113DE608113DEE001180072801250614C9DDFE25CE3400402E020025EF5D6E3D2F09133DE608133DEE001380070601250614C9DDFE25CE4C00402E020025EF5D6E3D2F09173DE608173DEE0017A575402E020025EF5D6E9D078928200180E60890DDE180CE0090D9E9390614C9DDFE39CE6400F55D402E020025EF5D6E9D078929200180E61890DDE180CE1090D9E9390614C9DDFE39CE6800C54D402E020025EF5D6E9D078928260180E60893DDE180CE0093D9E9390614C9DDFE39CE7400953D402E02CD
:FF385B000025EF5D6E9D078928280180E60894DDE180CE0094D9E9390614C9DDFE39CE7800E525402E020025EF5D6E9D078928320180E60899DDE180CE0099D9E9390614C9DDFE39CE9400B515402E020025EF5D6E9D078928380180E6089CDDE180CE009CD9E9390614C9DDFE39CEA8004036DEFE2637CDC8C6C70600E2072B01863F0100603AE20721017F2AE2071B013A0600A0F8FFFAE986F70500DA0540D6DEFE7AF7B9C823D7010061D205D2EA25402E0200252F316E2036A50085070F3000017DF701003E287D2F01007DF701005FD2DA06FF00A20D402E0200252F316E850749280001612AC2E540D602003AD7316E9A0749D00001A525402E0200252F316E54
:FF395A002036A500653701007DF701003E287D2F01007DF701005FD2DA06FF00920D402E0200252F316E252F0500612AE2E540D602003AD7316E3AD7050079F7010061D2E2D70000EA05013A0232FF0272330000202EAB41A5055F2A3C370100E6F1C205C506FFFF9AFD402EDEFE252FCDC8852F01000506CFFF8A0D232F0500602ACA05002A05F0A505012A4036DEFE462F21F03C2F0100E5F1F20501D202321A38FF021E330000402EDEFE252FCDC8A52F01000506E9FFDF2D6A2AEF15612AD24D662A9A4D250614C9DDFE25CE2C00402E020025EF5D6E3D2F09123DE608123DEE001280074E016B2AC25D502ACA35250614C9DDFE25CE4400402E020025EF5D6E3D8B
:FF3A59002F09163DE608163DEE0016800724010506DDFFAF1D0506E8FFB2550506DEFFAA1D402E020025EF5D6E9D0789282C0180E60896DDE180CE0096D9E9390614C9DDFE39CE8000D5750506DCFF82650506D6FFA24D1F2AD56D402E020025375D6E26370110252F5D6E252F0910E531920D01D202321A38FF02483200001F2A955D250614C9DDFE25CE2000402E020025EF5D6E3D2F09103DE608103DEE0010954D250614C9DDFE25CE3800402E020025EF5D6E3D2F09143DE608143DEE0014953D402E020025EF5D6E9D078928220180E60891DDE180CE0091D9E9390614C9DDFE39CE6C00E525402E020025EF5D6E9D078928340180E6089ADDE180CE009AD9E9E0
:FF3B5800390614C9DDFE39CE9C00B515402E020025EF5D6E9D078928300180E60898DDE180CE0098D9E9390614C9DDFE39CE8C004036DEFE2637CDC8C6CF0600B275A63F0100603AF26D7F2AD26D232F0100612AA6F70500052AEA25403602002637316E203EA50086070F3800017DF701003E307D3701007DF701005F2AC506FF00A20D403602002637316E8607493000016132C2E5402E0200252F316E850749280001A525403602002637316E203EA500663F01007DF701003E307D3701007DF701005F2AC506FF00920D403602002637316E263705006132E2E5402E0200252F316E252F050079F70100612AFA0501D202321A38FF02CC300000202EAB41A5055FDD
:FF3C57002A3C370100E6F1C205C506FFFF9AFD3C2F0100E5F1F20501D202321A38FF02A2300000402EDEFE2537CDC848326537CDC85FDADA06FF00DA05DB06FF00FA07C3F9DA56FF004506FF7080072140052A403602002637316E203EA50086070F38000140360200263F5D6E024287070F400001263F5D6E1D4A87070F48000126375D6E86070F4000015F2AC506FF00A20D403602002637316E860749300001613282DD402E0200252F316E850749280001612AE2CF0000C205202EAB41A50D013A0232FF02FE2F0000202EAB41A5055F2A4036020026375D6E860749300001C6060400C205C506FFFFBAF5402E0200252F5D6E850749280001C5060400E205013A5E
:FF3D56000232FF02BE2F0000195040063F4080072140402E020025375D6E8607893800012046C0E74839404EDEFE2957C9C82A5709000A3986078F380001252F5D6E85078928000148292937C9C82637090006294036DEFE662F71C9052A403602002637316E203EA50086070F38000140360200263F5D6E014287070F400001263F5D6E1E4A87070F48000126375D6E86070F4000015F2AC506FF00A20D403602002637316E860749300001613282DD402E0200252F316E850749280001612AE2CF0000EA05013A0232FF02FA2E0000195040063F40800721000638003280FF1E026052DA0D402E0200252F5D6E850749280001C5060400B205BFFF54FE40063F0080B0
:FF3E5500072140402E0200252F5D6E023265371901402EDEFE653729C9052A403602002637316E203EA500663F010040360200263F5D6E024267470101263F5D6E1D4A674F010126375D6E664701015F2AC506FF00920D403602002637316E263705006132D2DD402E0200252F316E252F0500612AE2CF0000C205202EAB41A50D013A0232FF02402E0000202EAB41A5055F2A4036020026375D6E26370501C6060400C205C506FFFFCAF5402E0200252F5D6E252F0501C5060400F20501CA02321938FF02022E0000195040063F40802EFFFFE531E20727010606ECFFCF256C329F156332F23D6832AA3D250614C9DDFE25363000402E0200252F5D6E252E1812E56D06
:FF3F54006D32B23D0606EEFF9A2D250614C9DDFE25364800402E0200252F5D6E252E1816D55D0606D8FFCF150606EBFFA2350606DAFFCA15402E0200252F5D6E80361898C629260614C9DDFE26369000F5450606D7FFB22D0606D4FFD235002A0530E53D250614C9DDFE25362400402E0200252F5D6E252E1810A535250614C9DDFE25363C00402E0200252F5D6E252E1814E525250614C9DDFE25365000402E0200252F5D6E252E1817A51D402E0200252F5D6E80361899C629260614C9DDFE26369800D50D402E0200252F5D6E8036189AC629260614C9DDFE2636A000602AE20D6032C20DC7060400F205033A653F0100663F01007F00023AA5FD7F008507E1704029
:FF4053002EDEFE2547C9C828470100404EDEFE294FC5C8294F0D00634F0500404EDEFE6947CDC8252FC9C805CF150005471600C8C905471700C8C9052F1800C5C900D207D806E0951540EEDEFE3D2FCDC8853F0700E5370300BFFF78FE3D2FCDC8482A7D2FCDC841D2DA2EFF00D936FF00E629B1ED00CA19288007EA0785D701001A06E3FFEF075B011A06EEFFFF3D64D2E207AD0269D2E20727036ED2EA070B07402E0200252F316E0536040061E2403E020027475D6E28EE0815284E00152847011527F75D6E9E0709F12001273F5D6E870709382E01EA07330361DAEA0721036242C20D6342EA072D0362F2F20563F2EA072303613AEA071D03270614C9DDFE273E29
:FF415200400001F28007CC061A06E7FFDF351A06EDFFE2070D031A06EAFFEA078B06402E0200254F5D6E402E0200252F316E89070940200180EE0890C9E980360090C64980360480C531803E0080C72961E2E23F00006242E2F700005E396342E2F700001E39603AE14714F3270614C9DDFE273E640080075E061A06E6FFE20731031A06E4FFEA072306403E0200274F5D6E402E0200252F316E89070940260180EE0893C9E980360093C64980360480C53180F60080DE2961E227F75D6E9E0709F12001273F5D6E870709382E01E2075903270614C9DDFE273E74008007F6051A06D7FFBF451A06E2FFE20767031A06E0FFE207F7031A06D9FFEA07AF05403E0200275B
:FF4251004F5D6E402E0200252F316E89070940320180EE0899C9E980360099C64980360480C53180F60080DE2961E227F75D6E9E0709F12001273F5D6E870709382E01EA073F046142E207290461DAEA0723040856FEFF6252E1070904270614C9DDFE273E940080076C051A06D2FFCF351A06D6FFE207D1041A06D3FFEA072D05403E0200274F5D6E402E0200252F316E89070940360180EE089BC9E98036009BC64980360480C53180F60080DE2961E227F75D6E9E0709F12001273F5D6E870709382E01E207DD03270614C9DDFE273EA400800700051A06D1FFE207F7031A06CFFFEA07C704402E0200254F5D6E402E0200252F316E89070941200180EE1890C9E973
:FF43500080361090C64980360480C531803E0080C72961E2E23F00006242E2F700005E396342E2F700001E39603AE14714F3270614C9DDFE273E680080079A04402E0200252F316E0536040061E2403E020027475D6E28EE0811284E00112847011127575D6E8A0709512001273F5D6E870709382E01AA1D61DABA156242920D64428A1D6252D2056352CA15613AAA15270614C9DDFE273E280001F280073A046242F2F56442D2F5D5056442BA0561DA8AF5270614C9DDFE273E28008007180461E2E2370000402E0200254F5D6E402E0200252F316E294701136242E23F00006731E34714F3260614C9DDFE263E340029EE0813294E0013053604008007DA03083EFEBC
:FF444F00FF623AF107F9FCE5056342CA0561DAFA07EDFC270614C9DDFE273E40008007B403402E0200252F316E0536040061E2403E020027475D6E28EE0817284E00172847011727F75D6E9E0709F12001273F5D6E870709382E01EA1D61DADA156142B20D0856FBFF6252C91D62F2D20563F28A1D613AEA15270614C9DDFE273E4C0002F2800752036142F2F56542D2F56642B2F5F50561DAD205083EFBFF623AC1ED270614C9DDFE273E4C0080072803403E0200274F5D6E402E0200252F316E89070940240180EE0892C9E980360092C64980360480C53180F60080DE2961E227F75D6E9E0709F12001273F5D6E870709382E01820D270614C9DDFE273E70008007C0
:FF454E00D4020856FFFF6152EBF562F2D20563F2AAF5613A8AF5270614C9DDFE273E700000F28007B2020856FFFF6152FB07A7FC62F2F20563F2FA079DFC613AFA0797FC270614C9DDFE273E740000F280078802403E0200274F5D6E402E0200252F316E89070940280180EE0894C9E980360094C64980360480C53180F60080DE2961E227F75D6E9E0709F12001273F5D6E870709382E01CA1D61DADA156242E21D6142A20D6342820D270614C9DDFE273E78008007220262F2921563F2EAF5613ACAF5C50D083EFFFF623AE905F50561DAC2ED6142B20563428AED270614C9DDFE273E780004F28007F001403E0200274F5D6E402E0200252F316E890709402A018026
:FF464D00EE0895C9E980360095C64980360480C53180F60080DE2961E227F75D6E9E0709F12001273F5D6E870709382E01820D270614C9DDFE273E7C0080079A016242920D6342EAF562F2D20563F2AAF5613A8AF5270614C9DDFE273E7C0001F28007780162F2F20563F2FA07F7FB613AFA07F1FB270614C9DDFE273E940000F28007580161DAF207DBFB083EFEFF613AFB07D1FB270614C9DDFE273E940001F2800738010856FFFF6152AB0D62F2B20D63F2FA071BFC613AFA0715FCC5056342FA070DFC270614C9DDFE273EA40004F280070801403E0200274F5D6E402E0200252F316E89070940380180EE089CC9E98036009CC64980360480C53180F60080DE29E4
:FF474C0061E227F75D6E9E0709F12001273F5D6E870709382E01F205270614C9DDFE273EA800955D0856FFFF6152FBF562F2D20563F2BAF5613A9AF5270614C9DDFE273EA80000F2954D403E0200274F5D6E402E0200252F316E89070940340180EE089AC9E98036009AC64980360480C53180F60080DE2961E2273F5D6E870709383201CA0D083EFFFF623A270614C9DDFE273E9C00992500F28525613A270614C9DDFE273E9C008A1D02F2F515250614C9DDFE253E2800402E020025475D6E28EE0811284E0011402E0200252F316E053604002847011108F0E8F1C2456032A245602A824505422056A5006557010069F701003E506957010069F701005F42C806FF19
:FF484B0000D205265701006152E2ED262F010067F70100612AFA0501CA02321938FF02AE240000202EAB41A5055F2A3D370100E6F1C205C506FFFF9AFD1A06CFFF8A0D402EDEFEA52F21F0602AAA0500F23D2F0100E5F1F20501CA02321938FF0270240000232F0100412A632F0100232F0100C52EFF0023370500C629853701006032FA0703F8D956FF004506FF7080072140402EDEFE2537C9C826370100403EDEFE6737CDC8252FC9C8A5CF1500A53F1B00193080FFB60C013A19300A40BFFF36ED6052BA5D402EDEFE2537C9C8263F0100A6371500C332C6394036DEFE663FCDC8252FC9C8A5471B0085371700003ABFFF04ED6052AA45402EDEFE2537C9C8863F73
:FF494A000500A6371900C639C33A2606C06E0200C731403EDEFE6737CDC8252FC9C8A5CF1700A53F1B00193080FF400C013A19300A40BFFFC0EC60528A25402EDEFE2537C9C8A63F1900A6471700C83986370500C6398700C33A2606C06E0200C731403EDEFE6737CDC8252FC9C8A5471B0085371900003ABFFF7EEC40063F4080072140402EDEFE252FC9C8C5C71200E207A501A52F1300852E040040360200263F5D6E672F0901402EDEFE253FC9C8A73F1300873E0400280614C9DDFE683F0D0026375D6E253FC9C8273F0D00663F0D01252FC9C8252F0D00682F110080FF70020ACE00009A45402EDEFE252FC9C8C5C71400402E0200252F5D6EC20D252F190140B9
:FF4A490036020026375D6E853E0100663F1901C505023A653F1901402EDEFE653F29C9402EDEFE252FC5C8252F0500A5055F2A4036020026375D6E26370501C6360400602AB2056032C2F5402E0200252F5D6E252F0501C5060400FA0501CA02321938FF026E22000060CA9A6D402E0200252F456EC5C70000AA6540CE0200392F456E4036DEFE263FC9C8273F2200653F0C00262FC9C8252F22002706F6C8DDFE672F040039CF456E262FC9C8252F2000792F080026CFC9C839CF200067CF020005CA402E02002537456E203EA5FF463F10002537456E013A463F00002537456E1E4246470000252F456E453F00005FCAD906FF00920D402E0200252F456E852F150095
:FF4B4800612AF2DD40CE020039CF456E99CF1500402EDEFE01324537F6C861CAE2CF0000DA0D013A0232FF02A8210000195040063F4080FF1A0140063F40195040063F4080072140402E0200252F516E252F0100602ADA0D402E0200252F556E252F0100602ADA0500CA195040063F4040CE020039CF5D6E402EDEFE252FB9C8990709C82001F92982F540CEDEFE39CFB9C862CACA5540CE020039CF5D6E39CF0501D906040092E505CA402E0200252F316E2036A50085070F300001402EDEFE2537B9C8403E020027475D6E88070F3020012537B9C8263027475D6E88070F302001252FB9C827375D6E86070F2820015FCAD906FF00A20D402E0200252F316E850749C6
:FF4C4700280001612A92D540CE020039CF316E990749C80001402EDEFE252FB9C84036DEFE662F79C961CAE2CF0000EA9D013A0232FF029E200000859D63CADA9540CE020039CF5D6E990749C80001A5AD80072140052A403602002637316E203EA500663F010040360200263F5D6E014267470101263F5D6E1E4A674F010126375D6E664701015F2AC506FF00920D403602002637316E263705006132D2DD402E0200252F316E252F0500612AE2CF0000EA05013A0232FF021C200000195040063F408007216006C8FF02C0210000402EDEFE252FC5C8A5D71100FF02BC210000FF028C210000402E02002537516E1F3A663F0500403602002647556E683F0500253F69
:FF4D4600516E2806E7FFFF8267470900263F556E2046FE0167470900D9D1ECD22706286F0200DA3927470100252F516E65470500272F05002637556E662F0500FF023C210000402EDEFE0132453723F040063F60800721006032CA0D204E10000942003A20366500FF026E1F000040063F00202E3B00662F0000202E6500662F0200012A462F0500022A462F0600062A462F070040063F008007214006C8FF02EC200000402EDEFE852F21F0602ACA0D0F4A20461000003A20366500FF021A1F000080072A0561CAC20500CA8007220540CE020039CF416EF9CF0D00402EDEFEE52FF5C8E5C9BA1D40CE020039CF416EF9CF0900402EDEFEE52FF3C8E5C9FA0D40CE027D
:FF4E45000039CF416E99CF0100402EDEFE852FF1C8E5C9BA0500CAA50501CA402E0200252F456EE52F0D004036DEFEE637FBC8E6299A1D402E0200252F456EE52F09004036DEFEE637F9C8E629DA0D402E0200252F456E852F01004036DEFE8637F7C8E629A20501CA402E0200252F496EE52F0D004036DEFEE63701C9E6299A1D402E0200252F496EE52F09004036DEFEE637FFC8E629DA0D402E0200252F496E852F01004036DEFE8637FDC8E629A20501CA402E020025375D6E26370118270614C9DDFE27475500E831E1CF14CB252F5D6E252F090127370D00E6299A1D402E0200252F5D6E252F0D014036DEFE263725C9E629DA0D402E0200252F5D6E252F1901B6
:FF4F44004036DEFE263729C9E629A20501CA402E0200252F5D6E252F05004036DEFE263715C9E629DA0D402E0200252F5D6E252F19004036DEFE263719C9E629A20501CA402E0200252F5D6E8507892800014036DEFE263771C9E629EA0D402E0200252F5D6E850709282E014036DEFE26379DC9E629A20501CA402EDEFE252F39C9602AA20D4036020026375D6E26371910E629EA075B03402EDEFE252F45C9602AA20D4036020026375D6E26371912E629EA073D03402EDEFE252F51C9602AA20D4036020026375D6E26371914E629EA071F03402EDEFE252F5DC9602AA20D4036020026375D6E26371916E629EA070103402EDEFE252F65C9602AA20D40360200264F
:FF504300375D6E26371917E629EA07E302402EDEFE252FA5C9602AB20D4036020026375D6E860789313001E629EA07C302402EDEFE252FADC9602AB20D4036020026375D6E860789313201E629EA07A302402EDEFE252FB5C9602AB20D4036020026375D6E860789313401E629EA078302402EDEFE252F35C9602AA20D4036020026375D6E26370110E629EA076502402EDEFE252F41C9602AA20D4036020026375D6E26370112E629EA074702402EDEFE252F4DC9602AA20D4036020026375D6E26370114E629EA072902402EDEFE252F59C9602AA20D4036020026375D6E26370116E629EA070B02402EDEFE252F81C9602AB20D4036020026375D6E86070930220124
:FF514200E629EA07EB01402EDEFE252F95C9602AB20D4036020026375D6E860709302C01E629EA07CB01402EDEFE252FA1C9602AB20D4036020026375D6E860709303001E629EA07AB01402EDEFE252FB1C9602AB20D4036020026375D6E860709303401E629EA078B01402EDEFE252F3DC9602AA20D4036020026375D6E26370111E629EA076D01402EDEFE252F49C9602AA20D4036020026375D6E26370113E629EA074F01402EDEFE252F55C9602AA20D4036020026375D6E26370115E629EA073101402EDEFE252F61C9602AA20D4036020026375D6E26370117E629EA071301402EDEFE252F79C9602AA20D4036020026375D6E860709302001E6299A7D402EDEA8
:FF524100FE252F7DC9602AA20D4036020026375D6E860709312001E629AA6D402EDEFE252F85C9602AA20D4036020026375D6E860709302401E629BA5D402EDEFE252F89C9602AA20D4036020026375D6E860709302601E629CA4D402EDEFE252F8DC9602AA20D4036020026375D6E860709302801E629DA3D402EDEFE252F91C9602AA20D4036020026375D6E860709302A01E629EA2D402EDEFE252FA9C9602AA20D4036020026375D6E860709303201E629FA1D402EDEFE252FB9C9602AA20D4036020026375D6E860709303601E6298A15402EDEFE252FBDC9602AB20D4036020026375D6E860709303801E629A20501CAFF02AA1B0000195040063F40402E0200D6
:FF5340002537416E26370C002706F0C8DDFE673704002537416E2637080067370200252F416E052F0000472F0000402E02002537456E26370C002706F6C8DDFE673704002537456E2637080067370200252F456E052F0000472F0000402E02002537496E26370C002706FCC8DDFE673704002537496E2637080067370200252F496E052F0000472F0000402E020025375D6E26370118270614C9DDFE6737550025375D6E2637090167370D0025375D6E26370D016737110025375D6E263719016737150025375D6E263705006737010025375D6E263719006737050025375D6E86078930000167375D0025375D6E860709302E016737890025375D6E263719106737256B
:FF543F000025375D6E263719126737310025375D6E2637191467373D0025375D6E263719166737490025375D6E263719176737510025375D6E8607893130016737910025375D6E8607893132016737990025375D6E8607893134016737A10025375D6E263701106737210025375D6E2637011267372D0025375D6E263701146737390025375D6E263701166737450025375D6E86070930220167376D0025375D6E860709302C016737810025375D6E86070930300167378D0025375D6E86070930340167379D0025375D6E263701116737290025375D6E263701136737350025375D6E263701156737410025375D6E2637011767374D0025375D6E86070930200167378D
:FF553E00650025375D6E8607093120016737690025375D6E8607093024016737710025375D6E8607093026016737750025375D6E8607093028016737790025375D6E860709302A0167377D0025375D6E8607093032016737950025375D6E8607093036016737A500252F5D6E850709283801672FA9007F00603A402EDEFE252FCDC8C205015280073E01203E7F00C535854701000806E1FFDF0D0806E6FFF21D0806E4FFF21D0806E2FFCA25C73EFB0095250806D4FFAF0D0806E0FFE2150806D9FF8A1DC73EEF00D5150806D3FF82150806D1FFFA0DC73EBF00C50DC73EFE00950DC73EFD00E505C73EF700B505C73EDF005F32482AC606FF00BACD002A0550E55DC515
:FF563D0036FF000142E647C000474188006742BF156142F22D6242D2356442EA4D4036020026375D6E8607093028016132C2456332A245A5450806E1FFEF0D6842A22D5042BA3D4036020026375D6E8607093032015E32F52D0806E0FFC2250806C0FFCA2D4036020026375D6E86070930380185254036020026375D6E860709302401851D4036020026375D6E86070930260185154036020026375D6E860709302A0185CD4036020026375D6E8607093036015F326132AB050152412AC536FF00673286A58A007F00820721006032D26D262F010027062002DF0EE729EA65402EDEFE6537C1C9003280FF22076052CA05013280FF18076052CA05023280FF0E0760525B
:FF573C00BA55042A432F0300232E0300052F00005F2A432F0300A32F0300602AEAF580FFCC0D402EF8FF252F010BC5060100C23D202E1400432F0300202EA50080070F2800F0402EF8FF6507010B1F326537010B6507010B232E0300052F00005F2A432F0300A32F0300602AE2058007492800F0612AB2E58007492800F0612AEA0501320638FF0258150000202E88FF432F0300232E0300052F00005F2A432F0300A32F0300602AEAF542063F008207E17007C820464000233E030080FF5C0B0AD60000E20739019ADF0700BAE70700DC060F00FAEF0300DA2DFF02D61600001B28C22A2606406F0200C62925370100263701081D38D03A60CAAA155D31FD31FA0DFA46
:FF583B00370500073125470100683701014036FFFF46391D39A73EFFFFC50561CAEA051D39252F0100653F0108FF0292160000DC2E0F00612AFA2DFF02761600001D28D02A60CA403602002637556F26378100EA155D31FD31BA15FA3705000531403E02002747556F683711004036FFFF46291D29A52EFFFF2737556F850D61CA8A0D1D29403602002637556F662F8100FF022E160000DC2E0F00622A8A35FF0212160000C2DA2506586F0200C5D93B2F0100252F01081D30D03260CAEA155D29FD29BA15FACF050006C93B2F010065CF010140CEFFFF593106E9BD36FFFF3BCF010079370108850D61CAEA051D313B2F010065370108FF02C81500004206FF7080078D
:FF593A002100003280FF0A0B013280FF040B023280FFFE0A40063F008207E17007C820462000233E030080FFF0096052E207BF038AD70700EADF0300AA2F0700C5060F00EA077502192E0E0062CAF92F2CE3A32F0300E52E34004036DEFE2637C1C926370500C531262F0100C5060080C225FF02401500001A28C22A2606406F0200C6292537010026370005DC060200CA053B384731A5051B31252F0100653700051A28C32A2706C4C9DDFEC53967370000FF020E150000A32F0300E52E34004036DEFE2637C1C926370500C531262F0100C5060040C225FF02DA1400001A28C22A2606406F0200C6292537010026370006DC060400CA053B384731A5051B31252F0135
:FF5A390000653700061A28C32A2706C4C9DDFEC53967370200FF02A8140000A32F0300E52E34004036DEFE2637C1C926370500C531262F0100403601006629C225FF02721400001A28C22A2606406F0200C629253701002637000ADC060800CA053B384731A5051B31252F01006537000A1A28C32A2706C4C9DDFEC53967370400FF0240140000A32F0300E52E34004036DEFE2637C1C926370500C531262F0100C5062000E225FF020C1400001A28C22A2606406F0200C629253701002637004219067EFFD6051B31D9CE1F00B5053B384731252F0100653700421A28C32A2706C4C9DDFEC53967370600FF02D6130000FF02C2130000C2D22506406F0200C5D13A2F28
:FF5B38000100252F01081BE8D0EA60CADA157B29B215A3CF0300F9CE3400402EDEFE252FC1C9252F0500D92925CF050019E93ACF010079EF0101FF028813000040CEDEFE39CFC1C939CF0500A32F0300E52E3400C5C939CF0100402E020065C9E215FF025213000040CEFFFF59E980CEFFFFDC061000E0CF14CB3BC919E93ACF010079EF0109FF023C130000FF022813000040CEFFFF59E980CEFFFFDC060100E0CF14CB39D91BE93ACF010079EF0108FF02121300004206FF70AA2F0700C52E0F00612AEA072D01FF02EC120000192E0E0062CAF92F2CD3DA060200402E0200252F556F052F5000CA053B304629A5051B29403602002637556F462F50004036DEFE464B
:FF5C37002FECC9DA060400402E0200252F556FFA0D3B30053F60004639453F6000402E0200252F556F052F60004629D50D053760001B3145376000402E0200252F556F052F60001B294036DEFE462FEDC9FF02721200001BE0D0E260CA402E0200252F556F252F8100DA1D7B29B21DA32F0300E52E2C004036DEFE2637C1C926370900C53126CF0500FF022C12000019E1402E0200252F556F65E71100FF0226120000FF0212120000402EFFFF45E180CEFFFFDA061000E0CF142B3B291C2940EE02003D37556F662F9100FF02F8110000FF02E4110000DA060100E0CF142B25D91BE13D2F556F65E78100FF02D81100004206FF7080072100013A80FF160040063F00FE
:FF5D360080072100003A80FF080040063F008307E17007C820461000233E030080FFFE056052C275802EFFFF61CAE02F142BEAD703003A291AD8D0DA05D98AE70700AA2F0700C5060F00CA4D402EDEFE252FC1C925EF0500A3F70300FF025A110000FE2E3400DD2925370100403E02006731B20D1C30C2322706406F0200C7312637010066DF010925DF0100DB062000C2251CD8C2DA2506406F0200C5D93B2F0100252F004261CACA053AD05A29A50D3A304629FE363400C6E9FD3723005A3106293BDF01007B2F0042C3E23B06C4C9DDFEDCD97B2F0600FF02EC1000004306FF70AA2F0700C52E0F00612AFA0DFF02C8100000402E0200252F556F65DF9100FF02C4CB
:FF5E35001000004306FF700A2F07004306FF708307E1706032EA077F02402EDEFE252FC1C9853719006337010025CF050000D21AD880074C0299E73100402EF8FF252F010BC5060100D205B92F3100602A8215392F05004036FFFF06291C30C2322706406F0200C73126370100662F0101402EF8FF252F010BC5060100E205B92F3100602AE207F701392F1500C536FFFF20EE14001CF0C2F22706406F0200C7F13E3F01002046A5006747014C3E3F010067370145403EFFFF0539A73EFFFF3E470100683F01453E3F0100673701453E3F0100273F014B5FEADD06FF00B205613AA2DD3E2F0100252F014B612AFA0501DA1B301B38FF02F00D0000392F0100C50600087E
:FF5F3400A235392F1900C536FFFF3E3F01002046A5006747014C3E3F010067370146403EFFFF0539A73EFFFF3E470100683F01463E3F0100673701465FEADD06FF003E3F0100273F014BB205613A82E53E2F0100252F014B612AFA0501DA1B301B38FF02840D0000392F24003E370100662F0043392F26003E370100662F0044392F1C003E370100662F0047392F0100C50600809215392F2C003E370100662F00051C28C32A2606C4C9DDFEC531392F2C00662F0000392F0100C50600409215392F2A003E370100662F00061C28C32A2606C4C9DDFEC531392F2A00662F0200392F01004036010066299215392F2E003E370100662F000A1C28C32A2606C4C9DDFEC5AE
:FF60330031392F2E00662F0400392F0100C50620008215392F22003E370100662F0042C3E22506C4C9DDFEDC293937220065370600392F0100403602006629A20D392F11004036FFFF06293E370100662F0109392F20003E370100662F0040392F28003E370100662F0041392F09004036FFFF06293E370100662F010839CE340041D2DA2EFF0023370100E6299935DB06FF00F207A9FDC52D6132EA07D90140DEDEFE3BDFC1C93BDF0900402EF8FF252F010BC5060100D205BB2F2B00602AC20D3B2F05004036FFFF0629403602002637556F662F1100402EF8FF252F010BC5060100A20DBB2F2B00602AEA0500DADB56FF004306FF703B2F0D00C536FFFF20CE14006E
:FF613200403E02002747556F204EA500684FC1042747556F683751044046FFFF0541A846FFFF274F556F694751042747556F683751045FCAD906FF00273F556F273FB104B205613AE2DD402E0200252F556F252FB104612AB20500D2F50501D21A301A38FF02840B00003B2F1900C536FFFF403E02002747556F204EA500684FC1042747556F683761044046FFFF0541A846FFFF274F556F694761042747556F683761045FCAD906FF00273F556F273FB104B205613AE2DD402E0200252F556F252FB104612AFA0501D21A301A38FF021A0B0000402E02002537556F1B3F1C00463F30042537556F1B3F2400463F40042537556F1B3F2000463F70042537556F1B3F285B
:FF62310000463FA0042537556F1B3F2200463F50001B3722002706ECC9DDFE473700002537556F1B472600464760001B372600473701003B371100403EFFFF07312547556F683791002537556F1B471400464700042537556F1B471E00464710043BDF090007D9252F556F65DF81001A504306FF706232FA0779FE40DEDEFE3BDFC1C99B2F1B003BDF0D000032C53DBB471100604282153B470900404EFFFF09410748C24A2A06586F0200CA49294F0100694701014046F8FF2847010BC8060100D205BB4711006042B21DC23A2806586F0200C839274701003B4F0C00684F0040274701003B4F0E00684F00413B470500404EFFFF0941273F0100674701083BDE1400B6
:FF6330004132C63EFF00E539F907E5FD9B3F11004046F8FF2847010BC80601008ABDB5BD402EDEFE252FC1C9254F1100A52F1B00295700001F5247570000005A2066FF000B5005680D280B68CD5EFF00C576FF00EE59C915E95F0100EB31CA0DA92F070048290D58E829FAED89670700002A095095ED484A0D5E0100D5E5CC2EFF00050601FFA24DAA2F0700C5060F00FA1D402EDEFE252FC1C985371900252F05000042E50DCC4EFF00855F3100EB49DA05474700000032C505252E34004142C84EFF00C65EFFFFEB49E6EDF525AA2F0700C52E0F00622AFA1D402EDEFE252FC1C985371B00252F0D000042E50DCC4EFF00855F1100EB49DA05474700000032C5052589
:FF642F002E14004142C84EFF00C65EFF00EB49E1EDB505470700007F00800721606032DA25402EDEFE252FC1C925CF050085D71900FF02880A00009515992F3100C22A2606406F0200C531262F010039370D00653701085FD239CE3400DA06FFFFEAEDFF02680A000040063F6061328A25402EDEFE252FC1C925CF0900A5D71900FF023C0A0000C50D402E0200252F556F39370100653781005FD239CE2C00DA06FF00BAF5FF02260A000040063F606232BA25402EDEFE252FC1C925CF0D0085D71B00FF02FA0900009515992F1100C22A2606586F0200C531262F010039370100653701085FD239CE1400DA06FF00EAEDFF02DA09000040063F60402EDEFE252FC1C9D0
:FF652E0085371D00252F1500E50D403E0200273F5D6FE5470100C83905470200474700005F32442AC606FF009AF57F008207E17020462000233E0300BFFFEAFD6052E207A3038ACF0700EAD70300AA2F0700C5060F00EA077702A32F0300E5363400403EDEFE273FC1C927470500C64128370100404602006831E2076B0327370500E5463400C831263711007A31E207450127370500E5463400C83126370100C6060040822D19D8C2DA2606406F0200C6D93B370100273F0500E52E3400C539E7E72B0026EF0006FF02F60800003A2845E95AE11CE93B2F010065EF00061928C32A2606C4C9DDFEC53166EF0200FF02DE080000A32F0300E5363400403EDEFE273FC1AE
:FF662D00C927470500C64128370100C6060080822D27370500E52E3400C531E6DF2D00FF029C0800001928C22A2606406F0200C62925370100263700053A3847315AD91B31252F0100653700051928C32A2706C4C9DDFEC53967370000FF0270080000A32F0300E5363400403EDEFE273FC1C927470500C64128370100404601006831822D27370500E52E3400C531E6DF2F00FF022C0800001928C22A2606406F0200C629253701002637000A3A3847315AD91B31252F01006537000A1928C32A2706C4C9DDFEC53967370400FF0200080000A32F0300E5363400403EDEFE273FC1C927470500C64128370100C6062000BA0501DAB52D27DF0500E52E3400C5D9FBDFC3
:FF672C002300FF02BA0700005AD91928C22A2606406F0200C62925370100263700423A3847311B31252F0100653700421928C32A2706C4C9DDFEC53967370600FF028E07000060DAE2DF0000A32F0300E52E34004036DEFE2637C1C926370500C53126E71100FF025A0700005AE11A28D02A1C29C2CA2606406F0200C6C939370100662F0109FF0248070000BB2E0100602AEA075501A32F0300E52E34004036DEFE2637C1C926370500C53126DF0900FF02100700005AD9D0D21BD1392F010065D70108FF020A0700004206FF70AA2F0700C52E0F00612AEA070F01A32F0300E5362C00403EDEFE273FC1C927470900C641283711007A31B24527370900E52E2C00C52C
:FF682B0031E6CF2700FF02B80600005AC93AD840E602003C2F556F052F60005B29850019293C37556F462F60003906ECC9DDFE592F0100FF0298060000402EDEFE252FC1C9252F0900A3370300E6362C00C629E5EF2300FF026A0600005AE93C2F556F052F50005B2985001D293C37556F462F5000592F0000FF0256060000A32F0300E52E2C0040CEDEFE3937C1C926370900C53126DF1100FF02280600005AD91AE0D0E21CD940EE02003D2F556F65DF9100FF021C060000392FC1C9252F0900A3370300E6362C00C62925CF0900FF02F20500005AC919E13D2F556F65E78100FF02EE0500004206FF708207A17020464000233E0300BFFF32FA0ACE0000C27599D71E
:FF692A000700F9DF0300192F0600432F03001BE0D0E2B92F0700C5060F008A25FF02A2050000402EDEFE252FC1C9252F0500A3370300E6363400C629252F09005B2905E11A28C22A2606406F0200C629252F010065E70108FF0278050000B92F0700C52E0F00612ACA1DFF0258050000402EDEFE252FC1C9252F0900A3370300E6362C00C629252F09005B2905E1402E0200252F556F65E78100FF0236050000B92F0700C52E0F00622AFA1DFF0216050000402EDEFE252FC1C9252F0D00A3370300E6361400C629252F05005B2905E1C2D22506586F0200C5D13A2F010065E70108FF02EE0400004206BF706032B215202E3B00662F0000202E7C00662F0200022A463B
:FF6A29002F0500042A462F0600202E1300462F07007F00800721406032402EDEFE252FC1C9253F090025470D00252F0500EA07930100520A30F545404EDEFE294FC1C9894F1900C65EFF00E9598945854F3100C24A2B06406F0200C9592B4F0100E95F0143E5672500EC59AA2DE95F0144E5672700EC59CA25E95F0147E5671D00EC59EA1DE95F0140E5672100EC598A1D295F0145E5671500EC59AA15255F0100CB060008F205295F0146E5671900EC59FA05E94F0141E55F2900EB49A20501524132252E3400CA06FF0082BD002AA51D88371100C2322906586F0200C64929370100E64F0140E85F0D00EB49FA05E6370141E84F0F00E931A2050152412A284614009D
:FF6B2800CA06FF00BA0D4036DEFE2637C1C986371B00C54EFF00E649B1DD402E0200252F556F852F310487371D00E629FA45402E0200252F556F852F410487372500E629DA3D402E0200252F556F852F710487372100E629BA35402E0200252F556F852FA10487372900E6299A2D402E0200252F556F852F010487371500E629FA1D402E0200252F556F252F5104E7370D00E629DA15402E0200252F556F252F6104E7371900E629BA0D402E0200252F556F852F110487371F00E629F205015240063F406132D20501528A0040063F40FF02F4020000402EDEFE252FC1C9252F050000CA1930B555853F31000740C2422906406F0200C84929470100254F0100C90620D3
:FF6C270000D20D0748C34A2A06C4C9DDFEC951E84F0142EA570700EA49CA35254F0100C9060040D20D0748C34A2A06C4C9DDFEC951E84F0106EA570300EA49BA25254F0100C9060080D20D0748C34A2A06C4C9DDFEC951E84F0105EA570100EA49AA15254F0100405601006A49D20DC33A2906C4C9DDFEC749E83F010AE9470500E839A20501CA4132252E3400D906FF00BA0D403EDEFE273FC1C9873F1900C646FF00E741A1A5FF022C020000FF0218020000402E0200252F556F852F61004036DEFEA637EDC9E629DA0D402E0200252F556F852F51004036DEFE8637EDC9E629A20501CAFF02EE010000D956FF0040063F407F0000527F0000527F007F007F007F00D3
:FF6D26007F0080072100FF024875000040063F0080072100FF022875000040063F0080072100FF022C75000040063F0080072100FF020C75000040063F0080072100FF021075000040063F0080072100FF02F074000040063F0080072100FF02F474000040063F0080072100FF02D474000040063F0080072100FF02D874000040063F0080072100FF02B874000040063F0080072100FF02BC74000040063F0080072100FF02AE74000040063F0080072100FF028E74000040063F0080072100FF028074000040063F0080072100FF028474000040063F0080072100FF026474000040063F0080072100FF026874000040063F0080072100FF024874000040063F0080F6
:FF6E2500072100FF024C74000040063F0080072100FF022C74000040063F0080072100FF023074000040063F0080072100FF021074000040063F0080072100FF021474000040063F0080072100FF02F473000040063F0080072100FF02F873000040063F0080072100FF02D873000040063F0080072100FF02DC73000040063F0080072100FF02BC73000040063F0080072100FF02C073000040063F0080072100FF02A073000040063F0080072100FF02A473000040063F0080072100FF028473000040063F0080072100FF028873000040063F0080072100FF026873000040063F0080072100FF026C73000040063F0080072100FF024C73000040063F008007210097
:FF6F2400FF025073000040063F0080072100FF023073000040063F0080072100FF023473000040063F0080072100FF021473000040063F0080072100FF021873000040063F0080072100FF02F872000040063F0080072100FF02FC72000040063F0080072100FF02DC72000040063F0080072100FF02E072000040063F0080072100FF02C072000040063F0080072100FF02C472000040063F0080072100FF02A472000040063F0080072100262F010027060081D90EE7298A45402EDEFE6537F5C94036020026377971863F0100C73E7F00463F0000252FF5C9253711006032A22540360200263F7571052F0C00873F0D00C73E0800072926377571462F0C004036DE32
:FF702300FE462FF1C9402EDEFE252FF5C9252F04004036DEFE662FFCC90032FF02B8010000402EDEFE252FF5C9252F11004036DEFE662FF9C940063F008007216006CE0000B275402EDEFE252FF9C9602ADA6561CAEA25FF021AFFFFFF402E02002537757140D6DEFE3A3FF5C986370D00C6360800252F7571073F0A000639453F0C00402EDEFE453FF1C9FF02F4FEFFFFFF02FCFEFFFF3A2FF5C9E52F0700D525FF02D0FEFFFF402E02002537757140D6DEFE3A3FF5C986370D00C6360800252F7571073F0B000639453F0C00402EDEFE453FF1C9FF02AAFEFFFFFF02B2FEFFFF3A2FF5C9E52F09002036E803E5378202402EDEFE6537FCC9FF02A2FEFFFFFF0272FE4A
:FF712200FFFF402EDEFE65CFF9C9FF0272FEFFFF0132FF02C2000000402EDEFE252FF9C9E5C9BA050052A505015240063F608007214006C8FF0256FEFFFF402EDEFE252FF9C9612A8A0D402EDEFE252FF5C9E52F0700950D622ADA0D402EDEFE252FF5C9E52F0900E5CF8202402EDEFE65CFFCC9FF0228FEFFFF40063F406132FA0D402E0200252F7571852F0D004036DEFEA637F1C9E629BA0500527F0001527F0080072100402EDEFEE52FFDC9602AA215FF02DCFDFFFF402EDEFE2537FCC95F326537FCC9FF02D6FDFFFF0132FF020A00000040063F008007214006CE0000C205FF02ACFDFFFF402E0200252F75712036ACFF4537000060CAC205FF02A0FDFFFF4080
:FF722100063F407F0080072100800729280C10260600060800C629602AB205E5C760F940063F008007210080FF700261528A0DBFFFD4FFFF0212480000BFFFCCFF40063F00800721000032FF026E3F00006052BA050052851580FF54006052B2050452A50D402EDEFE252F45F1602A9AFDBFFFB6FF0352402EDEFE0132453724F08A0040063F00800721406032DA0D0032FF02DA3F00000AC880FF760180FF3601195040063F40005240063F40800721000432FF02063F000040063F008A0721004307070043070600430705004307040043070300430702004307010043070000430700000328632F09006032BA15062A432F0000202E5000432F0100022A432F020000
:FF73200043070300202E3200432F0400012AB51561328A1D062A432F0000202E5000432F0100012A432F0200430703002036320043370400432F05001432433706000032F5356232EA0D022A432F0000202E5100432F0100012A432F02000032052A852D6332C205002A0530B525022A432F0000202E5000432F0100032A432F0200260600720200063F0300433F030006370400433704000032C50DC63EFF000742A7410338C8392046AAFF474700004132C63EFF00C546FF00E83981F5082A632F1000233E08000032FF022E0100004A063F00402EDEFE053774CE86368000C636BF00453774CE402EDEFEA52F6DCE612AE20D402EDEFE252F28CA4036DEFE662F6E35
:FF741F00CE402EDEFE013245376DCE7F00800721000332FF02A43D00006052FA050332FF024A3E000040063F000032BFFF90FE40063F00002AA515C536FF00270600CADDFEC639873F0100280600720200C83186370100E6398A0D412AC536FF006332C1ED0052A50501527F000628C22A280644680200C541282F0100252F0100F837400228062C680200C641283701004132E62FFE2A672F00007F00820721406307020063070000233E020000CA1930BFFFBCFFBFFF82FF6052DA050332BFFF00FE01CA03380032BFFFA4FF0132FF020CFDFFFFE32F0100E3370300A62920361300E629CB05D906FF00D2E5990061CAEA57000042063F408607210063070800072FF0
:FF751E000800432F0A00250619070040632F0500272F0100632F010003380232FF02AE6EFFFF6052EA57000046063F00800721006032DA050032FF026A08000040063F0086072100402EDEFE852F25F0602ADA15002AF50DC546FF00290600CADDFEC84927570100CA410847000049470000412AC546FF006342F1ED272F0800632F0800272F0100632F0100E72F0900203E4000E729DB1D262F0100260611070040E6298A0D03380032FF027E09000046063F002606DF070040E629AA0D0132402EDEFE45376CCE0338FF025E09000046063F00800721002606806C0200FF026C4BFFFF00320638FF02D863FFFF40063F007F007F007F00262F00004046DEFE28471E55
:FF761D00CA66470000A541674700007F004731E731E25700007F00402EDEFE25371ECA413265371ECA7F00002AE5050648C54949470000412AE729A1FD7F00402EDEFE252F21CA252F0D00EC3F4002C729A53F0300290679720200C749893F0100E84F09000950C75141526852852F0100CB05460700007F00692A910DC749424AE549DB05012A462F00007F00692AB10DE82F0900203E0010E729D105032A462F00007F00022A462F00007F00402EDEFE252F21CA853F050086470D00E741B915252F0D00EC42C829A52F0500270624CADDFEC539873F0100633ADA05462F0B0000527F0001527F008207217027CF010060CA402EDEFE252F21CA252F0900E63F0F0064
:FF771C0006D0CA050352800764015A070300C33AC7290537000043370200053701004337030025370500442A60328215193700005A370300BA470300252F0100233E020023360300E5C760F941CA99CF0100990084CA64CAC1050152800712015ACF040063CA9A4523CE030019CF00005ACF0C0040CEDEFE39CF21CA39CF1100832F0300EC2AC5C999370100043ABFFF84FE5A57000060529AE51A30BFFF12FF6052CADD40CEDEFE39CF21CA39CF0D009A2F0D00EC2AC5C9392F0A007A2F1000B92F0300260679720200C531062F00005A2F0900B9370100083ABFFF38FE5A570100005242063F70832F03005A2F0C004036DEFE263721CAA63F0300E729E9AD26DF1152
:FF781B0000EC2AC5D91B2F05005A2F0B003B2F0A007A2F10009B2F0300260679720200C531062F00005A2F09009B370100083ABFFFE0FD5A5701009B370100013ABFFFD2FD5A5702009B370100043ABFFFC4FD5A5700006052E22F000060CAE23700000629602A202E90FFE02F14538A0042063F70272F0100A6470900C829854F0100C9560F00865F0500635AEB07FD01C25AEB06B0780300800710008007B200800780018007CE01E75F0900685AFB1D402E0200852F8572C5416052920DC82EFF00085AA559C92E0F00EB29E305204EFF00005A8007BE010A28C829A64F0100604AE82F144B005A8007AA01404E0200A94F85720860C9616052A5570100CA15072AB1
:FF791A00A829E5518315E72F0900CC46FF00A829E5519F0DA62F0900CA29422A20464100E829C105204EFF00E50DCC4EFF00CA49A62F0100602AF20525068A720200C929854F0100005A0C4080074801E7470900C84EFF00684AD225C84EFF006C4A9225C84EFF00504AD21DC84EFF000906ECFF821DC84EFF000906E8FFB215C84EFF000906E0FFE20DC84EFF000906D0FF920DC84EFF000906C0FFC205204EFF00B505C84EFF0088006842A6470900E84F965305470000C842C85E000FA54701000859605A9A1D055F0200D85AA5470300D042085985470500C8420859A5470500085920460010E859FF4F024B250684720200432AD505250684720200422A0647092F
:FF7A190000052F0000C541862F0100602AC205204EFF00C505CA00EA59B1FD0052A53DA64F0B00E94E14002B0608CADDFECB49E92F0D0046570600A64F0B00E94E1400C959AB4F010041420950A8518A00EA29CE05C82985000548A65701006052F2052A068A720200C9518A4F0100005A0B50951546570500084E0300A65701006052E84F144B4142B5F5204EFF00005A0B500B40464F0A0046470700862F0500602AAA050A58665F1200E72F090086370B00E629E65700007F0080072140E62E1400270608CADDFEC539A72F030006C8602AF2255F2A602AD22D612A8A25E62E1400260608CADDFEC531862F0700EC2A4036DEFE263721CA26371100C531E6370B0013
:FF7B1800402E0200252F1573013AE5C760F9250624CADDFEC5C95907000040063F40250624CADDFEC5C9082A592F000040063F40E62E1400260608CADDFEC531E62F0D00602AE62F142B260624CADDFEC6C9592F000040063F40250624CADDFEC629033A453F0000E62E1400260608CADDFEC531052A462F02007F008007216006C899D70500BFFF74FAB92F0B00260624CADDFEC6298537010063D2EA3F00006332D205852F0100682ADA15C23A250610730200C729252F0100F9371100013AE5C760F9B92F0B00260624CADDFEC53146070000BFFF28FA40063F608007216040CEDEFE590704CA40D6DEFE2506547202007A2F21CA853F01000042260624CADDFEBFF1
:FF7C1700FF2EFA3A2F21CA853F030001D226061CCADDFE1A40BFFF18FA59D704CA40063F608007214000CAB515D936FF00250624CADDFEC629852F0100C22A2706CC720200C539272F0100E5C760F941CA402EDEFE252F21CA852F0100D936FF00E531D1E5BFFFBCF940063F408707E17063070A00402EDEFE252F21CA25CF0D0006D0ECD74002D9D1BA2F0500632F010045D206D807E6000006E8E2070B01FC2F0900602AE2070101233607001D381C40BFFF94F91B28EC2F4002D929A537010085F70100043ABFFF50F96052821DECDF4002DBC9B92F0300260679720200C531862F01003EF6FF00A5F19E001E2EFFFFA33707006032FE2F24F3850D802EFFFF68F28F
:FF7D160020F6FF0FE5F736F3FC2F0900FE29AB4D233E080023360A00BFFFE4F8BFFFDCF89A2F0100260624CADDFEC531862F0100260670720200C531862F0100602AB20501D2B52D232F0100E52E1400260608CADDFEC53146EF0600232E0700052F0000462F02003C2F0800662F0E00232E0A00252F0000662F100046070000202E8000662F12009AD70100250624CADDFEDA2901D245D7000000D2BFFF62F81A504706FF7001524706FF708207214006C863070200033823360200BFFF44F8BFFF3CF825061CCADDFEC5C999370100402EDEFE252F21CA852F0100E531B105002AA5050628403EDEFE273F21CA873F0100E731B105003AF505270624CADDFEC63987C6
:FF7E15003F0100623AB215673AEA071D01E52E1400270608CADDFEC539232E0200252F0000672F1000BFFF96FCB57DE53E1400280608CADDFEC741233E0200273F0000683F1000883F0700E74E0C004056DEFE2A5721CA2A570D00CA49895F0100A94F03002C0679720200C9618C4F0100A959884F03002C0684720200C9618C4F0100A959CB4EFF00E8670D00086E0C004242E961BE050062B5058B00AB616D670000884701006442BA15E5461400290608CADDFEC849094704004142C8460F004947040029470A005F4269470A00ED4701006042BA15250624CADDFEC53146070000EC3AC751EA370B00402E0200252F1173003AE5C760F9D515E52E1400270608CA54
:FF7F1400DDFEC539E72F0B00602A920D250624CADDFEC531042A462F0000B505BFFF3EFC012A592F0000BFFFD6F642063F408A07214063370E004307040043070B0007CE0000F21D03301938BFFFA6F760529A1D03301938BFFF24F96052E2050330BFFF1EFC4A063F40832F0500C22A2606F0720200C531262F010003301938E5C760F94A063F407F007F00262F00004046DEFE28471ECA66470000A541674700007F004731E731E25700007F00002AE5050648C54949470000412AE729A1FD7F00E62E1400260608CADDFEC531862F0700EC2A403EDEFE273F21CA273F0D00C539872F01005F2AA73F0300280679720200C741883F0100A7298500E6370D00E5378234
:FF8013002A602AE037B453CA007F00E62E1400260608CADDFEC531A62F01005F2A863F0700EC3A4046DEFE284721CA28471100C741883F0300280679720200C741883F0100A7298500E6370D00E537822A602AE037B453CA007F00A607216006C8272F0800632F48000328632F4100B9370300E62E1400270608CADDFEC539872F030027067E720200C539872F0100C22A270600730200C539272F0100233E4000E5C760F96052BA35F92F050026061CCADDFEC531192F0300462F0000F9370700233E4000FF0240F4FFFF60528225992F0100C22A260610730200C531262F0100F937090001D21A38E5C760F9B92F0300260624CADDFEC53146070000F92F0500260639
:FF8112001CCADDFEC53146D7000066063F60800721006042822DA62F0300280624CADDFEC541882F0100662AEA1DA62F0300E52E1400280608CADDFEC829654F1000A62F0300E52E1400C541052A482F0200A62F0300280624CADDFEC541072A482F0000BFFFF8FE40063F0080072140A62F0B00270624CADDFEC539873F0100280670720200C741883F0100603A06C8821D623AAA25E52E1400260608CADDFEC531862F070099370D00E629EA15402E0200252F1573F9371100013AE5C760F9B92F0B00260624CADDFEC531052A462F0000005240063F40015240063F4080072140272F0100A63F0700C729A6CF0B00F93E1400280608CADDFEC741E83F1300070680FE
:FF821100FF283E12009A35F9461400290608CADDFEC84905470000494705000547010060428800B40D250640420F00E5472002E547FE0267470000851D4F4288006942C105202E7F00F50DA52F0100C52E0F002806A0860100E82F2002280640420F00E82FFE02672F0000A6370B00BFFF56FDF92E1400260608CADDFEC531A62F05004532602ABA05002AC505EA29DFFD012AF93E1400280608CADDFEC7414A42602ADA056857000040063F40862F0100682F000040063F40402EDEFE252F21CA25471100EC32C64188370500C232252F1900603AE62FB42B855701007F008307E170E62E1400390608CADDFEC5C9B9D70100992F0700E5460C00404EDEFE294F21CAA0
:FF831000294F1100C84989470300290679720200C84989470100A8D15FD2F9471300B9570500394E1200634F010045CA080680FF06D807E006E8DA1D013A0530BFFF7AFFFB2E1400260608CADDFEC531E62F0D00E5E1F90D1C28FA2F8202C536FF00EA31EB3700006052EA3F00006731EA2F34530AF0DE06FF00BA0DFB2E1400260608CADDFEC531E62F0D00E5E1D115DE06FF00C21DDE2EFF00DA00FA2F2002E5E1DE15FB2E1400260608CADDFEC531E62F0D00E5E1B90DFBDE14003D0608CADDFEDBE901DA5DDF0300E51D1D30BFFF44FCFB2E1400260608CADDFEC5314A32DE06FF00B205DE56FF0066570000FB2E1400260608CADDFEC53146070300232F01006572
:FF840F0007000059F700004306FF70E62E1400270608CADDFEC539E72F0B00602ABA15E62E1400270608CADDFEC53967070800012A472F0300250624CADDFEC6290632453700007F0082072140A62F0300E52E1400280608CADDFEC541E62F0F00E64F1100E929882F010006C8A93D622A8255F9370900234E02000042FF020E1800006252E2456052CA15B92F0100E3370300E531E63DB92F0300E52E1400390608CADDFEC5C9022A592F000042063F40992F0100C22A260610730200C531262F0100F9370900013AE5C760F9B92F0300390624CADDFEC5C95907000042063F40622AF215992F0100C22A260610730200C531262F0100F9370900013AE5C760F9B92F60
:FF850E000300260624CADDFEC5314607000042063F408A07217006C807D063070200B9DF0B00233E040023360200BFFF64FA3A2F0100B9370700C629632F0900392F1200632F1000BFFF46FA232F0900853701000606C2FFAA2DA52F0100050680FFDA25E32F1100622A9A2540CEDEFE59076CCE40CEDEFE99CF75CED9D6C0001A0680FFE205D9CEC000190640FF9A6D40CEDEFE01D259D76DCE40CEDEFE39CF28CA40D6DEFE7ACF6ECEB55D19301A38BFFFC0FB6052DA55FB2E1400260608CADDFEC629193F0C00453F0600393F1200653F0E00393F1200653F0C00B93F0B00E73E1400C7311A3F0800463F0100233602002637000065371000F9471300F9371100232A
:FF860D004E0600233E0800FF02041400006352E2156052DA1DF92F1300E3370700E531E10DF937110023460600233E0800FF02701400006052EA3F0000A505013A402E0200252F1573F9371100E5C760F9B92F0B00260624CADDFEC53146070000BFFF30F94A063F708A07A17006C807D0B9DF0B0063070400233E020023360400BFFF12F9B92F07003A370100C531FAE7090063370900A5E1DC2EFF00632F1000BFFFEEF819301A38BFFFC8FA6052EA071F01FB2E1400260608CADDFEC629193F0C00453F0600393F1200653F0E00B93F0B00E73E1400C7311A3F0800463F0100233604002637000065371000F9471300F9371100234E0600233E0800FF021213000020
:FF870C006052E2056352E23D01E2002AD545DC2EFF00E3370700E5318635F937110023460600233E0800FF02781300006052D20D40E602003C2F1573F937110001E21C38E5C760F9002A852DFB2E1400260608CADDFEC531F92F13009C00BC29662F0C0046070500202E8000662F12006607080001E246E70400F50D402E0200252F1573C5DDFB2E14003C0608CADDFEC5E15C07050002E2062AB9370B00270624CADDFEC6398737010065329A15FB361400270608CADDFEC63947E70300B9370B00270624CADDFEC639472F0000BFFFC4F74A06BF708A07E17006C807D0B9DF0B00FB2E14003C0608CADDFEC5E13C2F1000632F0200233E040023360200BFFF96F7B9CD
:FF880B00EF07003A2F0100DD2999D70B00632F0900BFFF7CF7BDD1B92F0B00260624CADDFEC531862F0100682A3C2E1000EA070301FB361400270608CADDFEC63987370700993F0D00E639CA75FB361400270608CADDFEC639E7370B006032A26DFB3614003C0608CADDFEC6E19C37050044E2993F0700E639B205013A854D233602002637000065370000FB2E14003D0608CADDFEC5E9FD2F0D00DA36FF00E629FA2F3E2B8500632F1000F937110023460600233E0800FF02EC1100004CEA6052DADD1C2F0000412AC52E0F005C2F0000232E0800252F08003D370000A5317D370000FB2E1400260608CADDFEC531262F0A005F2A662F0A00B9370B00BFFF16FBFD2F81
:FF890A000100602A1F2AE02F043B7F3AA215402E0200252F1573F93711008700E5C760F9B92F0B00260624CADDFEC53146070000BFFF60F64A06FF708207A17006C807D0B9DF0B00FB2E14003C0608CADDFEC5E13C2F1000632F0200033823360200BFFF34F6BFFF2CF6B92F0B00260624CADDFEC531862F0100632A3C2E1000EA3D233602002637000065370000B92F0500602AD20D612A9A25FBCE14003A0608CADDFED9D101CA5ACF0300852DFB2E1400260608CADDFEC5314607030019301A38BFFF24F8B9CF0B00250624CADDFED92904CA45CF0000A515402E0200252F1173F9371100013AE5C760F9B92F0B00260624CADDFEC53146070000BFFF98F54206BF95
:FF8A0900708D07E170250624CADDFEC629852F0100622A07C8EA071501E62E1400260608CADDFEC531862F0300632F0100270684720200C539872F010086D70700FADE0C00403EDEFE273F21CA27E70D00DCD9BB3F0300280679720200C74188EF0100C5E9DD2EFF00393F0100C539862F0D00E6370F0063370500633F0D00632F140079070800FB370B00234E0A000042233E0C00FF02FC11000043DA6052FA45FA2E0C00DC29A5370100083ABFFF02F5DDF6FF00E32F1500C5F16052A21526068A720200DE3186F7010039370100C5E99D001E38BD39DD312046AA00BFFFDCF49B2F0100602A392F0100820DECD2DAE11C37020045370000412A233701006032EA051E
:FF8B08002337050045370000B50D233701006132FA054507000023370500453701009E0079F7080000524D06FF7001524D06FF708B07E170250624CADDFEC629852F0100622A07C8AA75E62E1400260608CADDFEC53186D70300250684720200DA29852F010086DF0700FBE60C00403EDEFE273F21CA27EF0D00DDE1BC3F0300280679720200C741883F0100C5398700392F0100C7299C47010063470100E6F70F00632F09008839633F100079070800FC370B00234E06000042233E0800FF02D410000043E26052AA359C2F0100602A392F0100820DECDADBE91D37020045370000412A62D2AA0D1ED088D23AD6100045D7000045F70100B51563D29A15203610004584
:FF8C07003700004507010045070200450703001E3088324537040045F70500232F0100792F080000524B06FF7001524B06FF708F07E170250624CADDFEC629852F0100622A0728632F0900EA071B01E62E1400260608CADDFEC531862F0700632F0500E5CE0C00402EDEFE252F21CA25D70D00DAC9B92F0300270679720200C53987DF010041DADBE6FF00232F0900253F0100DC39E6EF0D0099F701008637050063370100633F0D009EE1DC36FF00E6E9FCEF363386006337140065070800F9370B00234E1A000042233E0C00FF02C60F000043CA6052FA459C00FCE9D92523F70500FEF60C00DAF1BE370100083ABFFFC2F2DBF6FF00E32F1500C5F16052C21526068A
:FF8D06008A720200DE3186F701002337090026370100C5D99B001E38BB39DB312046AA00BFFF98F2992F0100602A232F0900252F0100A20D23370500EC32C6D11A37020045370000412A2337010086362000453700009E00232F090065F7080000524F06FF7001524F06FF708107E17027CF010067070800250624CADDFEC629852F0100672A07D0AA55E62E14003B0608CADDFEC5D99BE70700402EDEFE252F21CA25EF1100003A1C30BFFF1AF5FCF60C00DDF19E2F030042F2602ABB2F0500BB370300BA0503DAA50DFCDE0C00DDD91BDF010059DF000041CA04DA8636300059370000592F010059570200ECE2DCE99D370100083ABFFFBCF16052B2159EDF0100254F
:FF8E05000679720200DB29853F0100433A870008DA9B39193603002046AA00BFFF9EF17ADF080000524106FF7001524106FF709607A17006C843CF050043070200F92E14003A0608CADDFEC5D13A2F1000632F0E00233E100023360E00BFFF3EF1630728006307210063071500BFFF2AF13B0624CADDFED9D99B2F0100642A3AD61000B205002A9515F92E1400260608CADDFEC53186370700EC32402EDEFE252F21CA252F0D00C629602AE27DE537070027061CCADDFEC639873701006132CA7525370A0063370A00253708006337080025370600633706008537010063371C00403EDEFE273F21CA273F150085470500E642C839273F0400633F1200053F0100433F4E
:FF8F04000400F93E14003C0608CADDFEC7E1FC3F0D00A52F0300280679720200C541882F01005F32A531C62EFF00E539E7372C2B432F0300233E200023360200BFFF14F59C2F0100622AFA2DF92E1400260608CADDFEC531E62F1300E3371100E531B90DF92E1400260608CADDFEC531862F0300642A921DF92E1400260608CADDFEC531042A462F020023360200262F0C007A2F0000022A5B2F0000233E1400BFFFCAF05C070000BFFFF2EF5606BF708207216006C8F92E1400260608CADDFEC531262F1000632F0200033823360200BFFFCCEFBFFFC4EF3A0624CADDFED9D19A2F0100632ABA2DF92E1400260608CADDFEC531862F0700E5360C00403EDEFE273F2176
:FF900300CA27470D00C83186370500E632273F1500C639E7370300E33F0100E639E30DEC2AC541E8370B00402E0200252F1173013AE5C760F95A070000BFFF5EEF42063F608207217006C8F92E1400260608CADDFEC531262F1000632F0200033823360200BFFF38EFBFFF30EF3A0624CADDFED9D19A2F0100622ACA35F92E1400260608CADDFEC531862F0700E5360C00403EDEFE273F21CA27CF0D00D93186370500E632273F1500C639E7370100E33F0100E639F315EC2AC5C9F9370B00402E0200252F117301DA1B38E5C760F9F92F070026061CCADDFEC53146DF00005A070000BFFFB8EE42063F709607217006C843CF050043070200F92E14003A0608CADDFEE7
:FF910200C5D13A2F1000632F0E00233E100023360E00BFFF88EE630728006307210063071500BFFF74EE3B0624CADDFED9D99B2F0100612A3AD61000B205002A9515F92E1400260608CADDFEC53186370700EC32402EDEFE252F21CA252F0D00C629602AD275E537070027061CCADDFEC639873701006132BA6D25370A0063370A0025370800633708002537060063370600F9361400270608CADDFEC63967070A00E7370F0067370C0001424747040087470300290684720200C84989470100A54F03002A0679720200C9518A4F01008557010063571C00873F0300623AC105C849A951A5050650435703004036DEFE263721CA26371500853F0500E63AC73126370413
:FF9201000063371200052F0100432F0400233E200023360200BFFF3EF2F92E1400390608CADDFEC5C9992F0100622A8A1523360200262F0C007A2F0000022A5B2F0000233E1400BFFF26EE59070000BFFF4EED56063F707F008207216006C8F92E1400260608CADDFEC531262F1000632F0200033823360200BFFF26EDBFFF1EED3A0624CADDFED9D19A2F0100652ABA2DF92E1400260608CADDFEC531862F0700E5360C00403EDEFE273F21CA27471100C831A6370300E632273F1500C639E7370300E33F0100E639E30DEC2AC541E8370B00402E0200252F1573013AE5C760F95A070000BFFFB8EC42063F609807E17006C8F92E14003A0608CADDFEC5D13A2F10001B
:FF930000632F1400BADF030043CF0500012A432F0200233E160023361400BFFF82EC6307200063071900082A632F2C0063072500BFFF68EC3AE6100043D261DAEBDF0000250624CADDFED929852F0100662AB20500EA9515F9EE1400250608CADDFEDD29852F0700EC2A40EEDEFE3DEF21CA3DEF1100C5E960EAE2077D01FD2F070026061CCADDFEC531862F0100612AEA076701F92E1400260608CADDFEC53166070A00FD370B0063370A003D2F0800632F08003D2F0600632F06001D2F0000432F04009A2F0100622AE2071B0123460C00233E1800FF02D80600006052921D83DF0300C2DA250610730200DB2925DF0100E3370B00013AFBC760F93B0624CADDFEA338
:FF93FF002F0500C5D95B07000000DAF50D9A2F0100602AB20DE33F0D001930BFFFD2EE9A2F0100602AE1DF04DB9A2F0100612A9A5D402EDEFE252F21CA252F1500BD370300E632C629E52F0300E3371700E531B90DF92E1400260608CADDFEC531E62F0900602AFA3DF92E1400260608CADDFEC531862F0700E63F09004832EC2A4046DEFE284721CA284F1100C549892F0500C22A28471900C541E82F0300E539C90D413A663F000023DE14003BDF00007CDF000001DAF515832F0300C22A260610730200C531262F0100E3370B00013AE5C760F9250624CADDFEA3370500C629450700001B40E34F1500233E240023360200BFFF32ECBFFFA8EA5806FF7082072170CA
:FF94FE0006C8F92E1400260608CADDFEC531262F1000632F0200033823360200BFFF82EABFFF7AEA3A0624CADDFED9D19A2F0100672ACA35F92E1400260608CADDFEC531862F0700E5360C00403EDEFE273F21CA27CF1100D931A6370300E632273F1500C639E7370100E33F0100E639F315EC2AC5C9F9370B00402E0200252F157301DA1B38E5C760F9F92F070026061CCADDFEC53146DF00005A070000BFFF02EA42063F708207216006C8F92E1400260608CADDFEC531262F1000632F0200033823360200BFFFDCE9BFFFD4E93A0624CADDFED9D19A2F0100682ABA2DF92E1400260608CADDFEC531862F0700E5360C00403EDEFE273F21CA27471100C831A637033F
:FF95FD0000E632273F1500C639E7370500E33F0100E639E30DEC2AC541E8370B00402E0200252F1573013AE5C760F95A070000BFFF6EE942063F60E73182156042E20D002AA50D0748C549094F00000650C5514A4F0000412AE829E1F57F00002AC50D0648C549894F01000750C5518A570100EA49EA05412AE829C1F50052A50501527F006032C20D6042A20D002AE5050648C549493F0000412AE829A1FD7F00002A05508515C546FF000648C849894F0100874128461F00C3428800E84FC0000951412AC546FF00E741E1ED7F00402EDEFE252F28CA26370000A629672F00007F007F00614AFF47042B0042B5150628C829852F0100CA4EFFFF884A2549C949250672
:FF96FC0018730200C929252F0000C8522A2941420550E741C1EDCA007F00002AA50DC536FF00270674CEDDFEC63947070000412AC536FF006432C6F57F0080072140BFFFDCFF402EDEFE053774CE86364000C6367F00453774CE402EDEFE45073ECE402EDEFE450770CE402EDEFE45076DCE402EDEFE45075CCE402EDEFE650742CE402EDEFE650740CE402EDEFE650746CE402EDEFE45076CCE1F2A4036DEFE462F24CF4036DEFE460725CF4036DEFE460754F04036DEFE462F78CE402EDEFE450779CE28067ACEDDFE023A20361400FF02FC260000390629CFDDFE05321938FF0256190000192F00004036DEFE462F28CF402EDEFE252F28CA4036DEFE662F2ACF40B0
:FF97FB00063F4080072100402EDEFE852F75CEC5060100E2072101852E0800C52EFE004036DEFE462F74CE402EDEFE45073ECE402EDEFE45075CCE402EDEFE852F2DCA0506D0FFCF1D0506DAFFDF0D0506F0FFB2350506EFFFD2350506DEFFFA4D80FFD817A5550506D9FF92350506D8FF92350506D2FFBA4580FF4A16E5450506CAFFDF0D0506CFFFA22D0506CCFFC22D0506CAFFCA3580FF0E12F5350506C9FFE2250506C2FFE22505067BFF8A2D80FF460480FF7215952D80FF3C0480FF1C06C52580FF320480FFB607F51D80FF2208C51D80FF220480FF700AF51580FF180480FF220BA51580FF6E0FF50D80FF3214C50D80FF020480FFD014F505402EDEFE2036FE
:FF98FA00110045373ECE402EDEFE852F3FCE602AFA05402EDEFE852F5DCE612ACA05003280FFF803402EDEFE853775CEC636F300453774CE40063F0080072100402EDEFE852F79CE050601FF9225402EDEFEA52F79CE622AC615402EDEFE852F79CE0506EFFFB205502AEA0520361000FF02321B0000402EDEFE1F32453778CE402EDEFE053779CE4132453779CE40063F0082072100402EDEFE852F29CF622A811D033826062ACFDDFEFF0228FDFFFF202E1027E3370100E531B10D270628CFDDFE012A472F00000532FF0248180000402EDEFEA52F6DCE612AAA25233E020026066ECEDDFEFF02ECFCFFFF202E8813E3370300E531C115402EDEFE45076DCE402EDE02
:FF99F900FE053774CE8636C000453774CEBFFF10FD20361000FF028A1A000042063F00402EDEFE852F75CEC5060900B20501528545402EDEFEA52F6DCE612AD215402EDEFE852F6DCE612AFA0D402EDEFE852F75CEC536C000060680FFA2EDC52EC000050640FFD2E5202E1304E541B10503528525402EDEFE650740CE402EDEFE654744CE402EDEFE852F75CEC536C000060680FFE205C52EC000050640FFDA05402EDEFE45076DCE202E1204692F000000527F00402EDEFE852F75CEC5060900BA2D002A9515C54EFF00C931C6002A062CCADDFEC65127370100C931063700004A370000412AE74F0900C536FF00E9314036DEFEE63741CEF6E5C931402EDEFE653757
:FF9AF80040CE272F080020361204A5316837000000527F0002527F0080072140603AEA25402EDEFE852F6DCE612A9A0D402EDEFE45076CCE80FF8C0040063F40402EDEFE45073ECE402EDEFE252F28CA4036DEFE662F72CE402EDEFE0132453770CE402EDEFEC50774CE40063F4040CEDEFED98774CE402EDEFE650742CE402EDEFE650740CE0032FF0274E0FFFF992F75CEC536C000060680FFE205C52EC000050640FFEA0D402EDEFE013245376DCE402EDEFE252F28CA4036DEFE662F6ECE40063F40402EDEFEC5DF74CEAA1D402EDEFE45073ECE402EDEFE252F28CA4036DEFE662F72CE402EDEFE0132453770CE402EDEFE053774CE86360500453774CE7F0080F5
:FF9BF7000721406A3ABB4DC13AE706069C0300B50D8535F52DE52DA5459545B52DF53DE53DD53DF525402EDEFEC59F74CE4036DEFE660742CE852F75CEC5061000FA2DC536C000060680FFE205C52EC000050640FFDA25402EDEFE013245376DCE402EDEFE252F28CA4036DEFE662F6ECE40063F4040CEDEFED99F74CE402EDEFE650742CE0032FF0276DFFFFF192F74CE852E8000C52EBF00592F74CED5DD40063F40002AD515C536FF0027470100C6414056DEFEEA5743CEC651CA0026062CCADDFECA310637000048370000412AC536FF00E7470900E831F6E5402EDEFE253742CEC831653742CE402EDEFE252F68CE692F000000527F00402EDEFEA52F2DCAC506E6
:FF9CF6008000C20DC52E7F004036DEFE462F2DCA402EDEFE013245375CCE7F0080072100402EDEFE853F75CEC746EF00454774CE402EDEFE450770CE402EDEFE852F3FCE602AA24525062CCADDFE053700004537010020367F00453700004036DEFE06373ECE45370200260660CEDDFE662F0100032A662F0800402EDEFE45075CCEC7060400AA0D270660CEDDFE0032FF02FEDEFFFF40063F00402EDEFE852F3FCE0506EFFFC21D0506EEFF921D0506CFFFE215050682FFB215050681FF8215402EDEFE45073ECE85E5402EDEFE852F5DCE612ABA0D402EDEFE45075CCE00320638BFFF22FE40063F0025062CCADDFE053F0000273E4000453F0000270660CEDDFE6788
:FF9DF5002F010067370800A5C582072140402EDEFE852F71CE612A06C8AA0D233E0200260672CEDDFEFF02AEF8FFFFD505202E8813632F0200402EDEFEC5E774CEFA05E32F030020362800E629DB0D402EDEFEC5E774CEE205E32F030005063CF6BF0561CABA3D402EDEFE252F28CA4036DEFE662F72CE25067CCEDDFE03324537000020367F00453701004036DEFE06372CCA4537020020367800453703002036AAFF45370400453705004537060045370700270660CEDDFE672F0100082A672F0800402EDEFEC52774CE0032FF0256D6FFFF0532FF0216F8FFFF42063F4080072140402EDEFEE52F45CE612AA71D402EDEFEA52F2DCA0536FFFF86006232B10D632A03
:FF9EF400920D402EDEFE2036120045373ECE40063F40402EDEFEE52F45CE632A960D402EDEFE2036130045373ECE40063F40402EDEFEA52F2DCA612AF205622A9255632A927D00CAF52540CEDEFE59076DCE40CEDEFE99CF75CED92EC000050680FF820DD9CEC000190640FFB20500CAA50501CA250674CEDDFE0537000086364000C6367F0045370000A5370100C636FC0045370100402EDEFE852F3FCE602AFA1D25062CCADDFE4507020020363200453703000132453704001432453705000632BFFF60FD61CABA0D402EDEFE20361000453778CE402EDEFE450779CE40063F4040CEDEFE99CF75CED9060400F20540CEDEFE012A592F5CCEE5A5D92EC00005064086
:FF9FF300FFF20DD9CEC000190680FFA20D40CEDEFE99CF75CED9CEC0001906C0FFAA2D390674CEDDFE192F0000852E8000C52EBF00E51540CEDEFE99CF75CED92EC000050640FFE205D9CEC0001906C0FFAA15390674CEDDFE192F0000852EC000592F0000B92F0100C52EFC00592F0100BF07D6FE40CEDEFE202E7E00592F3ECEBF07C6FE80072100402EDEFEE52F45CE612AD715402EDEFEA52F2DCA612A920D402EDEFE2036120045373ECE40063F00402EDEFEE52F45CE632A960D402EDEFE2036130045373ECE40063F00402EDEFE852F3FCE602AEA0D0232BFFF48FC402EDEFE450779CE402EDEFE20361100453778CE40063F0080072100402EDEFE852F75CE1B
:FFA0F200C5060400F205402EDEFE013245375CCEE555C52EC000050680FF820D402EDEFE20367F0045373ECEA54D402EDEFEE52F45CE612A8F0D402EDEFE2036130045373ECED53D402EDEFEA52F2DCA0536FFFF6232B10D662AE205652AAA0D80FF7C00D50D80FF3A01A50D20367E00B50520361200402EDEFE45373ECE402EDEFE852F29CF4036DEFEA63729CFE629A20D270629CFDDFE472F00000532FF027C100000402EDEFE852F29CF622A910D402EDEFE252F28CA4036DEFE662F2ACF402EDEFE852F3FCE602AFA05402EDEFEE53747CEBFFF50FB40063F0080072100402EDEFEE52F45CE622A920D402EDEFE2036130045373ECE40063F00402EDEFE852F2927
:FFA1F100CF622A402EDEFEA52F75CEF10DC52EFE004036DEFE462F75CE402EDEFE2036370045373ECE40063F00C5060200C20D26062CCADDFE42320442003AFF0252F4FFFF40063F00C5060100BA050032950D402EDEFE053728CF4132453728CF013227062CCADDFE423AFF0270160000402EDEFE053775CE86360100453775CE402EDEFE852F29CF622AC105C62EFE00A5C5402EDEFE0632653746CE40063F0080072100402EDEFEE52F45CE662A920D402EDEFE2036130045373ECE40063F00402EDEFEA52F75CEC50601009A0D402EDEFE2036240045373ECE40063F00C52EFC004036DEFE462F75CE26062CCADDFEA63F01004232FF0220160000402EDEFE6052B9
:FFA2F000F215053728CF4132453728CF8600402EDEFE6232F1052036360045373ECE40063F002036350045373ECE40063F00450728CFFF02E01F0000402EDEFEC50F75CE402EDEFE0232653746CE40063F0080072100402EDEFE852F75CEC52EC000050640FF920D402EDEFE20367F0045373ECE40063F00402EDEFEE52F45CE622AF715402EDEFEA52F2DCA602AB20D632A920D402EDEFE2036120045373ECE40063F00402EDEFEE52F45CE642A960D402EDEFE2036130045373ECE40063F00402EDEFEA52F2DCA602AB205632AFA0D402EDEFE852F2FCA0536FFFF86006232C10D632AA20D20363100B50520361200402EDEFE45373ECE402EDEFE852F3FCE602ACAF0
:FFA3EF00050232BFFF20F940063F0080072100402EDEFE852F75CEC5060400820D402EDEFE013245375CCE40063F00C536C000060640FFE20DC52EC000050680FF920D402EDEFE20367F0045373ECE40063F00402EDEFEE52F45CE632A9F0D402EDEFE2036130045373ECE40063F0025062CCADDFEA5370300852F0300C82A06298036FEDFE6298F150506FDFDF21D8036FDDFE62992258036FEDFE6299A25FF023A140000B525803601FFE629A215803600FFE629820D8036FFDFE6299A1580FFA801C51580FF9A00951580FF3600E50D80FF9602B50DFF02FE130000F505402EDEFE2036310045373ECE402EDEFE852F3FCE602ACA050532BFFF2EF840063F00402E58
:FFA4EE00DEFE852F75CEC52EC000050640FF820D402EDEFE20367E0045373ECE7F00402EDEFEA52F2DCA612A820D402EDEFE2036120045373ECE7F00402EDEFEE52F45CE642A820D402EDEFE2036130045373ECE7F00402EDEFE450730CA7F0080072100402EDEFE852F75CEC52EC000050680FF920D402EDEFE20367E0045373ECE40063F00402EDEFEC5CF75CE9A0D402EDEFE2036330045373ECE40063F00402EDEFEA52F2DCA612A920D402EDEFE2036120045373ECE40063F00402EDEFEE53F45CE26062CCADDFE4432FF02F811000061529A0D402EDEFE2036130045373ECE40063F0062529A0D402EDEFE2036310045373ECE40063F00402EDEFEC5CF76CE9A09
:FFA5ED000D402EDEFE2036240045373ECE40063F00FF0256120000402EDEFE6052E2050132453730CA40063F00450730CA402EDEFE852F25CF612AFA05402EDEFEC51776CE40063F00622AFA05402EDEFEC51777CE40063F00632ADA05402EDEFEC51F77CE40063F0080072100402EDEFE852F75CEC52EC000050680FF920D402EDEFE20367E0045373ECE40063F00402EDEFEC5CF75CE9A0D402EDEFE2036330045373ECE40063F00402EDEFEA52F2DCA612A920D402EDEFE2036120045373ECE40063F00402EDEFEE52F45CE682A920D402EDEFE2036130045373ECE40063F00402EDEFEC5EF75CE9A0D402EDEFE2036240045373ECE40063F0026062CCADDFE443263
:FFA6EC00FF02880E00006052820D402EDEFE0132453730CA40063F00402EDEFE852F25CF632ACB1DC12AE50618A70300C505850DC50D8515402EDEFEC50F76CEF50D402EDEFEC53F76CEA50D402EDEFEC50777CED505402EDEFEC50F77CE402EDEFE450730CA40063F0082072140402EDEFE852F75CEC52EC000050680FF920D402EDEFE20367E0045373ECE42063F40402EDEFEC5CF75CE9A0D402EDEFE2036330045373ECE42063F40402EDEFEA52F2DCA612A920D402EDEFE2036120045373ECE42063F40402EDEFEE52F45CE642A920D402EDEFE2036130045373ECE42063F40402EDEFEC5FF76CE9A0D402EDEFE2036240045373ECE42063F40FF02800F000060C9
:FFA7EB0052EA05FF02CC6600006052820D402EDEFE0132453730CA42063F40402EDEFE450730CA012A432F030023CE030008321938FF02EC09000009321938FF02E209000028067ACEDDFE282F0000412A682F0000023A20361400FF026214000042063F408007A17039062CCADDFE99D70300B9DF01001936030004E21C38FF0234EEFFFF402EDEFE655755CE193607001C38FF0220EEFFFF402EDEFE655759CEDA2E0F004036DEFE863775CEC6060400820D402EDEFE013245375CCE80078001C636C000060680FF920D402EDEFE20D67F0045D73ECE800766014036DEFEE63745CE64329F0D402EDEFE20D6130045D73ECE80074A0160DAEA073901642AEA07330110
:FFA8EA00DA2EF0000506C0FFEA072701402EDEFE252F55CE260600020800E629E107130140361500E629E9070901402EDEFE252F59CE260600FE0C00E629AB7D402EDEFEE52F7BCE2036E803E629A975402EDEFEE52F45CE6B2AC20520361300B56D402EDEFE253F59CE402EDEFE253755CEFF027E0A00006052CA5D402EDEFEC5CF75CECA0520363300E55580FFBC006052EA55402EDEFE2036200045372DCA002AB515C536FF00203E2100A63928062CCADDFEC831C33A870020460204E747800046470200412AC536FF006232B1ED402EDEFE650748CE402EDEFE650751CE402EDEFE252F59CE05308A32C506FF03402EDEFEC20D413265374ACE4036DEFEE6375919
:FFA9E900CEC636FF034232D50565374ACE20360204402EDEFE65374CCE0432BFFF0EF3250674CEDDFEC51F0100C5370200F50520363100402EDEFE45373ECEFF02680F00004006BF7080072100402EDEFEA52F75CEC5060800E20D4036DEFE203E2400463F3ECEC52EF7004036DEFE462F75CE951D402EDEFE852F25CF602AB215612ABA0D2706FFFF0C0040360800FF02041A00006052F205402EDEFE2036700045373ECE402EDEFE852F3FCE602AEA57000040063F0080072100402EDEFE852F75CEC5060400820D402EDEFE013245375CCE40063F00C52EC000050680FF920D402EDEFE20367F0045373ECE40063F00402EDEFEE52F45CE622A9F0D402EDEFE2036CA
:FFAAE800130045373ECE40063F00402EDEFEA52F75CEC50602009A0D402EDEFE2036330045373ECE40063F00C50608009A0D402EDEFE2036240045373ECE40063F0080FF78006052CA35402EDEFEE53F45CE402EDEFE253755CE28062CCADDFE42425E3AFF02FE0D00006052C20D402EDEFE2036720045373ECE402EDEFEC5A775CEF51526062CCADDFE4232FF02380E0000402EDEFEE52F45CE8036FEFFC629C5004036DEFE263F55CEC539663F55CE0232BFFF7CF140063F0080072100402EDEFE253748CE4132653748CE4036DEFEE63745CE803EFEFFC731C600403EDEFE274751CEC641674751CE4036DEFEA6372DCAE52F49CEC53EFF00E639E23D85004132E656
:FFABE70029FA3526062CCADDFE4232FF02D00D00006052EA2D402EDEFEC5F776CE9215402EDEFEA52F2DCA602ABA0D402EDEFE2036730045373ECE402EDEFEC5B776CE402EDEFE253748CE5F32653748CE402EDEFEE52F45CE8036FEFFC629C5004036DEFE263F51CEA539663F51CE0152D54520367300D53D4036DEFEE6374BCEE62989154036DEFEE63745CE00520606FEFBC2354036DEFE202E1300462F3ECED52D402EDEFEE52F49CEE5318A25402EDEFEE52F45CE4036DEFEE6374DCEE629C20520361300D515402EDEFE252F51CE4036DEFE263759CEE629C20520367100850D402EDEFEC52775CEF50520362400402EDEFE45373ECE0052402EDEFEC5F776CEB6
:FFACE600B20D402EDEFEA52F2DCA612AD205402EDEFEC5B776CE402EDEFE852F3FCE602AE205402EDEFEC59F75CE015240063F0080072100402EDEFE852F75CEC52EC000050680FF920D402EDEFE20367F0045373ECE40063F00402EDEFEE52F45CE612A9F0D402EDEFE2036130045373ECE40063F00402EDEFEA52F2DCA622A910D402EDEFE2036120045373ECE40063F00402EDEFEC5E775CE9A0D402EDEFE2036240045373ECE40063F0026062CCADDFE4232FF02F20600006052EA0D402EDEFE053775CE86362000C636F700453775CE0432BFFF5CEF40063F0080072100402EDEFEE52F45CE612AD715402EDEFEA52F2DCA602A920D402EDEFE2036120045373E7A
:FFADE500CE40063F00402EDEFEE52F45CE632A960D402EDEFE2036130045373ECE40063F00402EDEFE852F3FCE602ACA050232BFFFFEEE40063F0080072100402EDEFE852F75CEC52EC000050640FF920D402EDEFE20367F0045373ECE40063F00402EDEFEE52F45CE612AF715402EDEFE052F2DCA5F2A8500622A910D402EDEFE2036120045373ECE40063F00402EDEFEE52F45CE632A960D402EDEFE2036130045373ECE40063F00402EDEFEA52F2DCA5F2A622AF105402EDEFE2036120045373ECE402EDEFE852F3FCE602ACA050232BFFF60EE40063F008207216025062CCADDFE8537030005CF0100C8CA06C9402EDEFE852F75CEC536C000060680FFE20DC52E87
:FFAEE400C000050640FF920D40CEDEFE202E7F00592F3ECE42063F60402EDEFEE52F45CE642AC60500D28007000140CEDEFE20D6130059D73ECE42063F60DA2EFFFFEC2F4002260618750200C531E62F0300D936FFFFE5318A6DDA2EFFFFEC2F4002260618750200C531C6CF0600D25DDA2EFFFFEC2F4002260618750200C531E62F0500432A4036DEFEE63745CEE531820D40CEDEFE202E1300592F3ECEC54D402EDEFEC5CF75CE8A0D40CEDEFE202E3300592F3ECE8545DA2EFFFFEC2F4002270618750200C53926062CCADDFE4332FF02FC02000060529A0D0332BFFF56ED40CEDEFED91775CEF525D900802E87F1E5C9CA1543070300233E03000832FF02500100E5
:FFAFE30000A3CF030060CA8A0D40CEDEFE202E2200592F3ECEF50D40CEDEFE202E7200592F3ECE850D41D2DA2EFFFF20362F00E629D185DA00202E2F00E5D1F105402EDEFE2036310045373ECE42063F6080072140402EDEFEE52F45CE632A920D402EDEFE2036130045373ECE40063F4025062CCADDFE85370300052F0100C82A062900CAA545D936FFFFEC374002270618750200C639E7370300C53EFFFFE639BA35D92EFFFFEC2F4002260618750200C531C6C70600F22DD92EFFFFEC2F4002270618750200C53926062CCADDFE4332FF02A60200006052820D402EDEFE2036720045373ECEF515D92EFFFFEC2F4002260618750200C531263704004332C600BFFF3E
:FFB0E20032EC850D41CAD936FFFF203E2F00E731A1BDD9001906D1FFFA05402EDEFE2036310045373ECE40063F407F00800721000132FF02E2C0FFFF40063F00800721000032FF02DAECFFFF40063F00800721000628C42A28068CF0DDFEC541882F0100622A074006289A15C42A29068CF0DDFEC929253F0900C432C64929370500FF02640D000040063F00C42A27068CF0DDFEC539872F0100612A06289A15C42A29068CF0DDFEC929253F0900C432C64929370500FF024014000040063F00C42A27068CF0DDFEC539872F0100602A9A15C43227068CF0DDFEC639272F0900443A08300540FF0270E4FFFF005240063F00015240063F008207214006C863070100032F
:FFB1E10038BFFF4CFF6052CA0DC4CA25068CF0DDFED929252F0D0023370100E531A205015242063F407F00800721000628C42A28068CF0DDFEC541882F0100622A0740FA0DC43225068CF0DDFEC629253F090025370500FF02700A000040063F00612AFA0DC43225068CF0DDFEC629253F090025370500FF02D410000040063F00602A9A15C43225068CF0DDFEC531262F0900443208380540FF02BEE3FFFF005240063F00015240063F008207210043070300430702004307010043070000430700000338BFFF66FF42063F007F0082072160872F010007C806D0602AC22D5F2A602AC235612AEA45F92F0300803687F1E629EA3543070300233E03000832FF0252FEFF
:FFB2E000FFFFA32F0300602AC235F93F0500393709001A40FF02B00900000AC843070300233E03000832FF0202FFFFFF195042063F60F9470500393709001A38FF0218E3FFFF005242063F60F93F0500393709001A40FF02F60F000042063F60F93F0500393709001A40FF025E09000042063F60015242063F6080072100872F01000648602A92155F2A602A922D612AAA35E72F05002737090005380940FF024A0B000040063F00272F0900260628F0DDFEE531AA0D402EDEFE852F75CE862A4036DEFE462F28F0E7470500273F09000930FF0286E2FFFF005240063F00E72F05002737090005380940FF020E12000040063F00015240063F008007216006C807D0FF08
:FFB3DF0002581200000A0601FFD24D60D2B24D402EDEFE455724CF402EDEFEA52F25CF20361200E629FB3D402EDEFE852F25CF602A9A0D250684CEDDFE65CF010065D70500B52D402EDEFE053725CF4132453725CF8600C332270684CEDDFEC73166CF0100A53725CFC332C63967D705004036DEFE863F55F0C23A280648F0DDFEC83967CFFDFF863755F0270652F0DDFEC731052F25CF462FFFFFFF02E81A0000005240063F60015240063F6080072100FF02241B0000005240063F00800721000606F0FFEA05FF02A47DFFFF40063F000606E0FFCA05FF02947DFFFF40063F00BE07E1705C1A07C887CA00D209D807E006E8F52561DA9A0D0340203E80001D30FF02CE
:FFB4DE00F8100000B50D60DAEA1D2046800003301D38FF0244E1FFFF00520AD060D2CA15203E80000330FF022E130000FF0214FCFFFFFF02FEFBFFFF5FCA3DEE800060CA9ADDA50501D2DA06FF00DA1DDCCE7F0060CA921D61DA8A0D03401D301938FF0298100000850D03301D381940FF02EAE0FFFF1A50CA06FF00EA0503301938FF02D6120000FF02BCFBFFFFFF02A6FBFFFF441A7E06FF708207E1704307030043070200430701004307000043070000402EDEFEA52F25CF0506ECFF06C8B6050152B55D402EDEFE852F25CF050601FF82FD622AC10520D6FF00850DC42A3A066CF0DDFEC5D19AD70100FF025412000060D2DA0500DA01E21BE8D52540DEDEFE9BCC
:FFB5DD00E755F05FE23B0650F0DDFEDCD99BDF01003D0652F0DDFEDCE91DE7000041E201EA9515DB2EFF00C32A260684CEDDFEC531263F05002637010001421D48BFFFA2FE41DADB2EFF00DC36FF00E629B1ED03D81B30FF023A120000044219301B38FF021CE0FFFF6052CAAD60D2B2050052C505FF02B40C00004206FF708407A17043070700430706004307050043070400430704004307030043070200430701004307000043070000402EDEFE85CF55F000D2C535DC2EFF00C32A260684CEDDFEC531262F050026370100DA3EFF00C23A280648F0DDFEC839273F01000546FCFFE731E547343B014A0042BFFFF6FD41E2DC2EFF00DB36FF00E629D1DD03D81B304E
:FFB6DC00FF028E1100000442233E04001B30FF026EDFFFFF6052CA3541D2DA2EFF00F9299935DADEFF001B28C22A260640F0DDFEC6292537010004E2234604001C38FF02BA0E00001A2E01004036DEFE462F54F0003A03301C40FF024CDFFFFFFF02E2100000250650F0DDFEDB2985E70100250652F0DDFEC5D91BDF000041DAA5BD0152A50500524406BF7080072100FF02B6F9FFFFBFFFEAFE6052BA1D402EDEFEC5FF76CEA20D25068CF0DDFE253E4C000432FF027CFAFFFFFF028A0B00001F2A4036DEFE462F25CF4036DEFE462F24CF40063F00800721706D3A862F010006C8D20501528A0040063F70C5360F0064329AFDC52EF0000506C0FFCAF51936010004C5
:FFB7DB00D21A38FF02BCDEFFFF0AD8193605001A38FF02AEDEFFFF0AC81B301938FF023E0E00000A0601FFBA050252C5DD402EDEFE455724CF402EDEFE853755F0C232270640F0DDFEC639D9D95CDA67DF0100853755F0270650F0DDFEC6394036DEFE063725CF413247370000053754F04132453754F0005240063F7080072100FF02C6F8FFFF402EDEFE852F25CF622AC1052036FFFDA50DC42A26066CF0DDFEC531262F0500253600FE402EDEFE852F25CF622AB1051F3A850DC42A27066CF0DDFEC539273F0D00FF02D80B00006152AA0D1F2A4036DEFE462F24CF4036DEFE462F25CF40063F0000527F0000527F0080072160613207C81930AA0D0442270658F00A
:FFB8DA00DDFEFF0258DDFFFF40063F6004D21A38FF02AE0D0000260658F0DDFE19381A40FF023ADDFFFF40063F608207216006C803D027065CF0DDFE260658F0DDFE1A40FF02E60F0000044219301A38FF0232DDFFFF60529A0D402EDEFE1F32453724CF005242063F60015242063F608007217006C807D008D8FF02CEF7FFFF402EDEFE852F25CF602ABA050052F50519301A381B40FF02BC0900006052A20D1F2A4036DEFE462F24CF4036DEFE462F25CF40063F708007210020460204203EFF0026062CCFDDFEFF02E0DCFFFF40063F008007210006382046020426062CCFDDFEFF027CDCFFFF40063F008007210006382046020426062CCFDDFEFF0286DCFFFF40AF
:FFB9D900063F00800721402606606F0200FF021C9DFFFF00CA04321938FF02362FFFFF26067C710200FF02CAB5FFFFFF0288020000FF02F65000002606806C0200FF024E07FFFF19301938FF02BA1FFFFF40063F40800721400032FF02C0C1FFFFFF022CB8FFFF0AC8FF024A0C0000FF02F2DCFFFF1930FF0258B8FFFF40063F4080072100BFFF82FFBFFFCCFF40063F0080072100013A0032FF026C1FFFFFFF020028000040063F00820721004307030043070200430702004636E0000242233E0200FF024034FFFFC505FF027C33FFFFFF026233FFFF61529AFD232E020005570000C852A32F03000551CA0042063F0080072140FF020E34FFFF0AC8FF024A33FFFFDF
:FFBAD800FF023033FFFF61529AFD195040063F408707E170232F310045070000202E3E0006C8E5CF822A632F05001950FE57440205D602002A2E3E000650C751E55123DF29000928632F090008E007E80628632F0100F15D19F01B30232F090005381E4080FFE2046052AA7DF9F1EA05002A203640001A38F51D232F0100DD291E30FE37440226363E00E6291E28A10DB929FE2F440223370500A62920364000A50DB929FE2F44021A30DD31A531233F0500A729023A0740C5151B48C849894F01000850A751C551DC518A570100EA49F205012A23373100462F0000C5054142E641C1ED232F3100852F0100602AEA35232F0100DD291E30FE37440226363E00E629C1D2
:FFBBD7002D1E2E010023372D00E629E92541F2C5A51B30232F09000538194080FF28046052DA1D1A28D5151B30C531863701000538BA39DC39873F0100E731920D012A23D731005A2F000000524706FF70412A1A30DD31E62991ED0052A50501524706FF7080072140FF02EE2FFFFF0AC80132FF02B0B5FFFFFF02D031FFFFFF02B631FFFF6152DAF5195040063F4080072140FF025230FFFF0AC80132FF0286B5FFFFFF02A631FFFFFF028C31FFFF6152DAF5195040063F40800721002606086D0200FF02F02EFFFF40063F0000527F00AF07E1700628632F15000728632F11000828632F0D0043071B00013280FFE4047F520AC8CA0501528007F201232F0D00602A9F
:FFBCD600A2FD202EFF0723371500E531CBF5202E000823371500A62923371100E629B1ED232E1B00632F0900202E2200632F0500232E1C00632F0100232F15000530232F11000538232F0D0005401948BFFFC6FD60529AD5A32F1B00612AC205005280078A0100D280077A0123361C0019381A4080FFD4026052FABD1A30FE374402232F150085316032E4071501202E3D00E531EB070B01202E3E00A629233F1100E729E53F22DB232E1C00C5314232232F0D0005381B40FF02AAD8FFFF1A30C632D931BFFFE8FC802EFFFFE551D20D5936E000202E00E04531203E0020BFFF88FE6052EA0709011A28C62AD9294536E00020464000233E1C00BFFF96FE6052EA75237A
:FFBDD5002F1100E5D9C96D232F110005E01BE8B53D23361C0019381E4080FF2C026052FA07D7FE20EE3E00FDE1FDE736EB232F0D000538DB3923361E001D40FF0224D8FFFF1E30C632D931BFFF62FC802EFFFFE551C20D5936E000202E00E04531203E0020BFFF02FE60529A45C6F2D9F15E36E00020464000233E1C00BFFF14FE6052DA35DDD941D21C28BDE11AF6010020362100E6F1DB25FD29DABDA5251A30C632D931BFFF08FC802EFFFFE551C20D5936E000202E00E04531203E0020BFFFA8FD6052CA151A28C62AD9294536E00020464000233E1C00BFFFB8FD6052FA0541D2202E2200E5D1F10785FE8A006F06FF70A507E17006C807D00828632F05000032E8
:FFBED40080FFD0027F520A28632F0100BA050152857D202E3E0019D8E5DF8202202E2100E5D9EBF51B28C62A23370100C6294536E00020464000233E0800BFFFB8FB802E32A5DB29C536FFFF8832833F0900E639FADD8500A3370900E531AADD202E3E00E5CF82CAB929FA29E5D722E3232E0800C5C9193E0200232F050005301C40FF02E2D6FFFFFAE1C93D1CC8D52D1B28C62A23370100C6294536E00020464000233E0800BFFF50FB802E33A5C5E9DD2EFFFF882A83370900E5319A259D00A32F0900FD29CA1D20CE3E00F9D1F9D736CB23EF05001D30DC31233E0A001940FF0284D6FFFFD9E11AF01BE8B9D11DDE0100202E2100E5D9BB05F9F1AACDF9F19A8D0053
:FFBFD300526506FF708007217006C807D0BFFF9EFA0AD81A30BFFF96FA802EFFFFE551DA05802EFFFFE5D9AA0D80CEFFFFF951920D80CEFFFFF9D9DA051AC8195040063F701F5240063F70A007217008C807D006DE0000BA050152E56D80FFDE00402E20FFE5513A2E80F78A0D403620FFE6299915402E20FFE50D2606002020FFE6519A0D2606FF1F20FFE629CB052506002020FF403620FFE629913D1930C632C6294536E000204640000338BFFF4AFA6052BAD50328052F0000C82AA33701000629C500393632A5C600E629BA0D2046400003381B30FF028ED5FFFF005260063F70802E32A5C5C91928882A5B2F00005BCF010002CAE5051B28D9294507000041CA4E
:FFC0D200202E4000E5C981FDD515802E32A5C5C91928882A5B2F00005BCF0100022AE5051B30C53146070000412A20364000E62981FD005260063F7080072170403620FFBFFF6CF90AC82606000F20FFBFFF60F90AD02606002020FFBFFF54F90AD82606002F20FFBFFF48F94AD9802EFFFFE5D9E23700005AC9E5C9E22F00008A0DA63E0100603ACA05405620FFA525A63E01004539A73E0100603ADA052A06002020FFF515A63601000629A52E0100602ACAED20CE002040D620FF1A301938BFFFAAFA2606002020FF1938BFFF9EFA1A5040063F70A507E17006C8BFFF60FF7F52BA051FCAE575402E20FF3A06002020FFE551FA05402E20FF632F01001AD8D50DFAD6
:FFC1D100518AF53A06002020FF63D701003B06004020FF40D620FF00E2232F010005E8B50D1D30BFFF8AF8802E32A5E551FDE724E33DEE8008FBE9D1F560E2CA1560CAAA4D40CE020019CF4C7743CF470023464700013A0032BFFF7EFA23CF010019506506FF7060CABA051CC8B53561CAAABD3C2E8008A5D920367F08E6D99B2D00CAF51519D8C6DA1C28DB294536E00020EE400023F607001E381D40BFFF5CF8DAD95B36E0001E381D40BFFFEAF941CA202E2200E5C9F1E5232F01004536E000203E0020BFFFA6F93A5680086506FF7005C863CF0100232F010005506506FF70002AF51DC546FF00C442290650770200C84929470100E831B115C546FF00C44229060D
:FFC2D00050770200C84929470100294F0500C941E641D305472F000000527F00412AC546FF006342F6DD01527F006737010000527F0080072100FF023C0D0000402EDEFE0132653731D4005240063F00402EDEFE650731D400527F008407A1704307070063070100402EDEFE252F31D408C807D60000B205612AE20501DADB56FF004406BF700338BFFFA6FF6052EA5D23370100233E0700BFFF4AFF6052EA55A3DF0700C4DA250650770200DB2925DF0D00232F0100FB2FFE2A602AFA4500DADB06FF00DADD60D2B2DDA3DF0700C4DA250650770200DB2925E70D001938FCD1910D260630D3DDFE1C40FF027ED2FFFFB5153B0630D3DDFE1B301A40FF026CD2FFFF1BAF
:FFC3CF0030DA311A409C41203EFF00FF02A4D2FFFF1CD0FF022CEDFFFFFF0236EDFFFFFF02861E000023470100014A270630D3DDFE0232FF025E0C00000AD8FF02581E0000DB06FF00B20501DAA5BD232F0100DC29632F0100DCC91A30BC31FCD18215A3D707001A38C43A280650770200C741283F010028470500C839E729B90506D0F59D41D243D70700DA2EFF00632AB60500D2E5959A00C4D2250650770200DA2925D7010063D70100B5ED8607216043070B006307050063070100402EDEFE252F31D4612A07C8C20501D280073401233E0400BFFF5AFE6052EA071B0123370500233E0B00BFFFFCFD6052EA070901A3D70B00C4D2250650770200DA2925D70100ED
:FFC4CE002337050086D1252F0900E5D7FED260D29A75033880FF28016052CA6D00D2B56DFF0220ECFFFFFF022AECFFFFFF027A1D000023470100003A01320648FF02560B00000AD0FF02501D0000DA06FF00AA55A32F0B00C42A260650770200C629252F0900233F0500C539633F0500A32F0B000538C43AC73126370900E6C9B90500CA950DC42A260650770200C531262F0900A5C960CA823523370500033880FFA00060528A2DA32F0B000530C432270650770200C63927370100273F0500C731233F0500E7318B1D412A432F0B00C536FF0062328F158500C42A260650770200C5312637010063370500033880FF52006052A20501D2DA06FF00BA0560CAAA95DAE6
:FFC5CD0056FF0046063F608207216007C808D0630701000338BFFF18FD6052FA0D002AB50D1A30C531233F0100C539073F0000463F0000412AF929D1F542063F60402E0020E5319915603AF20D402E0100E531B9058D32D5054636FFFF8F3248326737010000527F0001527F00603ABA050638B505C6395F3AE639E11D0052851DCA2EFF00C42A28066CF0DDFEC541282F0500E531C10DCA2EFF00C42A28066CF0DDFEC541282F0900E539810D4152CA2EFF00622AE1E52056FF008A007F008007210080FF180280FF5E0240063F00402EDEFE254741D8204EA741E9472002654741D8002AB5150740A5412906FFFFFF1FC941C342404EDEFE294F41D8E84F8000064068
:FFC6CC00C541484F0000412AE729D1ED7F00002A234701000550C50D0758C5598B5F0100412A0660A561C362EC5FC0000B51E629C1F5CA2ED200A52E10002606F9210200C6290032A51DC7391E5A2B390A58985ACB5E01000A609E622B610A588C5ACB5E01002B618252CA5601002A61AC5601000751AA56010041320A38E531D1E50A28D02A403600FF26290A3090328600883A06394036FF002639C852AA3600FF06390539002AE50D2606FFFFFF1FC931A531C332E63F82300850C5514A370000412AE929A1F57F00402EDEFE1F3265373DD87F00002A85250640C54188470100404EDEFE29573DD828510842F50D404EDEFE29573DD8CA5E010080592C062F35DF18
:FFC7CB00C84C5981522B515F4269573DD8C806FF00EAED412AE72981E57F00402EDEFE25473DD8284065473DD8002AF50D0748A5492A06FFFFFF1FCA49C34AE94782480650C5514A4F0000412AE72991F57F00800721001F32FF02BC070000402EDEFE655735D440063F00002A851D0640C54188470100404EDEFE295735D4CA5EFF002859C25A28063CD4DDFECB412847010088522851695735D4412AE72981ED7F00402EDEFE253F35D42738653F35D4002A8515C53EFF000342A741C342404EDEFE294F35D4E84F8000C639474F0000412AC53EFF00643AE1ED7F00800721002606B71DC104FF022E070000002AB515C6060100E057044381322831413A683A81FD15
:FFC8CA000538C23A28063CD4DDFEC74168370100412A2036FF00E629CB05003A0530F5ED40063F00402EDEFE260689476523653741D87F007F00BF07E170231E64FF06C807D008D84307170143071601430715014307140143071401204610000C3A23360401FF020CBD0000192F0000432F0401192F0100432F0501192F0200432F0601192F0300432F07010A2A632F01011A2F0000D82ABA370100D03206299A370300C8320629BA3703000629632F11001A2F0400D82ABA370500D03206299A370700C8320629BA3707000629632F15001A2F0800D82ABA370900D03206299A370B00C8320629BA370B000629632F19001A2F0C00D82ABA370D00D03206299A370F75
:FFC9C90000C8320629BA370F000629632F1D00002A23361000263F0D0007408642C846FC032906807B0200C84929470100404EFF00494107488E4AC94EFC032A0680770200C9512A4F0100405600FF4A49265F010029592859C746FF00C2422906807F0200C84929470100C84600FF28594A39963A280680830200C741883F010027590538C23A280680870200C741283F01002759665F1100263F05002B39663F150026470900274166471900263F0D002839663F1D00412A6A2A26361000DAADA32F1101D02A23360401063F0C00D83A0539832F1301C82A0539A32F0D01D02A06470800D8420541832F0F01C82A0541A32F0901D02A064F0400D84A0549832F0B010F
:FFCAC800C82A0549A32F0501D02A06370000D8320531832F0701C82A0531232F0101812A23561C00A35F130123661800A36F0F0123761400A3CF0B01A3D7070123E61000D57D404600FF1D384839963A2906807F0200C931C939273F01000A688E6ACD6EFC032E0680830200CE692D6F01002D390C6848690CC886CAD9CEFC033A0680770200DAC939CF010039394B419642C941284701001DC88ECAD9CEFC03CEC939CF010039410AC886CAD9CEFC03DAC939CF01003941966ACD49294F01000B688E6ACD6EFC03CE692D6F01002D491D68866ACD6EFC03DA692D6F01002D49263701000C688E6ACD6EFC03CD712E6F01002D310B68866ACD6EFC03CDD13A6F01002DC2
:FFCBC700318B00C25A2E06807B0200CE592B5F01008C00C262CE612C6F01008A00C252CE512ACF01009D00C2EADD712ED701003E562C003E6628003E7624001CF02B392A5701002A39405600FF07584A59965A3C06807F0200DC592BEF01003A313E5F01002B3106D04AD106588E5ACB5EFC033F0680830200DF592B5F01002BE939492E5F01002B4909704A710958865ACB5EFC03390680770200D9592B5F01002BE92D412C5F01002B414851C85EFF00C25A2D06807B0200CD592B5F01002BE93E5F1D002BE99652DC512A5F010007508E52CA56FC03DF512A5701002A5906508652CA56FC03D9512A5701002A59C956FF00C252CD512A5701002A593E5719002A59D4
:FFCCC6009672DC712E67010008508E52CA56FC03DF512A5701002A6107508652CA56FC03D9512A5701002A618600C232CD312637010026613E371500266196D2DAE13C5701008E4AC936FC03C6F93F37010026518642C836FC03C6C93937010026518700C23AC7692D37010026513E37110026510A309632C636FC033EE62000E5063902250680770200C53126370100403E00FF47310C408E42C846FC032906807B0200C94128470100406EFF004D4108310B408642C846FC032E06807F0200CE4128470100C84600FF0831DD46FF00C242390680830200D9418847010008313E4721002831064098424347000006409042434701000640884243470200433703000CCC
:FFCDC5003047319632C5312637010047310B408E42C846FC03C941284701004D4108311D408642C846FC03CE4128470100C84600FF0831CA46FF00C242D9418847010008313E4725002831064098424347040006409042434705000640884243470600433707000B3047319632C5312637010047311D408E42C846FC03C941284701004D4108310A408642C846FC03CE4128470100C84600FF0831CC46FF00C242D9418847010008313E4729002831064098424347080006409042434709000640884243470A0043370B0047E996EADD29252F010047298E52CA36FC03C649293701004D3106298662CC36FC03C6712E370100C63600FF06298B00C25ACBC99937010086
:FFCEC40006293E372D0026290530983243370C000530903243370D000530883243370E00432F0F00002AC5150330C531063F000006470400283906470800283906370C00263923361401C531463F0000412A642AC6ED232E1401053700005B370000053701005B370100053702005B370200053703005B37030005570000D852A32F1501D02A0551832F1701C82A0551A32F17010551231E9C007F06FF70402EDEFE1F32653738D47F00002AF51D0640C54108470000C842404EDEFE295738D428510042E50D404EDEFEE95739D4CA060080205E2110E05F045BCA512B514142695738D4684281F5412AE72991E57F00002A8515C53EFF000142A741C342404EDEFEE959
:FFCFC3004F39D4E84F8000C639474F0000412AC53EFF00623AE1ED7F000628C5292706AAAAAAAA47298132270655555555473106290530C2322706CCCCCCCC4731822A270633333333472905310628C42A2706F0F0F0F04729843227060F0F0F0F473106290530C832270600FF00FF4731882A2706FF00FF0047290531F037C4507F008007210026062CF1DDFEFF0210BC00006052CA05FF0230BA000040063F008A07A17006C807D008D809E0FF0260BC0000630701000330FF02C4D600005FCA60CAA21D5FCA60CAB21D39E6E9FF60E2C20D61E2AA2520E61A0063E7010063D7050063DF0900D51520DE190063DF010063D70500E50D01D263D70100E505022A632F30
:FFD0C200010063D7050063DF090063E70C000330FF026AD6000023CF1100FF022EBC0000D956FF004A06BF70BE072170231E7CFF00CA03D0202E0001DA291A30C50546CF00004132E629CAFD43070000202EAAFF432F000001DA43DF01001F2A432F0700BFFF20FF07421B3019381B48BFFF32FF804600E002321A381B48BFFF24FF231E84007E063F70402EDEFEE557E3807F002A06BC80DDFE7F00C73925061C680200C729E52F0100E531E15700007F0009527F0080072100C63EFFFF0132FF024602000040063F0080072140BFFFC6FFEACF2700FF02682F0000C2CA250644D8DDFED9296557010040063F4080072100BFFFA2FFEA2F2700C22A260644D8DDFEC5B7
:FFD1C1003126370100FF02502F000040063F0080072160BFFF7EFF0AC8FF02222F00000AD0FF02F42E000079573000F92F2700C5292606F8680200C531E6370100013AFF02B42E00001A30FF020E2F000040063F6080072100BFFF3CFFEA373100003AFF02942E000040063F008007A17006C8BFFF18FFF85740022506FC680200CA2925D7050025DF0100F51D1B28F42F4002260690680200C53126E7010061CAEA0D1B28F42F4002260690680200C531263F05001C30FF02802F0000003A1C30FF02AC2E000041DAFAD991E500524006BF708007216006C807D0D936FFFF013ABFFFBCFE6152D20503528A0040063F601928F42F4002260690680200C531262F0D00A7
:FFD2C000612AAAF560D2BA050B52F5EDF4CF4002250690680200D929253F050025370100FF02C22F000060520052DA055A07000040063F60012A5A2F000040063F6080072140BFFF50FE0AC8FF02EE2F000079571100012A592F650040063F408007214006C8BFFF30FE60CABA050B52E505AA2F6500602ADA0507528A0040063F402A2F1100792F0100005240063F4080072140BFFF02FE0AC8FF02AA2F000079571500012A592F660040063F408007214006C8BFFFE2FD60CABA050B52E5058A2F6700602ADA0507528A0040063F402A2F1500792F0100005240063F402A06BC80DDFE7F006032F20D202E3E00662F0000012A662F0200022A462F0500460706004612
:FFD3BF000707007F008007216006C807D0BFFFCEFF60CAA20D5FCA60CAF20D61CA9235002A05D005C8F55D2A2F090025D7010025CF0500012AF555EA2F270005C8F8CF40022606246A0200D93126CF0100F9D1D60DF82F40023906246A0200C5C9392F0500E5D1BE05012AA505002AC5D23906AC690200DAC939D70D0039CF1100B5351A28F42F4002390690680200C5C9F92F0900F82F40023906FC680200C5C9392F1100E5D1E6151A28F42F4002390690680200C5C9F92F0900F82F40023906FC680200C5C9392F1500E5D1BE05012AA505002AC3D2390668680200DAC939D7010039CF0500612A8A1DFF02562C0000950D392F01002606CCCCCCCCE629CA0544CAC4
:FFD4BE00FAC9F1F50A30FF02522C0000B9D11A50A25240063F60005240063F6000527F0080072100FF02522A000040063F00402EDEFEE557E3807F002A06BC80DDFE7F00C73925061C680200C729E52F0100E531E15700007F0080072160BFFFD4FFC352250614680200CA2925CF010025D70500FAC9E715FF0268160000A515D92EFFFF0530C232270610680200C639273701006607010066070500662F090041CAD92EFFFFDA36FFFFE629A1ED40063F608007217006C807D0FF02882B00001928C22A260610680200C531262F010025370900E6C90AD8BA0505CAA51DC4CA260600680200D93126470D0008C8C2CA260644680200D93126CF010039370100253F01CA
:FFD5BD0000FF021A0900007A57010000CA1B30FF024A2B0000D956FF0040063F708307E17027CF010019D0C2D2250610680200C5D13A2F0100252F0900672F0100692F09003A2F010065CF09001928C42A3B0600680200C5D93B2F050044DA602A23E7210009E806F0F20D3C370100FF02EE2A00003B2F0100E5C760F9FF02C62A00007C5701003AD701003A3F0500603AF2153A3701001E40FF02620800007A5701003D2F0900632F01003D4705000338193080FFAA00232F01007D2F09004306FF708507E17006C81928F82F400226062C680200C53126D70100FF02682A0000635705001928C22A260644680200C53126DF01003BE701001BEE080000F2D5253B2F13
:FFD6BC0009008036FFFFE629BA0501F2D51DC22A260610680200C531262F0100253701001C381940FF02F8070000FA51FBED232E0400632F01002806BC80DDFE19301D381B48BFFFDCFEDE06FF00A2DD23370500FF020A2A00004506FF708007217006C807D008D8D936FFFF023ABFFFD8FD61529A651928C22A260610680200C531262F0100252F01000042804EFFFFFB293A3F0100AB1DE5358056FFFFEA39BA050142B5150750C2522B0610680200CA592B5701002A5F0100FB59B1F5E5599BF52A57090007480A38C856FF006152DAE5D51D8056FFFFEA39BA050142B5150750C2522B0610680200CA592B5701002A5F0100FB59B905E5599BF52A57090007480A08
:FFD7BB0038C856FF006152DAE5262F0100653F0900802EFFFFE549C20DC24A3A0610680200C9D13AD701007ACF090040063F707ACF010040063F708007216006C807D0D936FFFF023ABFFFFEFC6152BA45802EFFFF1A30853DF929DA2D8036FFFFE6390530DA0DC232270610680200C73126370100263709007A3701008515C232390610680200D931C23AC7C9393F01002637010026370900673709000530C232270610680200C73126370100662F090040063F600530C232270610680200C7312637010048320538262F01008036FFFFE629BAC540063F608207217006C8FF02662800001928C22A260610680200C531262F0100252F0900E5C90AD0BA0505CAD51D0C
:FFD8BA001928C42A260600680200C531262F0D00C22A260644680200C53126DF01003B2F0900632F010003381930BFFF0EFF23CF01007BCF090000CA1A30FF0222280000D956FF0042063F70C432250600680200C629252F0D00F82F400226062C680200C531262F0100E72926370500B9050852C5056042CA0500528A007F00E829B105E831A3FD08527F008707E17006C807D00828632F0500BFFFB2FF0A2E0000632F01009A5DFF029E2700001928C22A3B0610680200C5D93B2F0100252F0900E5C90AE0820D1C30FF029627000007524706FF701928C42A260600680200C53126470D000828F82F400226062C680200C53126EF01000828C22A260644680200C579
:FFD9B9003126F701003E3701001A38FF0214050000FD513B2F0100C305DAE941EA1DD065D701003B2F010023370500653705003E2F0900632F09003E470100233E08001930BFFF1CFD232F09007E2F09001C30FF020E270000232F010005504706FF70C432250600680200C629252F0D00F82F400226062C680200C531262F0100672F0100262F0500672F0900262F0900672F05007F00603ABA050852F515C432250600680200C629252F0D00F82F400226062C680200C531262F0100E72926370500C1ED6042CA0500528A007F00E829B105E831A3FD08527F008707E17006C80728632F01000828632F0500BFFFAAFF0AD60000BA4DFF02502600001928C22A3B060C
:FFDAB80010680200C5D93BE701003C2F0900E5C90AE8820D1D30FF024826000007524706FF701928C42A260600680200C53126470D000828C22A260644680200C53126F701003E370100232F01000538FF02B00300007C5701003B2F010023370500653705003E2F0900632F09003E470100233E08001930BFFFEAFB232F09007E2F09001D30FF02DC2500001A504706FF708007216006C807D0BFFFA8F960D2BA050B52950DD936FFFF023ABFFF9EF96152D20503528A0040063F6019301A38BFFFF8F940063F608007216006C807D0BFFF72F960D2BA050B52950DD936FFFF023ABFFF68F96152D20503528A0040063F6019301A38BFFF6EFE005240063F60800721DF
:FFDBB7004006C8BFFF3CF9D936FFFF023ABFFF3AF96152EA051930BFFFC2FC40063F40035240063F408007217006C807D008D8BFFF10F9D936FFFF023ABFFF0EF961528A0D19301A381B40BFFF92FE40063F70035240063F708007217006C807D008D8BFFFE0F8D936FFFF023ABFFFDEF861528A0D19301A381B40BFFF14FD40063F70035240063F702A06BC80DDFE7F008007216006C807D0BFFFF0FF60D2BA050BCAC53560CAB20503CA8535EA2F2700C529260648D8DDFEC531E62F0700612ABA0501CAB525012AF92FC0004036DEFEE63749D86531B20507CA851D1930FF0260220000012AF92FC2308600270648D8DDFE27470000064167470000C2CAD939672FFA
:FFDCB6000D005A07000000CA60CAD20560D2B2055ACF000040063F608007217006C807D0BFFF66FF60CABA3DFF021E240000012AF92FC0004036DEFEE63749D865310AD8BA0503CAC52561D2A21560D2BAFD023A1930FF02F02100006052A2FDC2CA250648D8DDFED92965070D008515013A1930FF02D22100006052A2FDC2CA250648D8DDFED92901CA65CF0D0000CA1B30FF02D2230000D956FF0040063F70035240063F7080072100BFFFE0FEFF02B821000040063F0080072100BFFFCEFE00520A28E50DC536FFFF013AE63FC0004036DEFEE63749D86731E057B453412AC506FFFF92F540063F0080072140BFFF9CFE0AC80332FF02CE0C0000E52F4000852EA014
:FFDDB50000E52F2000F92F27000132E537C00026284036DEFE263F48D84539663F48D8002AC515C63EFFFFC739280648D8DDFEC741C53EFFFFC739C741680702004132C63EFFFF643AF1ED412AC506FFFFBA050032F5F5F92F2700C529260648D8DDFEC62965070A00F92F2700C22AC531022A662F0D008505402EDEFEE557E3807F002A06BC80DDFE7F002A06BC80DDFE7F00C73925061C680200C729E52F0100E531E15700007F0080072160BFFFCCFFC352250648680200CA2925CF010025D70500FAC9F715FF02220D0000B515D92EFFFFC22A260644680200C531262F010065070100650705008036FFFF6537090041CAD92EFFFFDA36FFFFE62991ED40063F60E8
:FFDEB400F847400225062C680200C829252F0100C52985460100C731E831B305422AA53106507F000728A629E731D30DF847400226062C680200C83126570100CA51C55142527F0005507F008007217006C81928C22A260644680200C53126D70100FF02EA2100000AD83A2F01007A2F05003A370100013A1940BFFF8AFF7A5701001B30FF02E22100001930FF0240F7FFFF40063F7080072100BFFFB2FF40063F008007216006C807D0FF02A22100001928C22A260644680200C531262F0100252F0100F8CF400226062C680200D931263701004132E62FFE2A7A2F01000A30FF028621000040063F608007A17006C807D008D81928F82F400226062C680200C531260E
:FFDFB300E70100FF02462100001C2E0100C2CA260644680200D9312637010026370100E537FE320628DC293A3F0100A729FC2FFE2A7B2F01007A3701000A30FF02282100004006BF708007216006C8BFFF2CFE0AD01A30BFFF2EFED936FFFF033ABFFF34FE6152B2050352951D1928F82F400226062C680200C531262F1500602AC2F51928F82F400226062C680200C531E62F1100E5D1E205205615008A0040063F601930BFFFA8FE005240063F608007217006C807D0BFFFD6FDBFFFC0FD0AD8D936FFFF033ABFFFCEFD6152D20503528A0040063F701928F82F400226062C680200C531E62F1100E5D9C2052056150085F519301A38BFFFACFE005240063F708007F0
:FFE0B200A17006C807D008D8BFFF82FDBFFF6CFD0AE0D936FFFF033ABFFF7AFD6152D20503528A004006BF701928F82F400226062C680200C531E62F1100E5E1C2052056150085F51928F82F400226062C680200C531262F01003A370100E531B305085295E519301A381B40BFFF80FE00524006BF708505402EDEFEE557E3807F002A06BC80DDFE7F002A06BC80DDFE7F0080072140BFFFE2FF0AC81930BFFFE4FF4A0754004A0755006A073000082A6A2F59006A0719006A071D004A075C004A076400D9C92506F4680200D929252F00006A2F32002506F6680200C5C9392F00006A2F34000A3080FF080040063F4080072160E62F27000530C631F82F40022706FCE2
:FFE1B100680200C53925067C690200C629E52F0100602A27CF150027D71100F2251A28B515C536FFFFC232270650680200C639273F0100670705002806DC91DDFEC83167370100412AC536FFFFD93EFFFFE73191EDC50DDA2EFFFFC32A260668680200C531FF02E814000041D2DA2EFFFFD936FFFFE62981F540063F608007214006C8FF02CC1E00007957190040063F4080072100BFFFF6FE0A30BFFFE2FF40063F0080072100BFFFE4FE0A3080FFB80240063F0080072100BFFFD2FE0A3080FFB80240063F0080072100BFFFC0FE0A3080FFC80240063F0080072100BFFFAEFE0A3080FFDC0240063F0080072100BFFF9CFE0A3080FFEE0240063F008007E17006C877
:FFE2B00007D0BFFF74FE0AD81B30BFFF76FE1928F42F4002260690680200C5311B28F82F40022706FC680200C539272F0100E5C926E7050026EF0100FE0DF8DF40022506FC680200DB29252F0500E5C9D60503528A004006FF70F4CF4002250690680200D929252F0D00612ABAF51D301C38FF02841F00006152BA050552B5ED61D2EA051D301C38FF02C01E00001D301C38FF02EC1D000000524006FF708007A17006C8BFFFD6FD0AD01A30BFFFD8FD1928F42F4002260690680200C5311A28F82F40022706FC680200C539272F0100E5C926DF050026E70100FE0DF8D740022506FC680200DA29252F0500E5C9D60503528A004006BF70F4CF4002250690680200D931
:FFE3AF0029252F0D00612ABAF51C301B38FF02E61E00006052BA050552B5ED1C301B38FF02C21D000000524006BF708107E170262F0D0025CF0500E6D7190000DA07E0D525DBEEFFFF1D28C22AD929252F0100F42F4002260690680200C531263F050026F701001E30FF028E1E0000DCE96052CA055D070000950D012A5D2F0000003A1E30FF02601D000041DADB2EFFFFFA2991DD4106FF708007A170262F0D0025CF0500E6D7190000DA07E0B51DDB2EFFFFDC29852F0100612ABA15DB2EFFFFC22AD929252F0100F42F4002260690680200C53126370100003AFF02A41C000041DADB2EFFFFFA29B1E54006BF708007216006C8BFFF86FC0AD01A30BFFF88FC1A2824
:FFE4AE00F82F40022606FC680200C531262F0100E5C9BE0DF8D740022506FC680200DA29252F0500E5C9CE1D1928F42F4002260690680200C531262F0D00612A9A15F4CF4002250690680200D929253F050025370100FF02F41C0000005240063F60035240063F608007210026371900FF02FC1B000040063F0080072100062F54005F2A462F5400C506FF00EA0526371D00FF02DA1B000040063F0080072140862F5500602A06C8EA05FF02A81B000079571D00192F5400412A592F540040063F4080072100062F55005F2A462F5500C506FF00FA05E6373100003AFF022E1B000040063F0080072160A62F5500602A06C8BA1DFF025E1B00000AD0FF02301B000079A9
:FFE5AD00573000F92F2700C5292606F8680200C531E6370100013AFF02F01A00001A30FF024A1B0000192F5500412A592F550040063F6080072100BFFF54FB2A2F5100682A8A152A5749000A28F42F4002260690680200C531262F0D00612ABA0540063F00055240063F0080072100862F5D00602A9A1D862F6500602A9A0D262F3D00C32A260694690200C531F50DC22A26370D00C629252FFDFFC32A260668680200C531B50526370900FF027A10000040063F0080072100862F6500602AFA05262F3D00260694690200A50DC22A26370D00C629252FFDFF260668680200C32AC531FF024210000040063F0080072100A62F4D00602AFA0D262F3900263F3D00E729FE
:FFE6AC00920D0A2A662F5100E6372700FF02BE16000040063F008007216006C83A06BC80DDFE1A30BFFF8EFF9A2F6500602ABA0D2506BC80DDFE25375100653759000832653751002506BC80DDFE85376500413245376400053F4D00413A453F4D00D92EFFFF642A8B152506BC80DDFE253F0D008600C232C73166CFFDFF65CF4900013245374C0040063F60800721403906BC80DDFE392F0D0099376500C232C531262FFDFFC32A260668680200C531FF02760F0000192F64005F2A592F6400192F4D005F2A592F4D00992F6500602AEA0D3906BC80DDFE59074C001930BFFF10FF392F5900792F5100C50D2606BC80DDFE263F0D00C22AC729252FFDFF662F49004064
:FFE7AB002EDEFE2537C580FF021C0F000040063F4080072160402EDEFE852F1981602A06C8BA0D2506BC80DDFE25375100653761000932653751003A06BC80DDFE1A30BFFF2AFE9A2F65009A375D00C629C22A3A370D00C53166CF01001A2F5C00412A5A2F5C0040063F60800721403906BC80DDFE39370900FF02AE0E0000192F5C005F2A592F5C00C506FF008A0D2506BC80DDFE253761006537510040063F40E62F29000536FFFFE639E105A539413AC756FFFF7F0000527F0026572800C7515F52CA007F00402EDEFEE557E3807F002A06BC80DDFE7F002A06BC80DDFE7F0046074D000A2A662F51001F2A662F2200032A662F3900662F3D0066070500C23A250622
:FFE8AA0040690200C729252F0100662F010046074C00052A662F49007F008007217006C8FF024E1600000AD01A30BFFFA4FF6AD72600802EFFFFE5D10AD8CA05E00286000000E52F4000852EA000E52F20001930FF02D40100007B5720001A30FF0248150000FF020C0100003B370900FF02E40D0000FF029A000000FF02581500000132FF024C0100000232FF0244010000FF02E0150000C25225060C6A0200CA29252F0100252F01001C3246294036DEFE662F1DDF27061CDFDDFE271F0100FF02DC20000040063F7080072100FF020CFFFFFFE52F4000852EA000E52F200080FFDA0185058007214006C8FF02EEFEFFFF003A1930BFFFD4FF40063F4080072100FF47
:FFE9A90002D8FEFFFFEA57210040063F0080072140FF02B4FEFFFF0AC81930FF02B4FEFFFF0A301938FF02BAFEFFFF60CADA0D250648D8DDFE253700008636010065370000013265370D00FF02F0030000FF02F40D0000FF0244F7FFFFFF0258F4FFFFFF020CEBFFFFFF02AC05000040063F4080072140FF0252FEFFFF0AC81930FF0252FEFFFF1928C22A260664680200C531263701006A370D00D9C92606146A0200D931263700006A372800260640690200C531263701006A37010026060C6A0200C629252F01006A2F090040063F408007214006C8FF02F2FDFFFF64CA9B251928C529260648D8DDFEC531CA51CA31012A662F0200002A85151930C631270648D8F0
:FFEAA800DDFEC639C536FFFFC631C639E73703006132AA05412AC506FFFFF2EDB50580FFD40040063F408007214006C8FF029AFDFFFF6052A2058505CA51250648D8DDFECA2965CF0A0000CA1930BFFF84FF1928C506FFFFBA1DC536FFFFC631270648D8DDFEC639E7370B004A3A6032E205D906FFFFDA05E7CF0100412AB5EDD936FFFFE73F0100E73192FD8505D906FFFFB205002AC50D8505C536FFFFC631270648D8DDFEC63967CF0A00412AC506FFFFC2F5D956FFFF40063F4080072100FF020AFDFFFF012AEA2FC0002528260648D8DDFE263F00004539663F00000A28C529C62965070A00C252CA31022A662F0D0040063F0080072100E52F4000852EA000E54F
:FFEBA7002F2000FF022AADFEFF85052A06BC80DDFE7F008007214086CF1100192EFFFF842A412A622A262F0D00F1155FCA103246C91938833AC539E5055E3AE539A905850550CAE7370100603282FD80FFC401D951CA0040063F40602AAA058505E537010080FFAE0140063F40800721006A42B22D6C42EA65262F01000940C342C829254701006042B2050540E505264705000950C252CA41284701005F42654701000928C22A26470900C541282F01000940C34226570100C8512A470100C242C829653F0100C52D0928C22A26470900C541284701000950C352265F0100CA592B5F0500C25ACB41683F0100263F0100CA3927470500414267470500263F0100C7519E
:FFECA6002A47050026570500C5512A2F0100E541EA050928C32AC53967070500C92E0F00013AE53FC000C92EF0FF832A26370D00C531262F00000729662F000040063F00FF02B4FEFFFF40063F000728C22A26470900C541284701000748C34A26570100C9512A570100C252CA418056FFFF6857010026470100C9412857010041526857010026470100C849294F010026570500C5512A2F0100E549EA050728C32AC54168070100262F01000740C342C82925470100252F0500E541AA15C72E0F000142E547C0002828C73EF0FF833A26370D00C731263F00004539663F00007F00862F1100E539BE15262F09000740C242C829252F010026370100C33AC73126370130
:FFEDA50000C232C629255701007F008056FFFF7F00C60600FFBA050052B50588320852C606F000B205843244522506A8870200C629852F0100C551CA007F0080072100BFFFCEFD2A2F01000032A50DC63EFFFFC73925470D00C741680700004132853F11005F3A843A413AC646FFFFE741F1ED0032B52DC63EFFFFC33A25470100C7416807010025470100C74168070500003A9515C646FFFFC242254F0900C849294701000748C24AC941804EFFFF684F0100413AC646FFFFC242254F0500C84929470100E839F1E54132C63EFFFF85471100E83996D540063F00C72E0F000142E547C0002828C73EF0FF833A26370D00C731263F00004539663F00007F00800721709C
:FFEEA400262F01000848C34AC929254F010025570500055E04000860C262266F0900CC6926770500CC71EA492E6701002D6F0100EA0D0A70CC715F72EC77FE72C272CD712E77010080CEFFFFF971C24D0072EA49BA050CC8C50D0AC8CCC9A9C9ECCFFECAE505CC515F52EC57FE52417209D0CED1ECD7FED2C2D2CDD13AD70100E7D1BA05F97181F56072B205EA4992256072E20D0ED0C9D109D8C2DACDD9ECD7FED2C2D2CDD13AD701007BD70100414AEC4FFE4AEA49DADDC50D0A38CE39EC3FFE3AC23ACD39804EFFFF674F01005F726072CAF56B570100252F0100E551CA050838BFFFFAFE40063F70402EDEFEE557E3807F002A06BC80DDFE7F002A06BC80DDFE7F3E
:FFEFA30000C73925061C680200C729E52F0100E531E15700007F0080072160BFFFCCFF0AC81930BFFFCEFF1928C52926067C690200C531E62F0100602AA2251928C22A260678690200C531262F01006A2F2D00C3CA250684690200D92925CF050025D70100C50D1A28C22A260680690200C5312637010080FF0E0041D2F9D1C1F540063F60460702001F2A662F0000660705007F000828C22A290680690200C549292F01002637510065370500872F1900C22A27371500C53166470100072F1800412A472F180029370100462F02007F00062F18005F2A462F1800C23A250680690200C7292537010046070200252F0100650705007F000828C22A290680690200C549A5
:FFF0A200292F01002637510065370500272F0500C22A27370100C53166470100272F0500412A672F050029370100462F02007F00262F05005F2A662F0500C23A250680690200C7292537010046070200252F0100650705007F008007E17006C807D039DF05001B381A40BFFF2CFF1A28C32A260670690200C531E6E70300FBEF1B00FDE1B30D393701000C421A381C48FF02E2FAFFFF7BE71A00F92F2300E5E1F30579E72200392F3D00792F3900C2D2250680690200DA29252F010065EF00004006FF708007217006C807D0393F05001A40BFFFC4FE1A28C22A260680690200C53126DF0100FF02520F000019300A38FF02D4F6FFFF7B570000C3D2250670690200DA4C
:FFF1A10029E53F03001930FF02A0F6FFFF013A0A30FF02020F0000192F4D00412A592F4D0040063F708007E17006C807D008D81B28C32A260670690200C531E6E70300FF02F60E000019300A38FF0278F6FFFFEAE10AE8B30D19301C38FF024EF6FFFF013A0A30FF02B00E0000992F4D00612AEA0519301A381B40BFFF7EFEC2DA250680690200DB29252F010065EF00004006FF70800721700728C32A280670690200C541E82F030026473D00C5422906AC690200C849E9471700E82926CF050007D0B905015285151A38C23A280680690200C741283F010087470300994F1900E941D20505528A0040063F70E7DF0100FB29A30DF93F1B0026370100FF0256FAFFFFE1
:FFF2A00079DF1A0019301A38BFFFC8FD005240063F708007A1700728C22A280680690200C541282F01008547030026CF0500994F1900E94107D006D89A1DE53F01001B30FF0268F5FFFF00E20A301C38FF02C80D00001B2F4D005F2A5B2F4D0019301A38BFFF70FD1C504006BF7005524006BF70800721700728C22A280680690200C541282F010085470300264F4900C24A2A0650680200C9512ACF0100994F0500E84907D006D8D20505528A0040063F701A30C332270670690200C639E7370300E53F0100E639A90D1B30FF02E0F4FFFF003A0A30FF02420D00009B2F4D00612AB2050052B5E519301A38BFFF4AFD005240063F708007216006C807D0FF02620D0045
:FFF39F00001A28C22A260680690200C531262F0100852F0300602A0A30EA35392F51006A2AFA15DA2E0F00013AE53FC000392F3D00C22A280648690200C541282F01001A40A442C841C829E52F01006729C21D392F5100682AB20500CAF515DA2E0F00013AE53FC00039CF4900C2CA25065C690200D92925CF0100A4D2DAD1DAC9F9CF010067C9AAED01CAFF02F00C0000195040063F608007214006C8FF02C40C0000C2CA250680690200D929252F010085CF03000A30FF02C40C000060CAE507045340063F408007214006C8D936FFFF063ABFFF36FB6152D20503528A0040063F40BFFF0CFBC3CA250670690200D929E52F0100E551BA05005295F5205615004006A3
:FFF49E003F408007216006C8BFFFF6FA0AD01930BFFFB4FF6052BA0D1A301938BFFFD8FE6052DA051A30193880FF080040063F608007A17006C807D0392F4900C22A260650680200C53126DF0100FF02140C00001A28C32A260670690200C531262F05000AE0602AF20D5F2A602AA22D612AEA2D392F51006A2ACA2519301A38BFFF48FC852D1AD8C3DA250670690200DB29E5DF0300392F3D00C52A2606AC690200C531E62F1700FB29B30501CAC51539DF510068DAB2FD19301A38BFFFA2FBA50D19301B381A40BFFF64FCC505FF0232F6FFFF00CA1C30FF02A40B000019504006BF708007216006C8BFFF18FA0AD01930BFFFD6FE6052AA0D1930BFFF9CFE6052DA3D
:FFF59D00051A30193880FF080040063F608007A17006C807D0FF024A0B00001A28C32A260670690200C531262F05000AD8602A820D5F2A602AB21D612A820D0052B51D19301A38BFFF52FCE5151A28C22A260680690200C629252F0100252F05006A2AEA0519301A38BFFFB0FCD50519301A38BFFF04FD0AE060E2C205E0024E000000C2D2250680690200C5D13A2F0100450702003A2F01001F32653700001930FF02EA070000392F390039373D00E629CA05E00218000000B92F4D00602AC205E0020A000000E00700011B30FF02B00A00001C504006BF708007214006C80142003A1930FF024214000060529AFD40063F408007214006C80042013A1930FF02281442
:FFF69C00000060529AFD40063F408505082AC50D5F2A0538C23AC639273F01002806CCCCCCCCE839DA05602ACAF50152A50500527F008007214006C839370500BFFFD0FF6052F20539370100BFFFC4FF6052EA05003A0E32FF0280F2FFFF40063F40262F0100252E200026370500F5052706CCCCCCCC663F01004432E53191FD7F00402EDEFEE557E3807F002A06BC80DDFE7F002A06BC80DDFE7F00C73925061C680200C729E52F0100E531E15700007F008007A1700728C22A2806186A0200C54128CF01000728C52A3A06AC690200C5D13A2F0D00792F01003A2F1100792F050059072000FA4F1700794F1A003A2F18004CD2264720004829C506FFFF07D806E0F2C7
:FFF79B001D012A592F2000042A792F1D003C3701000A421B38FF0260F4FFFFFC2F23008036FFFFE629D205F9371B00E629B90D7CDF390039CF1A007CCF2200C505022A792F1D001A30FF021AFFFFFF4006BF708007A170BFFF2CFF0AC81930BFFF2EFF1928C22A2606106A0200C531262F01006A2F36001928F82F40022606246A0200C53126D7050026DF01001A28BB296A2F2400FAD90AE0C705FF0268F3FFFFD9C925067C690200D929E52F0100602AC2251B28D515C536FFFFC2322706F091DDFEC6392806186A0200C83126470100683F15002637010046071800412AC536FFFFDA3EFFFFE731F1E5F505DB3EFFFF1C30BFFFC0FE41DADB2EFFFFDA36FFFFE629D2
:FFF89A00D1F54006BF708007E17006C8FF02560800001928C52A2606AC690200C531E62F15001930C2323A06186A0200C6D13A37010086372100E5310AD8BE0500E2E5051B30FF023A08000004E260E2C205E002840000003A2F0100053720004132453720003A2F010025371D006232CA05043265371D001928C52A3A06AC690200C5D1FA4F17003D06BC80DDFE3D3701000A421938FF02E4F2FFFFFA2F1700FD372300E629CB05E002260000002606BC80DDFE66CF3900662F2200A62F4D00602AC205E0020A000000E00700011B30FF02B0070000DC56FF004006FF7080072160882F2100602A08C807D0C2055F2A592F2000C506FF00042AE22F042B792F1D001A4C
:FFF9990028C22A2706186A0200C539272F0100E53F1B0026370100FF0240F3FFFF59071800C5D22506AC690200DA29252F1600792F1A0040063F608007217006C8FF02260700000AD03B06BC80DDFE3B4705001B301938BFFF88FF3B2F3900E5C9FA052606BC80DDFEFF0226040000402EDEFE45070981E00700011A30FF020407000040063F708007E17006C8402EDEFE25D7F980FF02D20600001928C52A2606AC690200C531E62F15001930C2323B06186A0200C6D93B37010086372100E5310AE0B605F9D1BA0500EAE5051C30FF02B206000004EA60EAC205E002840000002606BC80DDFE264705001A38FF02F2FEFFFF3B2F0100053720004132453720003B2FE7
:FFFA9800010025371D006232CA05043265371D001928C52A2606AC690200C531E64F17003B06BC80DDFE3B3701000A421938FF024AF1FFFF3B2F3900E5D1FA052606BC80DDFEFF024A030000402EDEFE45070981E00700011C30FF0228060000DD56FF004006FF708007216006C807D0FF02F8050000C2CA2506186A0200D929252F0100252F1D00642AE12F042B7A2F01000A30FF02EE05000040063F608007216006C807D0FF02F2FBFFFFD936FFFF003AFF02EEFBFFFF61528A0D19301A38BFFFA8FF005240063F60035240063F608007214006C8FF02C2FBFFFFD936FFFF003AFF02BEFBFFFF6152FA051930FF021EFDFFFF40063F40035240063F408007214006EB
:FFFB9700C8FF0294FBFFFFD936FFFF003AFF0290FBFFFF6152DA051930FF02F0FCFFFF40063F4080072140FF026EFBFFFF2A2F51006A2AB20502CAD5152A373D0006C8C2CA2506186A0200D92925CF010099CF190060CAE6CF14CB60CACA05FF02DEFDFFFF195040063F408007214006C8FF0228FBFFFF2A2F3D00792F0100005240063F408007216006C8FF02DE0400000AD01930FF02FC010000392F390039373D00E629CA05E0020E00000059074D00E00700011A30FF02CC04000040063F6080072140FF02D4FAFFFF2A2F5100682ABA0502CAB51D6A2AB20502CA95152ACF3D00C2CA2506186A0200D92925CF010099CF190060CABA0500CAA50506CA60CADA05FD
:FFFC96000A30FF0280FFFFFFD956FF0040063F408007216006C8FF0280FAFFFF0AD0D936FFFF003AFF027AFAFFFF6152B2050352B51D3A2F51006A2AB2050252D5153A2F3D00C22A2606186A0200C531262F0100852F1900602AE62F14536052DA051930FF0226FDFFFF40063F608007217006C81928C22A3A06186A0200C5D13A2F0100013265371D003A2F0100E54F1B003B06BC80DDFE3B3701000A421938FF02DEEEFFFF3A2F0100E5371B00FB3F2300E731CB05E0022A0000002606BC80DDFE66CF3900252F1A00662F2200A62F4D00602AC205E0020A000000E007000140063F7080072140FF02AAF9FFFF2A2F3D006A2F41002A37050060320AC8A215C32A268A
:FFFD95000694690200C531FF0232F9FFFF392F050025371D006332CA05013265371D00392F3900792F3D00C22A2606186A0200C531262F0100792F0500392F3D00C52A2606AC690200C531862F1B00602ACA05012A592F4D00392F050025371D00033A653F1D006432BA15392F3D00C52A2606AC690200C531262F0D0039370500662F010039373D00FF02E40B000040063F408007214006C839370100FF028CEDFFFF79572200F93F230039370100FF0244EFFFFF7957390040063F40402EDEFE260658D8DDFE653721DF402EDEFE260664D8DDFE653715DF402EDEFE260678D8DDFE653719DF7F008007216080FF9A000AC8FF02F6000000A0070D002080A0074D00A1
:FFFE9400208000D2C515DA2EFFFF0530EC3740022706446A0200C639F42F4002260690680200C531FF022A01000041D21928C5292606F4680200C531E62F0100DA36FFFFE531A1E5FF02780000008007472C03C6852E0100A0074D2C03C640063F607F0005527F00603AE2055F3A603AA20D613AEA05E0072001000001527F0000527F0001527F0000527F0060321F2AE02F0453CA007F0060321F2AE02F0453CA007F00E62F40082606A1030005E629AAFD7F0080072100FF028A99FEFFD5FD402EE3FFE5374102C636F0FF65374002253740028636020065374002202E0F27A0070D2800C67F008505250600080400E51F2008E52F4000852E0080E52F2000002AD516
:FFFF93000D0530C232270678D9DDFEC639260678FF030067370100412A20366601E62991F5002AD50D0530C2322706F8D8DDFEC6392606FE0A040067370100412A20362000E62991F51F2A80074F2802807F00262F0100C506001027370500873F01008255C52EFF0F0540C841204E1F00E929EB05290600EAFEFF0850C505205600B0084820461000A741C83E0F00C951EA470100C846F0FF07416A4700000538C73920461F00E829EB05280600EAFEFF0748C505204E00B00740C849E93F0100C73EBFFF693F00000538C73920461F00E829EB05280600EAFEFF0748C505204E00B00740C849E93F0100C73E7FFF693F0000270678D9DDFEC22AC539673701007F00B4
:020000024000BC
:FF009200C52E1F00013AE53FC0002738800749400280474180074F4002802706F8D8DDFEB5ED6032BA05002AB50D203E1000A639012AE62FC0005F2AE72FC000C500E55F20107F00EB2F4010602AB2050032E50520361000E505812A4132C5060100C2FD20561000A651CA007F00E52F4000C55620006052FA05E52F4000852EA000E52F20007F0060328A0DE52F400020365FFF4629E52F20007F008007214006C8BFFFCCFFD90600100A30A21DD92EFF0FD9C9D9CEFE1F203E1F00E729EB05250600EAFEFF1938C505203E00B01928C539E7CF0100D9CE7FFF67CF0000E50DD92E1F00013AE53FC0002728800749380280453980074F380280BFFF8EFF40063F408046
:FF01910007214006C8BFFF66FFD90600100A30A21DD92EFF0FD9C9D9CEFE1F203E1F00E729EB05250600EAFEFF1938C505203E00B01928C53927CF000099CE800067CF0000D50DD92E1F00013AE53FC000800749280280072980074F280280BFFF2AFF40063F408007214006C8BFFF02FFD90600100A30A21DD92EFF0FD9C9D9CEFE1F203E1F00E729EB05250600EAFEFF1938C505203E00B01928C539E7CF0100D9CEFFEF67CF0000D50DD92E1F00013AE53FC000800789280280072980078F280280BFFFC6FE40063F408007214006C8BFFF9EFED9060010921DD92EFF0FD9C9D936FE1F203E1F00E729EB05250600EAFEFF0638C505203E00B00628C539272F00008B
:FF029000852E0010672F00000A30BFFF7CFE40063F40C6060010A21DC62EFF0FC631C636FE1F203E1F00E729EB05250600EAFEFF0638C505203E00B00628C539E72F0100C5068000FA0D01527F00C62E1F000132E537C0008007492802806629BA0501527F0000527F00ED2F4000C556FF0F7F00EE5740008A007F0000000000000000000000000000000000000000000000000000000000000000000000000000000000000000000000000000000000000000000000000000000000000000000000000000000000000000000000000000000000000000000000000000000000000000000000000000000000000000000000000000000000000000000000000000000007
:FF038F000000000000000000000000000000000000000000000000000000000000000000000000000000000000000000000000000000000000000000000000000000000000000000000000000000000000000000000000000000000000000000000000000000000000000000000000000000000000E6476039E13F40002606FFFFFFBF4639E70F2000E53F4000E6676039E0074801E6476039E53F4000873EA000E72F2000E6676039E6476039ED3F4000C73E0F00603AB205613A8225E667603980FFFC0527061CDFDDFE273F01000718BFFF1AF980FF140626061CDFDDFE261F0100E6676039E6072000E70F2000E56760F9E1676011E0074801E6676039BF0776FF75
:FF048E000000E6476039E53F4000873EA000E72F2000E6676039E1476011E54760F9E0374000E13F4000E647603935061CDFDDFE751F010080FFD80580FF820527061CDFDDFE273F01000718BFFFA0F880FF9A0526061CDFDDFE261F0100E6676039E6072000E70F2000E56760F9E1676011E0074801E6476039E53F4000873EA000E72F2000E6676039E1476011E54760F9E0374000E13F4000E647603935061CDFDDFE751F0100ED374000C636FF0FC232270678D9DDFEC639273F010067000000E6476039E53F4000873EA000E72F2000E6676039E1476011E54760F9E0374000E13F4000E647603935061CDFDDFE751F0100ED374000C636FF0FC232270678D9DD28
:FF058D00FEC639273F01006700000026061CDFDDFE261F0100E6676039E6072000E70F2000E56760F9E1676011E0074801000026061CDFDDFE261F0100E6676039E6072000E70F2000E56760F9E1676011E00748010000E6476039E53F4000873EA000E72F2000E6676039E1476011E44760F9E2374000E33F4000E647603935061CDFDDFE751F010026060001C0FF26370100E0376233013AA731C2322706F8D8DDFEC639273F0100670026061CDFDDFE261F0100E6676039E6172000E71F2000E46760F9E1676011E0074A0100000000000000000000000000000000000000000000000000000000000000000000000000000000000000000000000000000000000055
:FF068C000000000000000000000000000000000000000000000000000000000000000000000000000000000000000000000000000000000000000000000000000000000000000000000000000000000000000000000000000000000000000000000000000000000000000000000000000000000000000000000000000000000000000000000000000000000000000000000000000000000000000000000000000000000000000000000000000000000000000000000000000000000000000000000000000000000000000000000000000000000000000000000000000000000000000000000000000000000000000000000000000000000000000000000000000000006F
:FF078B0000000000000000000000000000000000000000000000000000000000000000000000000000000000000000000000000000000000000000000000000000000000000000000000000000000000000000000000000000000000000000000000000000000000000000000000000000000000000000000080074C7A000000000000000000000000800700000000000000000000000000008007000000000000000000000000000080070000000000000000000000000000BF0750FC800700000000000000000000BF07D0FBBF07F0FF000000000000000080070000000000000000000000000000800700000000000000000000000000008007000000000000000019
:FF088A00000000000000800760020000000000000000000000008007000000000000000000000000000080070000000000000000000000000000800700000000000000000000000000008007000000000000000000000000000080071C02000000000000000000000000BF07F0FC000000000000000000000000BF0700FC000000000000000000000000BF07F0FB000000000000000000000000BF07E0FB000000000000000000000000BF07D0FB000000000000000000000000BF07C0FB000000000000000000000000BF07B0FB000000000000000000000000BF07ECFB000000000000000000000000BF07DCFB000000000000000000000000BF07CCFB0000000000A5
:FF09890000000000000000BF07BCFB000000000000000000000000BF07ACFB000000000000000000000000BF079CFB000000000000000000000000BF078CFB000000000000000000000000BF077CFB000000000000000000000000BF076CFB000000000000000000000000BF075CFB402EDEFE2557F9807F000628C52A2706AC690200C539272F0D001C4248292806A6F6030065478DFF273F0900653F89FF803E0080653F85FF403EDEFE273F21DFC232C639252E84FF672F01007F00F00700017F0080072100FF02CCF4FFFFC25225060C6A0200CA29252F0100252F01001C3246294036DEFE662F1DDF40063F0080072140402EDEFE25CF21DFFF0274FFFFFFC2525D
:FF0A8800CAC9392F01004036DEFE662F1DDF40063F4080072140402EDEFE25CF21DFFF024EFFFFFFC252CAC9402EDEFE252F1DDF792F010040063F408007217006C807D008D8FF0232F6FFFF392F0100E5D1B20501CAC50579DF010000CA0A30FF0232F6FFFF195040063F70EE2F4000C5069000EAFD7F008505850584072100202EFF00632F0500632F0100FF0274740000635705006052DA0580FF4600635705000340013A2036C003FF0296B3FFFF6052FA05232F010023370500E629920D23460400013A2036C003FF0256B1FFFF232F05004036DEFE662F45F144063F0080072100FF02680500006052EA15FF02D00000006052BA05005295156A52920D6552F2CA
:FF0B8700055F5261528B0D20562200F5052056200040063F0020562F0040063F0080072140402EDEFE25CF2DDF60CABA050152F52D402EDEFE852F4DF1050601FFBA050552E525612A9A25992F2100642AB2050452E51D39462400203E410020360904FF02BEB0FFFF39466400204E4000203E64001930FF02606F00006052BA050052F505055240063F40622AD20502528A0040063F40992F2501612ABADD3946680139360401204E4000203E6400FF02946F00006052D2E5055240063F40A0072100202E20000032233E20000540C741C50547370000413AE741CAFD430720000338C729C50547370000413AE729CAFD43070000402EDEFE852F4DF1050601FF4036F0
:FF0C8600DEFE263729DF263F0500BA050552D54D612AEA2523462000260600060800FF02046E00006052B2050A52F53D002AA515C536FF00233E2000C639873F01004046DEFE28472DDFC8318637A500E639FADD412AC536FF000606E0FFB6EDD525622AB2050252A5250340260600060800FF02D06D000060529ADD002A9515C536FF000338C639873F01004046DEFE28472DDFC8318637A901E639AABD412AC536FF000606E0FFC6ED00528A0060063F008007A170402EDEFE252F25DF602ABA050252E525402EDEFE252F29DF602A92FD402EDEFE252F2DDF602AB2F5402EDEFE852F4DF1050601FFBA0505529515612AAA55402EDEFE252F49F125CECA001930FF41
:FF0D850002E47900000AD60000DA0507528A004006BF703B0624DFDDFE3B3F010006421A30FF027A78000040E6DEFE3C4749F13B3F05001A360600FF02647800003B3F09003CE749F1DAE11C3606002046A400FF024C7800003B2F09003C36AA00253EA40020462000FF02367800003B2F09002546C400204E40001A301938FF025A6D00006052AA551A30FF029678000000524006BF70622ADA95402EDEFE252F49F125CECA001930FF023E7900000AD60000E2AD3B0624DFDDFE3B3F010006421A30FF02DC77000040E6DEFE3C4749F13B3F05001A360600FF02C67700003B2F09003CE749F1DAE11C360600253E04012046A400FF02AA7700003B2F09003C36AA0000
:FF0E8400253EA80120462000FF02947700003B2F09002546C801204E40001A301938FF02246D0000605282B51A30FF02F477000005524006BF7080072100FF02120200006052BA15BFFFDCFC6052FA0DBFFF64FE6052BA0D402EDEFE252F29DF602ABA050252B505BFFF5AFD40063F00002A950D0640C54188470100080601FFEA05412AE729F1F50152A50500527F000628882A05065FFF9A1DC62EFF00612AB215C62EFF00050670FFE20DC62EFF0005066FFF920DC62EFF00622AF60586000606C0FFBF0500527F0002527F00262F0100403E0020E729A90D26370500C62940360020E629B90500527F0002527F00862F01000506E0FFB2050252C525002A950DC5FC
:FF0F83003EFF00C639A73F0100603AEAF5412AC53EFF00683AD6F5002A950DC53EFF00C639A73F0900603A8AED412AC53EFF006F3AD7F5862F2100642AE205612AC20504528A007F00A62F21000506EFFFC2050506DFFFAAD5862F2300622AB205672ACACDA62F23000536F0FF86006232D10D0506E0FFA20D0506DFFFF2050506C0FFC2050506BFFF9ABD00527F0080072140402EDEFE1F3245374CF1402EDEFE252F25DFE5370100BFFFE8FE6052AA0D402EDEFE252F25DFE53703006032C205025240063F40E52F0500692AABFD00CAE50D402EDEFE253729DFD92EFFFFC32AC531BFFFECFE6052DAED41CA402EDEFE252F25DFE52F0500D936FFFFE531A1ED402EF1
:FF108200DEFE252F2DDF2536A400203E2000BFFF60FE6052DAD5402EDEFE252F2DDF2536C400203E4000BFFF48FE60529ACD402EDEFE25372DDFBFFFB8FE60529AC5402EDEFE013245374CF1005240063F4080072100250624DFDDFE26060002080065370100260606020800A0074738041065370500C33A4036DEFE663F49F125370500C73165370900BFFF06FF40063F00B507E1700928632F05000828632F010007C806D60000E2079301232F0500602AE207890160CAEA05232F0100602AEA077B0120DE1000003A232E28001B30C531C505453F0000412AE531CAFD4307280023E638001C301B40FF02D07400001A301C381C4080FFB60823EE58001D301C381B18
:FF11810040FF029E740000C3FF5800EADF00001D3080FF480B60DA920D232E5800052F0F00A52E8700432F670023DE480020461000233E58001B30FF0268740000C3FF4800EAE700001B3080FF120B60E2920D232E4800052F0F00A52E8700432F5700232F0100052E0F00842A602AE12F04DB00E2A5151C40C442D94123EE280023F618001E301D3880FF000B1A301E381D4080FF1A0841E21B2EFFFFE5E1C1ED20461000003A23360800FF02107400003C06FFFFFF0FDBE1C4E2232F010085E11C06F0FFEA0D232F0100602AA20DC4DAD9D91B3EF0FF2346580023360800951D232F0100602AB20DC4DAD9D91B3EF0FF233608001C40FF02AC73000023360800C6E1E1
:FF128000202E80FF5C2F000023464800063880FF780A23CE180023460800233E2800193080FF660A1A301938232F0500054080FF7C0700527506FF701F527506FF70B407A17006C807D008D803E01C3080FF1C001C3019381A4080FF6C001C301B3880FF240100527406BF7025066F168073662F01002506B9B21449662F05002506D7422417662F0900250600068ADA662F0D002506BC306FA9662F11002506AA383116662F150025064DEE8DE3662F190025064E0EFBB0662F1D0066072100660725007F008107E170262F21000848C34A0550C95166572100832AC5CE3F00E951262E200008D007D806E0E90525370500413265370500253705001A389D3AC73165E0
:FF137F0037050020EE4000B9E9FAE9B30500EAE52D012A0530FF02625EFFFF3CF628001930DE311B381D40FF027A7200001C301E3801CA194080FF7E0900CAB5151B38DD3901421C3080FF6E0941CA202E3F00E5C9E3050132FF02225EFFFF00CA3DEE40003D2E3F00FA29B1ED00CAD9E13C3628001A40BD411B38DD39FF02287200004106FF708407216007C8262F2500982A432F0000262F2500902A432F0100262F2500882A432F0200262F2500432F0300262F2100982A432F0400262F2100902A432F0500262F2100882A432F0600262F2100432F0700262F2100832AC52E3F000638C539204680FF47472800412A203E3800E72906D0EB05E515C5314607280035
:FF147E00412A20364000E6291A3081FD3A3E2800014280FFA208002AE5051A30C53146072800412A20363800E62981FD002AA50D0330C531063700001A38C53947376000412A682AE1F53A3E280001421A3080FF6608002AA51D0530C2321938C639DA312647010098424747000026470100904247470100264701008842474702002637010047370300412A682AE1E544063F60B607A17008CE000007D006D8D21560DABA0560D29A1503E01C3080FF22001C301B381A4080FF76001C30193880FF2A0100527606BF701F527606BF70250667E6096A662F0100250685AE67BB662F0500250672F36E3C662F090025063AF54FA5662F0D0025067F520E51662F110025B6
:FF157D00068C68059B662F15002506ABD9831F662F1900250619CDE05B662F1D006607250066072100660769007F008007E170262F6900602A08C807D006D8BA0500E2854520E64000A5E1F9E1F9E736E3DB29253628001A381C40FF024C7000003B2F6900DC297B2F69000506C0FFAA2D3B3E28001B3080FF06323B2F25003B372100003A06364000E72FA22B7B2F25007B3721007B076900D5151A38DC391B3080FFDC313B2F25003B372100003A06364000E72FA22B7B2F25007B3721003CE640003C2E3F00F92991ED19E8BCE9F9E1B20D1A38DC393B3628001D40FF02CA6F00007BEF69004006FF70A307E17006C80728632F010039D7690039DF250039E7210091
:FF167C00202E80FF432F0400202E3800E5D1202E780020363800E62F22EBBAE91D46FFFF00F2233605001E38FF02946F0000DAE1FEDFA2D3C3D21C289D2A05D1C3E2392F69001930C531203E3800E72926362800233E0400E11520464000A541FF02486F000039EE280019301D3880FF103120463800003A1D30FF02466F000007EA95151D40FF02226F000007EAB50D1928DD2945E7600088E21A28D82A05E15FEA88D260EADCF5393E2800193080FFD030002AB51D0530C232233F0100C639D9312647010098424747000026470100904247470100264701008842474702002637010047370300412A682AD6E56306FF70BE07A170231EBCFF06C807D008D82046410F
:FF177B000023E7D500233640001C3880FFEA3B6152FA2D1A06E0FFCA2D60CAA22D60DA822D60E2E22503D020464000003A1A30FF028E6E000020E620001A301B381C40FF02666E00003B3E2000233620001C40FF02566E00002336400019381A4080FFE64D6152EA050052231E44007E06BF701F52231E44007E06BF70BE07A170231E94FF232FFD0009C808D007D806E60000B23D60D2923D602AF23560DAD23560CAB235632F2500202E4100632F210023462000233E24002336680080FF5E586052BA251906C0FF8A2523CE280019301A3880FFBE533A3E20002336480080FFB25303D01C301B381A40BFFFACFC233668001A38194080FF385C6052EA050052231EB7
:FF187A006C007E06BF701F52231E6C007E06BF709515C62EFFFF882A874F01002929C5292906508D0200C549292F0000C8322531413A08280546FFFF602ACAEDC60006507F009515C62EFF00874F01002929C5292906508F0200C549292F0000C60088322531413A08280546FFFF602ACAEDC60006507F008007214006C8202E20000730053880FF9C00002AA515C7060100E0570443813A28394132C646FF006842E6F50530C232D931663F0100412A2036FF00E629CB050032053885F51F5240063F40D50DC72EFF00885701002A29C22AC629252F0100883A253941420928054EFFFF602A8AF507507F0027507F009515882F010041420052F505C6068000E03F044A
:FF1979002B4152C6312531CA2EFF00682AE6F50928054EFFFF602ACAED26508A007F0000520A28F50DC6060100A20D0746FFFFC54EFF00A941014AE84FC0000951412A8132C546FF00E741F1ED7F000628982A2706B8870200C72905570000D8520628902A8500C729852F0100D02A0551C62EFFFF882AC729852F0100C82A05518600C639872F010005517F00E237C4502651EA37C4282551F237C4282551F837C42825517F00ED37C4502651F737C42825517F00BE07A170231EDCFF07C808D0062F0000D82AA63F0100D03A0729863F0300C83A0729A63F03000729632F9100062F0400D82AA63F0500D03A0729863F0700C83A0729A63F07000729632F9500062FDA
:FF1A78000800D82AA63F0900D03A0729863F0B00C83A0729A63F0B000729632F9900062F0C00D82AA63F0D00D03A0729863F0F00C83A0729A6370F000629632F9D002506C6BAB1A32337910025316337910025065033AA5623379500253163379500250697917D67233799002531633799002506DC2270B223379D00253100DA85351BE0C2E22506C8880200DC29252F0100233F99002337950023479D00273128312531BFFFACFE0A30BFFFFEFE232F91002A29632F910023361000DC31662F0100232F950023379100632F9100232F9900632F9500232F9D00632F990041DA63379D00202E2000E5D9C1CD192F0000D82AB9370100D032062999370300C8320629B948
:FF1B77003703000629632F0100192F0400D82AB9370500D032062999370700C8320629B93707000629632F0500192F0800D82AB9370900D032062999370B00C8320629B9370B000629632F0900192F0C00D82AB9370D00D032062999370F00C8320629B9370F00062900CA852D1928C22A23361000C531262F0100233F09002337050023470D00273128312531BFFFC4FD0A30BFFFFCFD232F01002A29632F01002337050063370100233709006337050023370D006337090041CA632F0D00202E2000E5C9C1D5232F0D00982A5A2F0000232F0D00902A5A2F0100232F0D00882A5A2F0200232F0D005A2F0300232F0900982A5A2F0400232F0900902A5A2F0500232F1F
:FF1C76000900882A5A2F0600232F09005A2F0700232F0500982A5A2F0800232F0500902A5A2F0900232F0500882A5A2F0A00232F05005A2F0B00232F0100982A5A2F0C00232F0100902A5A2F0D00232F0100882A5A2F0E00232F01005A2F0F00231E24007E06BF70002A0F3AE50D0748A900C649892F01000550CA510851495700008500872A5F3A05400728A500602AFCED7F00002A8515C54EFF000750C9510A5700000858C9590B5F00002B51C64949570000412AC54EFF006F4AE7ED7F00BF07E170231E90FD0628632F35000828632FD90107288007902A232F350025371D006337D501253719006337BD01253715006337B5012537110063379D0125370D0025B3
:FF1D75003F0900254705006347C501252F0100632FA501002AA51D0540C242234FAD01C84909570000D852A95F0100D05A0B51895F0300C85A0B51A94F03000951234EDC01C84969570100412A6F2AE7E5232FDD012347F9012541234F1102EF4FC45028510A58CF5A0960CF62286191620C592A59914A2941D74289520A4128592347E901E747C44028592347050228592347ED016347CD01635F1D022347E101234FFD01284923571502EF57C45829590B60CF620A68CF6A2969916A0D612B6191522A49D74A895A0B492961234FED01E74FC4482961234F09022961234FF101634FD10163672102234FE501235701022951235F1902EF5FC4602A610C68CF6A0B7049
:FF1E7400CF722A7191720E692C69915A2B51D75289620C512A692357F101E757C4502A6923570D022A692357F5016357C901636F25022357E901235F05022A5923671D02EF67C4682B690D70CF720CC8CFCA2BC991CA19712D7191622C59D75A896A0D592B71235FF501E75FC4582B71235F11022B71235FF901635FC10163772902235FED01236709022B61236F2102EF6FC4702C710EC8CFCA0DD0CFD22CD191D21AC92EC9916A2D61D76289720E612CC92367F901E767C4602CC9236715022CC92367FD016367B90163CF2D022367F1016367390023670D02236F39002D61236F2502EF6FC4702C710EC8CFCA0DD0CFD22CD191D21AC92EC9916A2D61D76289720EAE
:FF1F7300612CC92367FD01E767C4602CC9236719022CC9236701026367B10163CF31022367F50163673D0023671102236F3D002D61236F2902EF6FC4702C710EC8CFCA0DD0CFD22CD191D21AC92EC9916A2D61D76289720E612CC923670102E767C4602CC923671D022CC9236705026367A90163CF35022367F9016367410023671502236F41002D61236F2D02EF6FC4702C710EC8CFCA0DD0CFD22CD191D21AC92EC9916A2D61D76289720E612CC923670502E767C4602CC9236721022CC9236709026367A10163CF39022367FD016367450023671902236F45002D61236F3102EF6FC4702C710EC8CFCA0DD0CFD22CD191D21AC92EC9916A2D61D76289720E612CC9BF
:FF20720023670902E767C4602CC9236725022CC923670D026367990163CF3D02236701026367950123671D02236F95012D61236F3502EF6FC4702C710EC8CFCA0DD0CFD22CD191D21AC92EC9916A2D61D76289720E612CC923670D02E767C4602CC9236729022CC9236711026367910163CF41022367050263678D0123672102236F8D012D61236F3902EF6FC4702C710EC8CFCA0DD0CFD22CD191D21AC92EC9916A2D61D76289720E612CC923671102E767C4602CC923672D022CC9236715026367890163CF4502236709026367850123672502236F85012D61236F3D02EF6FC4702C710EC8CFCA0DD0CFD22CD191D21AC92EC9916A2D61D76289720E612CC9236715F0
:FF21710002E767C4602CC9236731022CC9236719026367810163CF490223670D0263677D0123672902236F7D012D61236F4102EF6FC4702C710EC8CFCA0DD0CFD22CD191D21AC92EC9916A2D61D76289720E612CC923671902E767C4602CC9236735022CC923671D026367790163CF4D02236711026367750123672D02236F75012D61236F4502EF6FC4702C710EC8CFCA0DD0CFD22CD191D21AC92EC9916A2D61D76289720E612CC923671D02E767C4602CC9236739022CC9236721026367710163CF51022367150263676D0123673102236F6D012D61236F4902EF6FC4702C710EC8CFCA0DD0CFD22CD191D21AC92EC9916A2D61D76289720E612CC923672102E7670F
:FF227000C4602CC923673D022CC9236725026367690163CF5502236719026367650123673502236F65012D61236F4D02EF6FC4702C710EC8CFCA0DD0CFD22CD191D21AC92EC9916A2D61D76289720E612CC923672502E767C4602CC9236741022CC9236729026367610163CF590223671D0263675D0123673902236F5D012D61236F5102EF6FC4702C710EC8CFCA0DD0CFD22CD191D21AC92EC9916A2D61D76289720E612CC923672902E767C4602CC9236745022CC923672D026367590163CF5D02236721026367550123673D02236F55012D61236F5502EF6FC4702C710EC8CFCA0DD0CFD22CD191D21AC92EC9916A2D61D76289720E612CC923672D02E767C4602CEB
:FF236F00C9236749022CC9236731026367510163CF61022367250263674D0123674102236F4D012D61236F5902EF6FC4702C710EC8CFCA0DD0CFD22CD191D21AC92EC9916A2D61D76289720E612CC923673102E767C4602CC923674D022CC9236735026367490163CF6502236729026367450123674502236F45012D61236F5D02EF6FC4702C710EC8CFCA0DD0CFD22CD191D21AC92EC9916A2D61D76289720E612CC923673502E767C4602CC9236751022CC9236739026367410163CF690223672D0263673D0123674902236F3D012D61236F6102EF6FC4702C710EC8CFCA0DD0CFD22CD191D21AC92EC9916A2D61D76289720E612CC923673902E767C4602CC92367C4
:FF246E0055022CC923673D026367390163CF6D02236731026367350123674D02236F35012D61236F6502EF6FC4702C710EC8CFCA0DD0CFD22CD191D21AC92EC9916A2D61D76289720E612CC923673D02E767C4602CC9236759022CC9236741026367310163CF71022367350263672D0123675102236F2D012D61236F6902EF6FC4702C710EC8CFCA0DD0CFD22CD191D21AC92EC9916A2D61D76289720E612CC923674102E767C4602CC923675D022CC9236745026367290163CF7502236739026367250123675502236F25012D61236F6D02EF6FC4702C710EC8CFCA0DD0CFD22CD191D21AC92EC9916A2D61D76289720E612CC923674502E767C4602CC9236761022C64
:FF256D00C9236749026367210163CF790223673D0263671D0123675902236F1D012D61236F7102EF6FC4702C710EC8CFCA0DD0CFD22CD191D21AC92EC9916A2D61D76289720E612CC923674902E767C4602CC9236765022CC923674D026367190163CF7D02236741026367150123675D02236F15012D61236F7502EF6FC4702C710EC8CFCA0DD0CFD22CD191D21AC92EC9916A2D61D76289720E612CC923674D02E767C4602CC9236769022CC9236751026367110163CF81022367450263670D0123676102236F0D012D61236F7902EF6FC4702C710EC8CFCA0DD0CFD22CD191D21AC92EC9916A2D61D76289720E612CC923675102E767C4602CC923676D022CC9236770
:FF266C0055026367090163CF8502236749026367050123676502236F05012D61236F7D02EF6FC4702C710EC8CFCA0DD0CFD22CD191D21AC92EC9916A2D61D76289720E612CC923675502E767C4602CC9236771022CC9236759026367010163CF890223674D026367FD0023676902236FFD002D61236F8102EF6FC4702C710EC8CFCA0DD0CFD22CD191D21AC92EC9916A2D61D76289720E612CC923675902E767C4602CC9236775022CC923675D026367F90063CF8D02236751026367F50023676D02236FF5002D61236F8502EF6FC4702C710EC8CFCA0DD0CFD22CD191D21AC92EC9916A2D61D76289720E612CC923675D02E767C4602CC9236779022CC92367610263DE
:FF276B0067F10063CF9102236755026367ED0023677102236FED002D61236F8902EF6FC4702C710EC8CFCA0DD0CFD22CD191D21AC92EC9916A2D61D76289720E612CC923676102E767C4602CC923677D022CC9236765026367E90063CF9502236759026367E50023677502236FE5002D61236F8D02EF6FC4702C710EC8CFCA0DD0CFD22CD191D21AC92EC9916A2D61D76289720E612CC923676502E767C4602CC9236781022CC9236769026367E10063CF990223675D026367DD0023677902236FDD002D61236F9102EF6FC4702C710EC8CFCA0DD0CFD22CD191D21AC92EC9916A2D61D76289720E612CC923676902E767C4602CC9236785022CC923676D026367D90038
:FF286A0063CF9D02236761026367D50023677D02236FD5002D61236F9502EF6FC4702C710EC8CFCA0DD0CFD22CD191D21AC92EC9916A2D61D76289720E612CC923676D02E767C4602CC9236789022CC9236771026367D10063CFA102236765026367CD0023678102236FCD002D61236F9902EF6FC4702C710EC8CFCA0DD0CFD22CD191D21AC92EC9916A2D61D76289720E612CC923677102E767C4602CC923678D022CC9236775026367C90063CFA502236769026367C50023678502236FC5002D61236F9D02EF6FC4702C710EC8CFCA0DD0CFD22CD191D21AC92EC9916A2D61D76289720E612CC923677502E767C4602CC9236791022CC9236779026367C10063CFA991
:FF2969000223676D026367BD0023678902236FBD002D61236FA102EF6FC4702C710EC8CFCA0DD0CFD22CD191D21AC92EC9916A2D61D76289720E612CC923677902E767C4602CC9236795022CC923677D026367B90063CFAD02236771026367B50023678D02236FB5002D61236FA502EF6FC4702C710EC8CFCA0DD0CFD22CD191D21AC92EC9916A2D61D76289720E612CC923677D02E767C4602CC9236799022CC9236781026367B10063CFB102236775026367AD0023679102236FAD002D61236FA902EF6FC4702C710EC8CFCA0DD0CFD22CD191D21AC92EC9916A2D61D76289720E612CC923678102E767C4602CC923679D022CC9236785026367A90063CFB5022367B0
:FF2A680079026367A50023679502236FA5002D61236FAD02EF6FC4702C710EC8CFCA0DD0CFD22CD191D21AC92EC9916A2D61D76289720E612CC923678502E767C4602CC92367A1022CC9236789026367A10063CFB90223677D0263679D0023679902236F9D002D61236FB102EF6FC4702C710EC8CFCA0DD0CFD22CD191D21AC92EC9916A2D61D76289720E612CC923678902E767C4602CC92367A5022CC923678D026367990063CFBD02236781026367950023679D02236F95002D61236FB502EF6FC4702C710EC8CFCA0DD0CFD22CD191D21AC92EC9916A2D61D76289720E612CC923678D02E767C4602CC92367A9022CC9236791026367910063CFC10223678502632E
:FF2B6700678D002367A102236F8D002D61236FB902EF6FC4702C710EC8CFCA0DD0CFD22CD191D21AC92EC9916A2D61D76289720E612CC923679102E767C4602CC92367AD022CC9236795026367890063CFC50223678902636785002367A502236F85002D61236FBD02EF6FC4702C710EC8CFCA0DD0CFD22CD191D21AC92EC9916A2D61D76289720E612CC923679502E767C4602CC92367B1022CC9236799026367810063CFC90223678D0263677D002367A902236F7D002D61236FC102EF6FC4702C710EC8CFCA0DD0CFD22CD191D21AC92EC9916A2D61D76289720E612CC923679902E767C4602CC92367B5022CC923679D026367790063CFCD0223679102636775000C
:FF2C66002367AD02236F75002D61236FC502EF6FC4702C710EC8CFCA0DD0CFD22CD191D21AC92EC9916A2D61D76289720E612CC923679D02E767C4602CC92367B9022CC92367A1026367710063CFD1022367950263676D002367B102236F6D002D61236FC902EF6FC4702C710EC8CFCA0DD0CFD22CD191D21AC92EC9916A2D61D76289720E612CC92367A102E767C4602CC92367BD022CC92367A5026367690063CFD50223679902636765002367B502236F65002D61236FCD02EF6FC4702C710EC8CFCA0DD0CFD22CD191D21AC92EC9916A2D61D76289720E612CC92367A502E767C4602CC92367C1022CC92367A9026367610063CFD90223679D0263675D002367B999
:FF2D650002236F5D002D61236FD102EF6FC4702C710EC8CFCA0DD0CFD22CD191D21AC92EC9916A2D61D76289720E612CC92367A902E767C4602CC92367C5022CC92367AD026367590063CFDD022367A102636755002367BD02236F55002D61236FD502EF6FC4702C710EC8CFCA0DD0CFD22CD191D21AC92EC9916A2D61D76289720E612CC92367AD02E767C4602CC92367C9022CC92367B1026367510063CFE1022367A50263674D002367C102236F4D002D61236FD902EF6FC4702C710EC8CFCA0DD0CFD22CD191D21AC92EC9916A2D61D76289720E612CC92367B102E767C4602CC92367CD022CC92367B5026367490063CFE5022367A501EC67C4680D7023CF9D0183
:FF2E6400D9713A061945CC01CED1C7D23B061945CC79DB7199720ED1197023DFB5013B7123E7BD013C7123EFD501DD71C571DA71E977C4E8F177C4F03D713E712DD10C6823EFC5013D692769DA6923D7CD013A29C569CD31EC37C4280568CE693A06328A9801CDD1C7D23E06328A98F3DE69996A0DD10E683969F3DFC4D83B69DC69C869DA69E96FC4E0F16FC4F03C693E6925D106282C29E9EFC4E03C29DA2923D7D1013A41C829C539EC3FC4280540CD413A0665143101C8D1C7D23D06651431E7DD41994208D10D402E41F3CFC4C83941DB41C941DA41E947C4D8F147C4E83B413D4125D107282629E967C4602C29DA2923D7C9013A49C929C5E1ECE7C4280548C81D
:FF2F6300493A06CB286200C9D1C7D23B06CB2862CEDB49994A09D108482D49F377C4702E49D949CA49DA49E94FC4C8F14FC4D839493B4925D11C282729E937C4302629DA2923CFC1013951CA29C561EC67C4280550C95139069751C400CAC9C7CA3A069751C49CDA5199520AC909502851F36FC4682D51CE51CB51D951E957C470F157C4D02E513A5125C90C283C29E93FC4382729D9292377B9012E59CB29C531EC37C4280558CA592E062FA38801CB71C77239062FA38839D959995A0B710A582959F347C4402859CD59236F3900CD59CE59E95FC468F15FC4C82D593959257106282C29E9E7C4682D29CE292377B10123CF39002EC9D929C539EC3FC4280570CB7185
:FF30620039065E461101CEC9C7CA3A065E461173DA7199720EC90B702A71F34FC4482971C87123473D00C871D971E977C440F177C4D028713A7125C907282629E967C4402829D9292367A90123CF3D002CC9D929C569EC6FC4280560CE613906BC8C2200CCC9C7CA3A06BC8C22E6DA6199620CC90E602B61F357C4502A61C961234F4100C961D961E967C448F167C4D029613A6125C90D282729E937C4302629D929234FA10123CF410029C9D929C541EC47C4280548CC49390679194500C9C9C7CA3A06791945CCDA49994A09C90C482E49F35FC4582B49CA4923574500CA49D949E94FC450F14FC4D02A493A4925C908282D29E93FC4382729D9292357990123CF45BA
:FF316100002AC9D929C531EC37C4280550C9513906F3328A00CAC9C7CA3A06F3328A98DA5199520AC909502C51F377C4702E51CB51235F9501CB51D951E957C458F157C4D02B513A5125C906282829E96FC4582B29D929236F950123CF91013969CD29C539EC3FC4280568CA693906E7651401CDC9C7CA3A06E7651431DA69996A0DC90A682969F367C4602C69CE6923778D01CE69D969E96FC470F16FC4D02E693A6925C907282629E947C4402829D92923CF8D01237789012EC9D929C559EC5FC4280570CD713906CECB2800CEC9C7CA3A06CECB2862DA7199720EC90D702A71F34FC4482971CC7123678501CC71D971E977C460F177C4D02C713A7125C90B282729EE
:FF326000E937C4302629D92923CF8501236781012CC9D929C541EC47C4280560CE6139069C975100CCC9C7CA3A069C9751C4DA6199620CC90E602D61F357C4502A61C961234F7D01C961D961E967C448F167C4D029613A6125C908282B29E93FC4382729D92923CF7D01234F790129C9D929C531EC37C4280548CC493906392FA300C9C9C7CA3A06392FA388DA49994A09C90C482E49F36FC4682D49CA4923577501CA49D949E94FC450F14FC4D02A493A4925C906282829E95FC4502A29D929235F750123CF71013959CB29C539EC3FC4280558C9593906735E4601CBC9C7CA3A06735E4611DA59995A0BC909582C59F377C4702E59CD59236F6D01CD59D959E95FC4AF
:FF335F0068F15FC4D02D593A5925C907282629E947C4402829D92923CF6D01236F69012DC9D929C551EC57C4280568CB693906E6BC8C00CDC9C7CA3A06E6BC8C22DA69996A0DC90B682969F367C4602C69CE6923776501CE69D969E96FC470F16FC4D02E693A6925C90A282729E937C4302629D9292377650123CF61013971CE29C541EC47C4280570CD713906877A8A010ED0D9D1C7D23B06877A8A9DDB7199720ED1F34FC4480B7029714D712971CC7123675D01CC71DA71E977C460F177C4D82C713B7125D1E93FC4280A38053948390A6045610C39DA3923675D0123D759013A61CC39C731EC37C4380760CE613A060FF514010CD8DAD9C7DA3C060FF5143BDC6156
:FF345E0099620CD9F35FC4580D602B614E612B61C961234F5501C961DB61E967C448F167C4E029613C6127D9E957C438084807494649085047510A49DB492357550123DF51013B51CA49C929EC2FC4480950CC510AD83C061EEA2900DCD9C7DA3C061EEA2976DC5199520AD9F36FC4500E682A694C692A69CB69235F4D01CB69DB69E96FC458F16FC4E02B693C6929D9E947C440064808494549065848590B49DB49235F4D0123DF49013B59CB49C939EC3FC4480958CD590BD83C063CD45300DCD9C7DA3C063CD453ECDC59995A0BD9F377C4580C702B714D712B71CA7123574501CA71DB71E977C450F177C4E02A713C7129D9E937C430054806494749055046510A1C
:FF355D0049DB492357450123DF41013B51CA49C941EC47C4480950CE510AD83C0679A8A700DCD9C7DA3C0679A8A7D8DC5199520AD9F367C4500D602A614E612A61CB61235F3D01CB61DB61E967C458F167C4E02B613C6129D9E92FC428074805494849075845590B49DB49235F3D0123DF39013B59CB49C931EC37C4480958CC590BD83C06F3504F01DCD9C7DA3C06F3504FB1DC59995A0BD9F36FC4580E682B694C692B69CA6923573501CA69DB69E96FC450F16FC4E02A693C6929D9E93FC438084807494649085047510A49DB4923DF3501235731012AD9DB49C929EC2FC4480950CD510AD83C06E7A19E00DCD9C7DA3C06E7A19E62DC5199520AD9F377C4500C70D6
:FF365C002A714D712A71CB71235F2D01CB71DB71E977C458F177C4E02B713C7129D9E947C440064808494549065848590B49DB4923DF2D01235F29012BD9DB49C939EC3FC4480958CE590BD83C06CE433D01DCD9C7DA3C06CE433DC5DC59995A0BD9F367C4580D602B614E612B61CA6123572501CA61DB61E967C450F167C4E02A613C6129D9E937C430054806494749055046510A49DB4923DF2501235721012AD9DB49C941EC47C4480950CC510AD83C069D877A00DCD9C7DA3C069D877A8ADC5199520AD9F36FC4500E682A694C692A69CB69235F1D01CB69DB69E96FC458F16FC4E02B693C6929D9E92FC428074805494849075845590B49DB4923DF1D01235F1914
:FF375B00012BD9DB49C931EC37C4480958CD590BD83C063B0FF500DCD9C7DA3C063B0FF514DC59995A0BD9F377C4580C702B714D712B71CA7123571501CA71DB71E977C450F177C4E02A713C7129D9E93FC438084807494649085047510A49DB4923DF1501235711012AD9DB49C929EC2FC4480950CE510AD83C06761EEA01DCD9C7DA3C06761EEA29DC5199520AD9F367C4500D602A614E612A61CB61235F0D01CB61DB61E967C458F167C4E02B613C6129D9E947C440064808494549065848590B49DB4923DF0D01235F09012BD9DB49C939EC3FC4480958CC590BD83C06EC3CD401DCD9C7DA3C06EC3CD453DC59995A0BD9F36FC4580E682B694C692B69CA692357EF
:FF385A000501CA69DB69E96FC450F16FC4E02A693C6929D9E937C430054806494749055046510A49DB4923DF0501235701012AD9DB49C941EC47C4480950CD510AD83C06D879A801DCD9C7DA3C06D879A8A7DC5199520AD9F377C4500C702A714D712A71CB71235FFD00CB71DB71E977C458F177C4E02B713C7129D9E92FC428074805494849075845590B49DB49235FFD0023DFF9003B59CB49C931EC37C4480958CE590BD83C06B1F35001DCD9C7DA3C06B1F3504FDC59995A0BD9F367C4580D602B614E612B61CA612357F500CA61DB61E967C450F167C4E02A613C6129D9E93FC438084807494649085047510A49DB4923DFF5002357F1002AD9DB49C929EC2FC421
:FF395900480950CC510AD83C0662E7A100DCD9C7DA3C0662E7A19EDC5199520AD9F36FC4500E682A694C692A69CB69235FED00CB69DB69E96FC458F16FC4E02B693C6929D9E947C440064808494549065848590B49DB49235FED0023DFE9003B59CB49C939EC3FC4480958CD593B06C5CE43010BE0DBE1C7E23D06C5CE433DDD59995A0BE1F377C4580C702B714D712B71CA712357E500CA71DC71E977C450F177C4E82A713D7129E1E937C430054806494749055046510A49DC4923E7E5002357E1002AE1DC49C941EC47C4480950CE513C068A9D8700CAE1C7E23D068A9D877ADD5199520AE1F367C4500D602A614E612A61CB61235FDD00CB61DC61E967C458F167A7
:FF3A5800C4E82B613D6129E1E92FC428074805494849075845590B49DC4923E7DD00235FD9002BE1DC49C931EC37C4480958CC593C06143B0F01CBE1C7E23D06143B0FF5DD59995A0BE1F36FC4580E682B694C692B69CA692357D500CA69DC69E96FC450F16FC4E82A693D6929E1E93FC438084807494649085047510A49DC4923E7D5002357D1002AE1DC49C929EC2FC4480950CD513C0629761E00CAE1C7E23D0629761EEADD5199520AE1F377C4500C702A714D712A71CB71235FCD00CB71DC71E977C458F177C4E82B713D7129E1E947C440064808494549065848590B49DC4923E7CD00235FC9002BE1DC49C939EC3FC4480958CE593C0653EC3C00CBE1C7E23D96
:FF3B57000653EC3CD4DD59995A0BE1F367C4580D602B614E612B61CA612357C500CA61DC61E967C450F167C4E82A613D6129E1E937C430054806494749055046510A49DC4923E7C5002357C1002AE1DC49C941EC47C4480950CC513C06A7D87900CAE1C7E23D06A7D879A8DD5199520AE1F36FC4500E682A694C692A69CB69235FBD00CB69DC69E96FC458F16FC4E82B693D6929E1E92FC428074805494849075845590B49DC4923E7BD00235FB9002BE1DC49C931EC37C4480958CD593C064FB1F300CBE1C7E23D064FB1F350DD59995A0BE1F377C4580C702B714D712B71CA712357B500CA71DC71E977C450F177C4E82A713D7129E1E93FC438084807494649085045
:FF3C560047510A49DC4923E7B5002357B1002AE1DC49C929EC2FC4480950CE513C069E62E701CAE1C7E23D069E62E7A1DD5199520AE1F367C4500D602A614E612A61CB61235FAD00CB61DC61E967C458F167C4E82B613D6129E1E947C440064808494549065848590B49DC4923E7AD00235FA9002BE1DC49C939EC3FC4480958CC593C063DC5CE01CBE1C7E23D063DC5CE43DD59995A0BE1F36FC4580E682B694C692B69CA692357A500CA69DC69E96FC450F16FC4E82A693D6929E1E937C430054806494749055046510A49DC492357A50023E7A1003C51CA49C941EC47C4480950CD513C067A8A9D01CAE1C7E23D067A8A9D87DD5199520AE1F377C4500C702A714D34
:FF3D5500712A71CB71235F9D00CB71DC71E977C458F177C4E82B713D7129E1E92FC428074805494849075845590B49DC4923E79D00235F99002BE1DC49C931EC37C4480958CE593C06F5143B01CBE1C7E23D06F5143B0FDD59995A0BE1F367C4580D602B614E612B61CA6123579500CA61DC61E967C450F167C4E82A613D6129E1E93FC438084807494649085047510A49DC492357950023E791003C51CA49C929EC2FC4480950CC513C06EA297600CAE1C7E23D06EA29761EDD5199520AE1F36FC4500E682A694C692A69CB69235F8D00CB69DC69E96FC458F16FC4E82B693D6929E1E947C440064808494549065848590B49DC4923E78D00235F89002BE1DC49C9394B
:FF3E5400EC3FC4480958CD593C06D453EC00CBE1C7E23D06D453EC3CDD59995A0BE1F377C4580C702B714D712B71CA7123578500CA71DC71E977C450F177C4E82A713D7129E1E937C430054806494749055046510A49DC492357850023E781003C51CA49C941EC47C4480950CE513C06A8A7D801CAE1C7E23D06A8A7D879DD5199520AE1F367C4500D602A614E612A61CB61235F7D00CB61DC61E967C458F167C4E82B613D6129E1E92FC428074805494849075845590B49DC49235F7D0023E779003C59CB49C931EC37C4480958CC593C06504FB101CBE1C7E23D06504FB1F3DD59995A0BE1F36FC4580E682B694C692B69CA6923577500CA69DC69E96FC450F16FC4BF
:FF3F5300E82A693D6929E1E93FC438084807494649085047510A49DC492357750023E771003C51CA49C929EC2FC4480950CD513C06A19E6201CAE1C7E23D06A19E62E7DD5199520AE1F377C4500C702A714D712A71CB71235F6D00CB71DC71E977C458F177C4E82B713D7129E1E947C440064808494549065848590B49DC49235F6D0023E769003C59CB49C939EC3FC4480958CE593C06433DC500CBE1C7E23D06433DC5CEDD59995A0BE1F367C4580D602B614E612B61CA6123576500CA61DC61E967C450F167C4E82A613D6129E1E937C430054806494749055046510A49DC492357650023E761003C51CA49C941EC47C4480950CC51CAC9C7CA3C06877A8A9DDC51B7
:FF40520099520AC9F36FC4500E682A694C692A69CB69235F5D00CB69D969E96FC458F16FC4E02B693C6929C9E92FC428074805494849075845590B49D94923CF5D00235F59002BC9D949C931EC37C4480958CD59CBD1C7D239060FF5143BD959995A0BD1F377C4580C702B714D712B71CA7123575500CA71DA71E977C450F177C4C82A71397129D1E93FC438084807494649085047510A49DA492357550023CF51003951CA49C929EC2FC4480950CE5139061EEA2900CAC9C7CA63CF310039061EEA2976D951995223CF31000AC963CF3100F367C4500D602A614E612A61CB61235F4D00CB61D961E967C458F167C4C82B613961F36FC4580E682B694C692B69CA692350
:FF41510057A902CA6923CFC5022AC923D7DD02EFD7C4E039E11CE8CFEA1AF0CFF239F191F21EE93CE991D23AC9D7CA89E21CC939E923CFB502E7CFC4C839E923CFD10239E923CFB90263EFE90223D7310029D163D73100E947C44006480849454906D048D11A4923D73100DA4923D74D0023E749003CD1DA49C939EC3FC44809D0CCD13C063CD45300DAE1C7E263E72D003C063CD453ECDCD199D223E72D001AE163E72D00DC69E96FC4D0F16FC4E03A693C6923D72D0029D163D72D00E937C43005480649474905D046D11A4923D72D00DA493951CA49C941EC47C4480950CD51390679A8A700CAC9C7CA63CF2900390679A8A7D8D951995223CF29000AC963CF29009F
:FF425000F377C4500C702A714D712A71CB71235FAD02CB71D971E977C4C8F177C4D039713A7123CF290029C963CF2900E92FC42807480549484907C845C9194923CF2900D94923CFBD023959CB49C931EC37C4480958CE593A06F3504F01CBD1C7D263D725003A06F3504FB1DA59995A23D725000BD163D72500F367C4580D602B614E612B61CA612357B102CA61DA61E967C4D0F167C4E03A613C6123D7250029D163D72500E93FC43808480749464908D047D11A4923D72500DA4923D7C1023A51CA49C929EC2FC4480950CC513C06E7A19E00CAE1C7E263E721003C06E7A19E62DC51995223E721000AE163E72100F36FC4500E682A694C692A69CB69235FB502CB76
:FF434F0069DC69E96FC4E0F16FC4F03C693E6923E7210029E163E72100E947C44006480849454906E048E11C4923E72100DC4923E7C5023C59CB49C939EC3FC4480958CD593E06CE433D01CBF1C7F263F71D003E06CE433DC5DE59995A23F71D000BF163F71D00F377C4580C702B714D712B71CA712357B902CA71DE71E977C4F0F177C4F83E713F7123F71D0029F163F71D00E937C43005480649474905F046F11E4923F71D00DE4923F7C9023E51CA49C941EC47C4480950CE513F069D877A00CAF9C7FA63FF19003F069D877A8ADF51995223FF19000AF963FF1900F367C4500D602A614E612A61CB61D961DF61E967C458F167C4F82B613F61235F19002959635FFE
:FF444E001900E92FC428074805494849075845590B49235F1900CB49235FCD022BC9D949C931EC37C44809C8CCC93F063B0FF500D9F9C7FA63FF15003F063B0FF514DFC999CA23FF150019F963FF1500F36FC4680EC82DC94CC92DC9CAC9DAC9DFC9E9CFC450F1CFC4F82AC93FC923571500295163571500E93FC438084807494649085047510A4923571500CA492357D1022AD1DA49C929EC2FC44809D0D9D13F06761EEA01DAF9C7FA63FF11003F06761EEA29DFD199D223FF11001AF963FF1100F377C4700CD02ED159D12ED1CDD1DCD1DFD1E9D7C468F1D7C4F82DD13FD1236F11002969636F1100E947C440064808494549066848690D49236F1100CD49236FD5EC
:FF454D00022DE1DC49C939EC3FC44809E0DAE13F06EC3CD401DCF9C7FA63FF0D003F06EC3CD453DFE199E223FF0D001CF963FF0D00F367C46019E02CE15AE12CE1CEE1DEE1DFE1E9E7C470F1E7C4F82EE13FE123770D00297163770D00E937C430054806494749057046710E4923770D00CE492377D9022EF1DE49C941EC47C44809F0DCF13F06D879A801DEF9C7FA63FF09003F06D879A8A7DFF199F223FF09001EF963FF0900F3CFC4C81AF039F15CF139F1CCF1CBF1DFF1E9F7C460F1F7C4F82CF13FF123670900296163670900E92FC428074805494849076045610C4923670900CC492367DD022C59CB49C931EC37C4480958DE592C06B1F35001CB61C7626367C5
:FF464C0005002C06B1F3504FCC59995A236705000B6163670500F3D7C4581C602B615E612B61D961CA6123CF0500D961E967C4C8F167C4D039613A6123CF050029C963CF0500E93FC43808480749464908C847C9194923CF0500D94923CFE1023951CA49C929EC2FC4480950CC51390662E7A100CAC9C7CA63CF0100390662E7A19ED951995223CF01000AC963CF0100F3E7C4501EC82AC94CC92AC9CBC9CDC9235F0100CBC9E9CFC458F1CFC4D02BC93AC9235F01002959635F0100E947C440064808494549065848590B49235F0100CB49235FE5022B69CD49C939EC3FC4480958D959CBD9C7DA2D06C5CE433DCD59995A0BD93B49E937C430055806594759056846D3
:FF474B00690D59C9592EE9DD59CB41234F3500295F01002859695F010029470500274169470500E92FC428293F09002539693F0900292F0D002629692F0D00F3F7C4280C30253159312531CA31CE31C6D9E9DFC430F1DFC43826D927D9293711003B316937110029371500393169371500F367C430293F19002639693F190029371D00253169371D00232FAD01252E4000632FAD01232FD9010536FFFF6337D901602AFA0763D5231E70027F06FF70BF07C170231E7CFF002A0540951D0748C84909570000D852A95F0100D05A0B51895F0300C85A0B51A94F030009510548C24A0358C9596B5701004442412A6F2AF3E595250538C23A0340C741283FC5FFF93FC4486A
:FF484A00EE3FC4502A49833A2749283FF9FFEF3FC450ED3FC4582B518A3A2751283FE5FFC751C951283FC1FFC75168570100412A203E4000E729D1DD262F1D00263F190026471500264F110026570D00265F090026670500266F0100007295350B682A694C690BD04AD13A69FE67C4D0F367C4D83BD1EA67C4D83BD1CDD128684569FA47C4D8F547C4E0E747C4E808F047F12DF13CD93DD9DBC9DEC90E68C26A03D8CDD93C06488A0200DC692D6F0100CDC93B6F0100CDC9D949DAC94172196805C80728083809400A480B500C580D60206E4000ED71D1C5266F0100CC69666F010026670500CB6166670500265F0900CA59665F090026570D00C95166570D00264F1163
:FF49490000C849664F110026471500C74166471500263F1900C539663F1900262F1D00D929662F1D00231E84007F06DF702A06488B02007F00272F1D0027471900264F1D0026571900EA41E92F8203B9050152853DE851E54F8203B9051F52A535272F150027471100264F150026571100EA41E92F8203D1EDE851E54F8203F1ED272F0D0027470900264F0D0026570900EA41E92F8203D1DDE851E54F8203F1DD272F0500273F01002647050026370100E639E82F8203D1CDE731E5478203F1CD00527F00072F0000D82AA7470100D042082987470300C8420829A74703000829A7470500874F050087570700A75F0700662F1D00D84AD0420849C8520A490B49664F5F
:FF4A48001900072F0800D82AA7470900D042082987470B00C8420829A7470B000829A7470D00874F0D0087570F00A75F0F00662F1500D84AD0420849C8520A490B49664F1100072F1000D82AA7471100D042082987471300C8420829A74713000829A7471500874F150087571700A75F1700662F0D00D84AD0420849C8520A490B49664F0900072F1800D82AA7471900D042082987471B00C8420829A7471B000829A7471D00874F1D0087571F00A73F1F00662F0500D84AD0420849C8520A490749664F01007F00005A8B31E75F822B05399F3AA75601007F008307E17006C8393F050039370100BFFFE0FF0AD00BD8393F0D0039370900BFFFD0FF0AE00B28632F01B8
:FF4B470000393F150039371100BFFFBCFF0AE80BF0393F1D0039371900BFFFACFF5CD15DD15A51232F010045D95ED95B594306FF70272F1D0027471900662F1D0066471900272F150027471100662F150066471100272F0D0027470900662F0D0066470900272F0500273F0100662F0500663F01007F00660705006607010066070D0066070900660715006607110066071D00660719007F008007216006C840D6DEFE3A3F51F1BFFF8EFF3A3F51F139362000BFFF82FF39364000BFFFBCFF40063F60BE070140231E7CFF202E8000004A0350CA29C5054A4F00004152EA29CAFD6307050063070100D52D0928C42A2356C0000A58C5590960C3620768CC692D770100A5
:FF4C46006B7701006B070500235E80000B70C571C8612CCF01006ECF01006E070500852E0800C5512D6F05006A6F01006A070500C5592C2F05006B2F01006B070500414A644AB6D5002AB53D0750C352235E8000CA592B5701000560C362236EC000CC692D670500EA6720022D6F01002B5F0500ED5F2002CB61EA6F2252CA610550C751C3520358CA592B5705002B770100CD71EC57A253C871E957A2436B7701006B070500413A004A683A86D50538C33A0350CA39674F450067474100412A682AB605002A851D004208480838E5ED0538C43A0340C83927470900274F050009410548C34AC649273F010069470500693F0100412A682AC6ED231E84007E061F402743
:FF4D45002F0500274F010028570500285F0100C959EA2FA25366570500665F0100E959E5578203E12F0000274F0D0027570900005ACA29EB4FA263286F0D0028770900C571ED67A26B666F0D0066770900E571EC6F8203E16F0000EA29E9678203E12F0000CD29EB5FA24B2757150027671100CC29E957A24B286F150028771100C571ED4FA26B666F150066771100E571E96F8203E16F0000EC29EA4F8203E12F0000CD29EB5FA24B27571D0027671900CC29E957A24B286F1D0028771900C571ED4FA26B666F1D0066771900E571E96F8203E16F0000EC29EA4F8203E12F0000CD29EB5FA24B2757250027672100CC29E957A24B286F250028772100C571ED4FA26B2E
:FF4E4400666F250066772100E571E96F8203E16F0000EC29EA4F8203E12F0000CD29EB5FA24B27572D0027672900CC29E957A24B286F2D0028772900C571ED4FA26B666F2D0066772900E571E96F8203E16F0000EC29EA4F8203E12F0000CD29EB5FA24B2757350027673100CC29E957A24B286F350028773100C571ED4FA26B666F350066773100E571E96F8203E16F0000EC29EA4F8203E12F0000CD29EB5FA24B27573D00273F3900C729E957A24B28673D0028473900C541EC4FA26366673D0066473900E541E9678203E1370000E729EA4F8203E1570000C651EB5FA25B7F00272F0500274F010028570500285F0100C959EA2FA25366570500665F0100E959E58C
:FF4F4300578203E12F0000274F0D0027570900005ACA29EB4FA263286F0D0028770900C571ED67A26B666F0D0066770900E571EC6F8203E16F0000EA29E9678203E12F0000CD29EB5FA24B2757150027671100CC29E957A24B286F150028771100C571ED4FA26B666F150066771100E571E96F8203E16F0000EC29EA4F8203E12F0000CD29EB5FA24B27571D00273F1900C729E957A24B28671D0028471900C541EC4FA26366671D0066471900E541E9678203E1370000E729EA4F8203E1570000C651EB5FA25B7F00272F0500274F010028570500285F01008959EA2F825366570500665F0100EB49EA2F8203E12F0000274F0D0027570900005A8A29EB4F8263286FC1
:FF5042000D00287709008571ED67826B666F0D0066770900EE29ED678203E16F0000E551EC4F8203E12F0000CD29EB5FA24B27571500276711008C29E957824B286F1500287711008571ED4F826B666F150066771100EE29ED4F8203E16F0000E561E9578203E12F0000CD29EB5FA24B27571D00273F19008729E957824B28671D00284719008541EC4F826366671D0066471900E829EC4F8203E1370000E539E9578203E1570000C651EB5FA25B7F00BE0721705C1A06C823D640001A30BFFF0AFB03D82806A88B02001B301A38BFFFFAFA2806488B02001B301B38BFFFECFA1A301A381B40BFFF20FC0AD00BD8233E60001930BFFF46FA1BD1193060D2B20D402EDE55
:FF514100FE254751F11938BFFFDAFD441A7E063F702706488B0200BFFF26F86052840D2806488B020019301938BFFF9EFE441A7E063F708007210006282806888B020007300538BFFF6AFF40063F00800721000740BFFF5CFF40063F008007214006C8BFFF82FD0B5119306052920D2806688B02001938BFFF6EFD40063F402706488B0200BFFFBCF76052840D2806488B020019301938BFFF34FE40063F40B007A17006C8402EDEFE253F51F139D640001A30BFFF8EF76052393E2000EA2523D640001A30BFFF8AFF1A301A381940BFFF8EFF1A301A381940BFFF84FF1A301A381940BFFF7AFF23D620001A301938BFFF60FF1A301A381940BFFFB8FE2806C88B0200A7
:FF5240001A301A38D53D23DE40001B30BFFF40FF23E620001C301A38BFFF34FF03D01A301C38BFFF2AFF1C301C381A40BFFF82FE2806C88B02001C301C38BFFF74FE1A301A381940BFFF6AFE1B301B381A40BFFF0CFF1B301B381A40BFFF02FF1B301B381A40BFFFF8FE1A301938BFFFE2FE1A301A381940BFFF3AFE1C301C381A40BFFFDCFE233E200023364000BFFFB4F66052E25700007006BF708007217006C807D0BFFF2AF7BFFF92F619300A38BFFF92F66052CC3D39DE20003A3E20001B30BFFF0CF7BFFF74F61B300A38BFFF74F66052DC2D1930BFFF0AF85F520B516052EA0D1B30BFFFFCF75F520B516052FA051930BFFFACF8005240063F7019301938BFF1
:FF533F00FF36FE1B301B38BFFF2EFE402EDEFE253F51F139364000BFFF22F81930BFFF80FE6152CA05015240063F701F5240063F7080072140872F0100642A06C88A150806BFFFDA0D413A1930BFFF50FF1930BFFF4EFE6152CA05015240063F401F5240063F402A06E88B02007F008007214006C8BFFF72FB0B5119306052920D2806088C02001938BFFF5EFB40063F402706E88B0200BFFFACF56052840D2806E88B020019301938BFFF24FC40063F408307E170012AE72FC0005F2A632F0100604207C8EA0526CF010019D0DAD1D52DF94720025F4220D6400008D8FADF80E21B28C32A06E8C5E93D3F05003D3701001C40FF0248320000BCD141CAF9D10BF00AD02F
:FF543E00FE0D63DADE0D20464000BC413D3F0D003D370900FF02F83100000BF10AD11AC881CADFF21EC9232F010045D145C91A50B9514306FF708007214006C820464000FF02A2310000402EDEFE253F51F139364000BFFFE8F640063F408007214006C8BFFF6AFB0B516052820D2806688B020019301938BFFF56FB40063F40800721000740BFFFDAFC40063F00002A0550A851E92F822B275F050045591F625F42EC4FA24B2667050049612C5926670100276F0100665F05004A6948612C69666F0100275F0D00455926670D0049612C5926670900276F0900665F0D004A6948612C69666F0900275F150045592667150049612C5926671100276F1100665F15004A61
:FF553D006948612C69666F1100275F1D004559262F1D0049292559262F1900273F1900665F1D004A3948292539663F19007F00BF07E170231EB8FE0628632F61000728632F090008C8392F0D00632F4D00392F0900632F5D0039D7050039DF0100392F1500632F4500392F1100632F5900232F0900252F4D002337090026474900263F450026374100394F3D00634F5500394F3900634F5100394F3500634F3D00394F3100634F4900394F2D00634F3500394F2900634F410039E72500394F2100634F390039EF1D00394F1900634F3100234F0900294F5D00235709002A575900235F09002B5F5500236709002C67510005390B39093908310C310A31BFFFD6F40A2892
:FF563C00632F2D000B28632F2900232F4D0005D1232F450005D11DD11CD1232F350005D1232F3D0005D11A38232F55000539232F5D0005D9232F590005D9232F310005D9232F390005D9232F410005D9232F490005D91B30232F51000531BFFF76F40A28632F25000B28632F2100232F0900252E4000632F1D0023D664011A300538BFFFD2FA232EA401632F0500053019381A40BFFF22FA23DE44011B30232F05000538232F09000540BFFFB6FD232E8401632F010005301A38232F1D000540BFFFF6F9232E6400632F150005301B38232F1D000540BFFFE0F9392E2000632F1900232F010005300538232F19000540BFFFC6F9232F0900252E2000632F1100232E2414
:FF573B0001632F0D000530232F01000538232F11000540BFFF4AFD23D604011A301B38BFFF32FA23E6E4001C30232F0D000538BFFF22FA23EEC4001D301A381B40BFFF76F9232F05000530232F090005381A40BFFF64F91A30232F05000538BFFF24FD23F6A4001E301C381A40BFFFF4FC1E301E381D40BFFFEAFC1B30232F050005381E40BFFFDCFC232F01000530232F110005381D40BFFF20F91B301B38232F0D000540BFFF12F923D684001A301B38232F01000540BFFFAAFC1E301938232F2D000540232F29000548BFFFC6FC1E30232F09000538232F25000540232F21000548BFFFAEFC1A30232F19000538232F2D000540232F29000548BFFF96FC1A30232F9C
:FF583A0011000538232F25000540232F21000548BFFF7EFC402EDEFE253F51F1232F15000530232F2D000540232F29000548BFFF60FC232F15000530232F1D000538232F25000540232F21000548BFFF44FC20CE2000232F610005301E381940FF028A2D0000232F6100253620001A381940FF02782D0000232F610025364000232F150005381940FF02622D0000231E48017F06FF708007210007402706488B0200BFFF30F740063F00A007A17006C807D008D803E01C301B38BFFF88F23B3E200023362000BFFFD0FF19301A381C40BFFF66FC6006BF708007A17020CE240001D207D806E0D53D073A1B301940BFFFC8FA60D2B2156052B23540D6DEFE3AD755F119FA
:FF59390028CC2AC652CA29DA29253EC0FF1C30BFFF2CFB00D2B52560529715402EDEFE252F55F11930CC32C652CA31C5312646C0FF1C301C38BFFFFEFB95156052FC0D402EDEFE254755F11928CC2AC5412A28C62AC5411C301C38BFFF50FF5FCA60CABCC560D2C2051C30BFFF3CF24006BF708307E170272F0D00274709006347010026470D00264F090027570500275F010026670500266F01002777150027CF110026D7150026DF110027E71D0027EF190026F71D0026FF19002A61254108612ED11A613CF10C381E392B69232F01002549096939D91B693DF90D301F31BFFFF8F04306FF7080072140272F0100C50601002747050006C8A20D2806488B0200193084
:FF5A3800BFFFEAF4DF52002AF51D792F010079470500272F0D0027370900792F0D0079370900272F150027371100792F150079371100272F1D0027371900792F1D007937190000520A28393705000638813A39470900DF42083939470100793F05008142DF3206417947010039370D000638813A39471100DF42083939470900793F0D008142DF32064179470900393715000638813A39471900DF42083939471100793F15008142DF3206417947110039371D000638813A0A3939471900793F1D008142DF32064105417947190040063F409007217006C807D003D81B301A40BFFF86F619301B381A40BFFF7CF650063F70BF07E170581A0628632F010007C839D6206B
:FF5B37000023DE64001B301A38BFFF7AF939E6400023EE24001D301C38BFFF3CF61B301B38BFFF34F6232F010025F640001E301C381A40BFFF84F51E301E38BFFF48F923D644001A3019381D40BFFF1AF61D3019381D40BFFF0EF9232F010025E620001C301B38BFFFF2F51C301C38BFFF7AFE1A301A381D40BFFF42F51A301A38BFFF52FF1B301B381940BFFF30F523CE040019301B38BFFFF0F8232F010005301A38BFFFB6F5232F0100053005381940BFFFB4F81B301B38232F01000540BFFFA6F81B301B381A40BFFFF2F41C301B381C40BFFF92F8481A7F06FF70BF07E170231E78FE0628632F410007C863CF390008D063D73100392F4D0039474900393F4500EF
:FF5C3600393741003A4F5D00634F2D003A4F5900634F3D003ADF55003A4F5100634F35003AE74D003A4F4900634F29003AEF45003AF74100394F5D0039575900395F55003967510005390B39093908310C310A31BFFF86EE0A28632F25000B28632F21001CE91BE91D38232F2D000539232F290005F1232F350005F11E30232F3D000531BFFF56EE0A28632F1D000B28632F19003ADE400063DF1100232E4401632F0D0005301B38BFFFB2F439E6400063E7150023EE64011D301C38BFFF9EF423F684011E30232F0D0005381B40BFFFEEF323DEC4011B301D381C40BFFFE0F3392E2000632F09001E301E380540BFFFCEF33A2E2000632F05001B301B380540BFFFBC33
:FF5D3500F3233604011B381E40BFFF5AF723DEA4011B301938232F0D000540BFFF9EF323CEE40119301A381D40BFFF90F32336240119381B40BFFF2EF71B301938BFFF36FC232F2500233721000629602AAA2D0B516052F225232F1D00233719000629602A8A25233EC40123368401BFFF08FC0B51232F410005306052A20D232F39000538BFFF70FD231E88017F06FF7020466000003AFF0270280000231E88017F06FF70232E0401632F010023CEC40019300538BFFFA6F323D6440023DE24011A301B38232F15000540BFFFF2F223E6E4001C301B38BFFF84F31A301A38232F11000540BFFFD8F223EEA4001D301C381B40BFFFCAF223DEE401233EA4011B301C4029
:FF5E3400BFFFBAF21C301B38BFFF7EF623F684001E3019381C40BFFF4EF61E301E381D40BFFF44F623CE640019301B381E40BFFF36F623DEC401233E84011B301D40BFFF7CF21930232F010005381940BFFF6EF2193019381B40BFFF0EF61E30232F3100053823DF25001B4023E721001C48BFFF26F61930232F050005381B401C48BFFF16F61A30232F110005381B401C48BFFF06F61E30232F3900053823DF1D001B4023E719001C48BFFFEEF51930232F090005381B401C48BFFFDEF51A30232F150005381B401C48BFFFCEF520DE200023E741001C301E381B40FF02142700003C36200019381B40FF02062700003C3640001A381B40FF02F8260000231E88017F33
:FF5F330006FF708507E17006C807D0204660001A301938FF02DA260000402EDEFE253F51F139364000BFFF50FA5F520B513ADE60001B301A386052FA5DBFFFBAFB1B383AE6C0001C301940BFFFF2F53AEE20011D301B38BFFFA0FB3ADE80011B301D381940BFFFD8F53AF6E0011E301C38BFFF86FB3A2E4002632F050005301E381940BFFFBAF53AE6A0021C301D38BFFF68FB3A3600031C381940BFFFA2F53AEE60031D301B38BFFF50FB3A36C0031D381940BFFF8AF53ADE20041B301E38BFFF38FB3A3680041B381940BFFF72F53ADEE0041B30232F05000538BFFF1CFB3A3640051B381940BFFF56F53A36A0051C38BFFF06FB4506FF70BFFFFEFA1B383AE620014D
:FF6032001C30BFFFF2FA3A2EA002632F010005301C38BFFFE2FA3A36A005232F01000538BFFFD4FA3AEEC0001D301B381940BFFFB0FB3ACEE00119301D38BFFFBAFA3A3620041938BFFFB0FA3AF680011E301D381B40BFFF8CFB3A3660031E38BFFF98FA3ADE40021B301C381D40BFFF74FB3A36E0041B38BFFF80FA3A3600031C381E40BFFF5EFB3A36C00319381E40BFFF52FB3A3680041B381940BFFF46FB3A364005232F010005381B40BFFF36FB4506FF708007216006C807D0BFFF8EEA3A3E200039362000BFFFD6F73A3E400039364000BFFF76EA40063F60B007217006C807D003D81B300838BFFFCAFF19301A381B40BFFFEEFA70063F70BE07E170231E7CAB
:FF613100FA06C807D003380830BFFFFCFD20DE330001E2E555053A1A301B40BFFFA0F260E20AE8A21D60EAC245E0EF4C0203E0DCE93DE6A0FF20EE6000D9E91928950DBC0709300000A5070F30000048E2482AE5E9FAF500E2D52D19301938BFFF9AF919301938BFFF92F919301938BFFF8AF919301938BFFF82F919301938BFFF7AF960EAC70DE0EF4C020328C5E93D46A0FF19301938BFFF4CFAC50D60EAAC0D3D28E02F4C020340C54119301938BFFF2EFFDB060700DA050132FF020E10FFFF5FDA60DAACAD60E2820D20466000003A1930FF0238240000231E84057E06FF70A007216006C839364000BFFF06E90B516052B21D23D620001A301938BFFF62EF1A304F
:FF6230001A381940BFFFBAEE393E200003C81930BFFF4CEF1A301938BFFF36E76052CA05015260063F60005260063F60800721002806288C0200BFFF88EE40063F00BE07E170231EDCFF06C807D023DE80001B30BFFF0CEF23E660001C301B381A40BFFF60EE23DE40001B301C38BFFFF2EE1B301B38BFFFEAEE1B301B381C40BFFF42EE23E620001C301B38BFFFD4EE1C301C38BFFFCCEE1C301C38BFFFC4EE1C301C38BFFFBCEE1C301C381B40BFFF14EE03301C38BFFFAAEE01DAC505BFFFA2EE41DA0330063868DAA6FD23462000BFFFF2ED00DAC505BFFF88EE41DA0330063868DAA6FD23462000BFFFD8ED00DAE50503300638BFFF6AEE41DA64DAA6FD03D82337
:FF632F00E640001B301B381C40BFFFB6ED1B301B38BFFF4CEE1B301B38BFFF44EE234660001B301B38BFFF9AED1B301B38BFFF30EE1B301B381A40BFFF88ED23EE20001D301B38BFFF1AEE234680001C301D38BFFF70ED1B301D38BFFF06EE01DAE50503300638BFFFFAED41DA1B06E1FF96FD23DE200003381B301B40BFFF46ED1B301B38BFFFDCED1B301B381A40BFFF34ED23466000233640001B38BFFF26ED00D2E50503300638BFFFB8ED41D21A06DFFF96FD23D6400023DE600003381B301A40BFFF00ED1A301B381A40BFFFF6EC00D2E50503300638BFFF88ED41D21A06E0FF96FD23D6600023DE400003381A301B40BFFFD0EC1B301A381B40BFFFC6EC233642
:FF642E0020001A380640BFFFBAEC00D2E50503300638BFFF4CED41D21A06E0FF96FD23D6600023DE400003381A301B40BFFF94EC1B301A381B40BFFF8AEC233620001A380640BFFF7EEC00D2E50503300638BFFF10ED41D21A06E0FF96FD23D6600023DE400003381A301B40BFFF58EC1B301A381B40BFFF4EEC233620001A380640BFFF42EC00D2E50503300638BFFFD4EC41D21A06E0FF96FD23D6600023DE400003381A301B40BFFF1CEC1B301A381B40BFFF12EC233620001A380640BFFF06EC00D2E50503300638BFFF98EC41D21A06E0FF96FD0340233E20001930BFFFE6EB231E24007E06FF709007A17006C807D008D8BFFFF0FC6152EA0D1A30BFFF92E66009
:FF652D00DABA050052951D1B30BFFF84E600525006BF70402EDEFE253F51F139E640001C30BFFF30E46052AA151A301938BFFF02FD60DACA0501525006BF70393E20001B30BFFFEEFC01525006BF7003301C38BFFFF2FC60DAF205393E200003401B30BFFF62EB03E01C301C38BFFFF6EB1A3019381C40BFFF4EEB1A301A38BFFFB4FC60DAA2DD03401B301B38BFFF38EB1B3885DDBE07A170231E1CFF06C807D008D823E680001C301B38BFFF36E41C30BFFF44E55F520B516052E2071101BFFFBAED233680000A38BFFF8CE36052EC7D3B3E200023DE60001B30BFFF06E41B30BFFF14E55F520B5160528275BFFF8CED233660000A38BFFF5EE36052FC6503D8234698
:FF662C006000233E80001B30BFFF76ED1B30BFFFE4E40B5160529A5D0132FF02B00BFFFF23DE0001233E60001B30BFFFB8F223E6A00003381C301940BFFFC6FA1B301B381C40BFFFA2F50042233E20001B30BFFF9AFE23CE400019301A38BFFF84E3BFFF18ED19300A38BFFFECE26052940DBFFF08ED2336400006380A40BFFF62E9BFFFF8EC233620000A38BFFFCAE26052940DBFFFE6EC2336200006380A40BFFF40E923CE40002346200019301938BFFFD2EC233E80001930BFFF9CE26052EA050152231EE4007E06BF701F52231EE4007E06BF70850D0728C22AC629252F0100602A8A0D0728053EFFFF602ADAF50152A50500527F00262F0100612AA20D0052E587
:FF672B000D0728C22AC629252F0100602A8AFD0728053EFFFF612ADBF501527F00D515082F0000D82AA84F0100D04A0929884F0300C84A0929A84F030009290748C24AC649692F010044420728053EFFFF602A8AED7F00E50DC22A5C2A0648C549294F0100C729252F0100E549AB0DE549A10D08280546FFFF602AFAED0052C5050152A5051F527F0080070140002A05580560851D0C68C26A0728CD29252F01000870CD712E77010000CAAE29F9CF8273C551EE5FA22BC6696D5701000558BF5A41620550E961F1E540061F4080070140002A05580560E5150C68C26A0758CD592B7701000858CD592BCF0100005AD971EB5FA2CBCE51F92FA22BC6696D57010041627A
:FF682A0005500B28E96181ED40061F4080070170002AF5050550C252C6516A070100412AE92991FD002A852D0568CC690570C272C7712E7701000CC8C2CAC8C939CF0100F97722CAC26AC6692DD7010000DACED1FBCFA273DA59EE57A2536D5F010041620A581B50E96191E50950C551C252C6516A5F0100412AE929D90500520AD80A6085F540061F7080070170002AF5050550C252C6516A070100412AE92991FD002AC5250568CB690570C272C7712E7701000BC8C2CAC8C939CF0100F97722CAC26AC6692DD7010000DACED1FBCFA273DA51EE67A2636D570100415A0C501B6009D8A5D9FB59F1DD412AE929D90500620CD80C58C5F540061F70A50DC22A5C2A06EB
:FF69290048C549C729252F0100692F010008280546FFFF602ABAF57F00663F0100E5050828C22AC6296507010008280546FFFF612AFBF57F008007E17006C807D008D809E023EF19001A301B381D40BFFF0AFE6052940D1A381B4019301D48BFFF2CFE4006FF7019301B381A401D48BFFF1CFE1C381940A5F58007217006C809D023DF11001B48BFFF48FE60528A0D19301A381B40BFFFC4FD6052F405193019381A401B48BFFFE6FD40063F708507E17023CF2D001928C22A23D72900DA29055604006357010019D8C3DA0AE0DBE1DCD948DA005263370500B50D0A30C2321A58C659C931263701006B3701004152F951D1F565070100232F010005301948BFFF12FE62
:FF6A280019E8C2EA232F01000538DD395C3A19F601001C30232F250005401E48BFFFF2FDDDE11C3E04001B301A401E48BFFF5CFE1B30232F010005381B401E48BFFF4CFD1B301A381E40BFFF10FD6052840D194E01001B301B381A40BFFF30FD1B301A381940BFFFF4FC6052F4051B301B381A401948BFFF16FD232F050005301B381940BFFF7AFE4506FF7086072100082823471500634709002347110063470500634F010007400548BFFF04FF46063F008F07E1700628632F19000728632F0D000828632F150009C823D73D00013A1A3023DF41001B40BFFF46FE1BE0C2E2DAE123EF39001B28632F11008535232F1100C22A23371500C62925DF010000F2B525233F
:FF6B27002F4100632F050063E701001A301A3819401D48BFFF76FF402E008065D99215232F4100632F090063E7050063EF01001A301A38232F0D0005401948BFFF70FE41F2DBD91E06E0FFC6DD232F11005F2A632F1100602ABCCD232F190005301A38232F41000540BFFF96FD4F06FF708707E17006C807D008D809E023EF2D0023F72900023A1E301D40BFFF94FD1E301B381E401D48BFFFF6FB63EF0900C2EADEE963EF050063E7010019301A381E401B48BFFF00FF4706FF7080072100083ABFFF1AFB40063F0080072100083ABFFF2EFB40063F00800721000842BFFF7EFB40063F00800721000740083ABFFF38FB40063F00800721000842BFFF04FD40063F0092
:FF6C2600800721000842013ABFFF14FD40063F00800721000842003ABFFF04FD40063F008007216006C807D008422706488C02001A30BFFF26FB19301A386052940D084A2806488C0200BFFF44FB40063F600842BFFFACFC40063F60BE072100231E64FF082A632F0500232E0800632F01002906688C02002806488C0200BFFFF4FE231E9C007E063F00BE072100231EA0FF082A632F0900232E0C00632F05002506688C0200632F01002906488C0200BFFF00FD231E60007E063F0082072100082A632F010029068C8C0200BFFFB0FC42063F0082072100082A632F010029068C8C0200BFFF58FC42063F0082072100082A632F010029068C8C02000740BFFF7EFC4216
:FF6D2500063F00BE072100231EA0FF082A632F0900232E0C00632F05002506AC8C0200632F010029068C8C02000740BFFF82FC231E60007E063F00BE072100231EA0FF082A632F0900232E0C00632F05002506AC8C0200632F010029068C8C0200BFFF50FC231E60007E063F009207E17006C807D008DA63DF01003C068C8C020023EE04001D301A401C48BFFFF2FB63DF010019301D381A401C48BFFFE2FB5206FF7080072140272F0100C506010006C81930920D084A28068C8C0200BFFF16FADF52D5050842BFFF3AFB0052392F0100812A39370500DF320629792F0100392F0500812A39370900DF320629792F0500392F0900812A39370D00DF320629792F09002C
:FF6E2400392F0D00812A39371100DF320629792F0D00392F1100812A39371500DF320629792F1100392F1500812A39371900DF320629792F1500392F1900812A39371D00DF320629792F1900392F1D00812A0A29792F1D0040063F40BE072100231E64FF082A632F0500232E0800632F01002906AC8C020028068C8C0200BFFFF6FC231E9C007E063F008007216006C807D0BFFF66FD3A3E200039362000BFFF5AFD3A3E400039364000BFFF4EFD40063F608007214006C8BFFF4EFD39362000BFFF46FD39364000BFFF4EFD40063F408007210026364000BFFFE6FC40063F009007A17006C807D008D8BFFFE6FF6052EA1D393E400003E01C30BFFF62FF393E20001BCE
:FF6F2300301C40BFFF36FE1C301C38BFFFFAFD1A3019381C40BFFF24FE1B301B381C40BFFF1AFE01525006BF7000525006BF70B007A17006C8BFFF98FF6052BA4D393E200023D640001A30BFFFBEFD393E400023DE20001B30BFFFB0FD03E01C301B38BFFFA6FD1B301B381C40BFFFD0FD2806D08C02001B301B38BFFFC2FD1C301C381940BFFFB8FD1A301A381C40BFFF30FD1A301A381C40BFFF26FD1A301A381C40BFFF1CFD1C301938BFFF5EFD1C301C381940BFFF88FD1B301B381C40BFFF00FD1A301B38BFFF14FC6052E25700007006BF7001527006BF708007217006C807D008D827068C8C02001A30BFFFEEFB6052EC1D27068C8C02001B30BFFFDEFB605276
:FF702200EC1519301A38BFFFF0FB393620001B38BFFFE6FB39364000BFFFECFB1930BFFF12FF6052C205005240063F701F5240063F70A0072170872F0100642A07C806D0DA15193E010023DE20001B30BFFF9AFB393E210003C81930BFFF8EFB1A301B381940BFFF76FF60063F701F5260063F708007217008C807D006DE0000C22D60D2A22D3A2F0100602AE22560CAC225392F010020364100E629E11D20468000003A1B30FF02741500003A3F01001B30BFFF84FF60528A153A2F0100252E41007A2F0100392F0100252EBFFF792F0100005240063F701F5240063F70BF07E170581A0628632F010007C839D6200023DE64001B301A38BFFFF8FB39E6400023EE2439
:FF712100001D301C38BFFF02FC1B301B38BFFFFAFB232F010025F640001E301C381A40BFFF1CFC1E301E38BFFFC6FB23D644001A3019381D40BFFF88FB1D3019381D40BFFF96FB232F010025E620001C301B38BFFFB8FB1C301C38BFFF4CFC1A301A381D40BFFFDAFB1A301A38BFFF04FC1B301B381940BFFFC8FB23CE040019301B38BFFF6EFB232F010005301A38BFFF7CFB232F0100053005381940BFFF3CFB1B301B38232F01000540BFFF2EFB1B301B381A40BFFF8AFB1C301B381C40BFFF1AFB481A7F06FF70BF07E170231E68FF06C807D008D81A30BFFFFAFC6052B21520D66000D9D1950DBB0709300000B9070F30000048DA48CAF9D1FAF5231E98007F06D4
:FF722000FF701B30BFFFCCFC6052B21520DE6000D9D9950DBA0709300000B9070F30000048D248CAF9D9FAF5231E98007F06FF703A2E4000632F110023E6F4001C300538BFFFC8FA3B2E4000632F0D00232ED400632F09000530232F0D000538BFFFACFA23EEB4001D301B381C40BFFFD2FA23F694001E301A38232F09000540BFFFC0FA233674001D381E40BFFF36FA1D301D381E40BFFF44FA1C301C38232F11000540BFFF9CFA3B4620001C301C38BFFF90FA232F090005300538232F0D000540BFFF7EFA3A462000232F090005300538BFFF6EFA233654001C38232F09000540BFFFE0F91C301C38232F09000540BFFFEAF91C30BFFFCCF86052F20D2336B400BFE6
:FF731F00FFC0F86052920D19301A38BFFFD2FD231E98007F06FF702336F400BFFFB2F86052E20D23365400BFFF98F86052820D1930BFFF82FB231E98007F06FF7023D6F400232E5400632F010005301A38BFFFBCF923DEB400232E3400632F050005301B38232F11000540BFFFD6F9232F050005300538232F0D000540BFFFC4F923E614001C301B38BFFF84F923EE74001D301D381C40BFFFAAF91B301B381C40BFFFA0F923F694001E301E381C40BFFF92F9232F0100053005381D40BFFF1EF91E301E38232F01000540BFFF10F91A301A381E40BFFF6CF923E6D4001C301C381B40BFFF5EF91A301A381C40BFFFEEF81930232F01000538BFFF04F8393620001A38C4
:FF741E00BFFFFAF739364000232F05000538BFFFECF7231E98007F06FF70B107E17006C807D008D80330BFFF8EFA07E2D51D1C28C22ADA2925EF010020F62000F50D03300638BFFF9CFC402E008065E9E205033006381B40BFFF74FDDDE91E2805F6FFFF602AEFED5FE260E2BCE503381930BFFF1EFA7106FF70800721002806F08C0200BFFF9AFF40063F00BE07E170231E9CFE06C807D008D81B30BFFF28F76052DA652706488C02001B30BFFF34F76052DC5D3BE620001C30BFFF0AF76052EA552706488C02001C30BFFF16F76052EC4D23EEC0011D301A38BFFF14F71D301D38BFFF4AF723D6A0011A301C38BFFF76F723E680011C301D381A40BFFF96F723EE6057
:FF751D00011D301B381A40BFFF88F723D6C0001A301C38BFFF64FF23E660001C301D381940BFFFFAFE03C819301A381C40BFFF9CFC1930BFFFA0F960528A1D23CE40012346200103301938BFFF9CF919301938BFFFDAF619301B38BFFF86F66052EA050052231E64017E06FF701F52231E64017E06FF708207216006C807D0FF02F20700006052FA15250630DFDDFE01326537010065CFCD0065D7D1002557CD0063370100254E240000CA19381940EAC760F9195042063F60880721000628075008480330203E1000280650910200C6390658F505086700004B6700004142415AEB399AFD05380A40FF029007000048063F00402EDEFE252F31DF612AC20520561B0003
:FF761C00B50D614AEB05603AC2050606E0FFB2050452A50500527F00920721404307230006CE0000BA050452E52523462300003A013280FFDE006052EA1DA32F2300602AFA05022A592F0000005252063F40203E20002336030080FFE2016052CA0DC3C72200EA05022A592F000052063F40012A592F000052063F4082072100402EDEFE252F31DF612A0728C20520561B00F53D403EDEFE273FFDDF603AB2056832B6050452D53561328A1D602ABAFD403EDEFE873F55DFE741BA050052952D270630DFDDFE474724002757CD00014263470100274E2400851D63328AF5612AAFE5270630DFDDFEC539874F4700E941274E4600C2E549470000403EDEFE2757FDDF018A
:FF771B003A633F0100003A0540EAC760F942063F0082072160402EDEFE252F31DF612A08C80740D20520561B0042063F60402EDEFE252FFDDF602AD20560CAB2056832B6050452B5F561328A1D6042BAFD250630DFDDFE2557CD00013A633F0100254E2400EAC760F96052B2050952F5DD402EDEFE052F54DFF51D6332B2050052E5D561428FE5250630DFDDFEC829853F4700F93925D64600B2F5402EDEFE252FFDDF013A633F01001A48E5C760F96052EADD1A2F0000592F0000A5E58207A170402EDEFE252F31DF612A07C806D0C20520561B00A5351906E0FF402EDEFE252FFDDFDA05602AB20560D2BA050452D525260630DFDDFE44321A381940FF02E80D000022
:FF781A006052BA050052851D3B0630DFDDFE1BE604001C301A381940FF02EE0D00003B2FCD0020362000633701000032063806401C48E5C760F94206BF7082072160402EDEFE252F31DF612A06C8C20520561B00B52D0706E0FF402EDEFE252FFDDFDA05602AB20560CABA050452E51D2036200063370100290630DFDDFE444A013A00320640E5C760F90AD60000B2050952C50D270630DFDDFE443A204620001930FF02680D00001A5042063F608B07E170202E10000052235E0400CB29C5054B570000415AEB29CAFD43070400402EDEFE252F31DF612A23CF350023D7310009D808E007E8C20520561B00F56D61DABF0D68329B0D60EAF20560D2D20560CAB205608B
:FF791900E2BA0504529565204E100023460400023A80FFF803DCF60F0060DAAA2D1A301D381C40FF02E40C000020EE1000BEE9DDF61F00DCF1002AF5051C30C531DA3146EF0000412ADD361F00E629F1F563D70100004A233604001A381E40FF021A0400006052AA3579F7010000524B06FF7060F29ACD63D70100014A233604001D381C40FF02F40300006052FA1D1C28DA29A52FFFFF602AE2150506F0FFBF150032C50D1C3EFFFFC646FF00A839DA39873F0100E729FA054132C63EFF00E539A1F5A5E179E7010000524B06FF708807A170202E100000520358CB29C5054B570000415AEB29CAFD43070000402EDEFE252F31DF612A09C808D007D8C20520561B00D0
:FF7A1800951D6832FB0560DAD20560CAB20560D2BA050452F50D03E0204E1000023A1C4080FFEA021C301B381A401948FF024E0300004806BF70800721006032F205FF0264030000005240063F00045240063F00800721006032B20D603A920D6042F205FF0250030000005240063F00045240063F00800721006032920D603AF205FF026C99FFFF005240063F00045240063F00800721006042820D603AE205FF02F202000040063F00045240063F00B607A17008C807D006DE0000D21560CAB21560D2921503E01C3080FF22001C301B381A4080FF32001C30193880FF4C0000527606BF7004527606BF70800721006032F205FF02F0020000005240063F00045240F5
:FF7B1700063F00800721006032B20D603A920D6042F205FF02DC020000005240063F00045240063F00800721006032920D603AF205FF02CC020000005240063F00045240063F008207A17009C808D007D806E60000B20560D2BA050452952D250630DFDDFE2557CD002036410063370100254E48000042013A0632EAC760F96052B2050952D515250630DFDDFE252E4800632F01001C301B381A401948FF02720200006052C20520568400A50500524206BF708207A17009C808D007D806E60000B20560D2BA050452952D250630DFDDFE2557CD002036410063370100254E89000042013A0732EAC760F96052B2050952D515250630DFDDFE252E8900632F01001C30CD
:FF7C16001B381A401948FF02A00200006052C20520568400A50500524206BF7080072140603208C8B20D60CA920DFF020003000079570100005240063F40045240063F4080072140603223CF0900F20D60CAD20D604AB2056042920DFF02E002000079570100005240063F40045240063F4080072140603208C8B20D60CA920DFF02CA02000079570100005240063F40045240063F408007214009CE0000D20D603AB2056032920DFF021E02000079570000005240063F40045240063F408007214009CE0000D20D603AB2056032920DFF022602000079570100005240063F40045240063F408007214023CF090060CAD20D603AB2056032920DFF025E0200005957004A
:FF7D150000005240063F40045240063F408207A17009C808D60000B20560CABA050452952D402EDEFE252FFDDF602ABA0509529525623AB2050052D51D63CF01000640C442290630DFDDFEC84929DE2600C646FF00014A073009381B48E5C760F90AE60000EAE51A301B381940FF02A20800001C504206BF7000527F0000527F0080072100FF027A93FFFF6052E857145340063F0080072100FF021495FFFF6052E857145340063F0080072100FF022A95FFFF40063F0080072100FF027695FFFF40063F0080072100FF022896FFFF40063F0080072100FF022697FFFF6052E857145340063F0080072100FF024E97FFFF40063F0080072100FF029E97FFFF40063F005F
:FF7E140080072100FF024C98FFFF40063F00BF07E170231EECFF06C807D00828632F050009D820E6200023EE0800003A1C28DD291D30C505463F00004132E629CAFD4307080023F62800204668001E30FF02D80700001E30FF028094FFFF2706609102001E301C40FF02CA94FFFF1E3019381A40FF02BE94FFFF1E301D38FF027495FFFF232FAD00632F01001D301C38232F050005401B48FF02C298FFFF6052E8571453231E14007F06FF7082072100232F0900632F0100FF022C99FFFF6052E857145342063F008007210006280748083005380940FF02A499FFFF40063F008007210006280748083005380940FF02BE99FFFF40063F00BE072170231E7CFC06C8076E
:FF7F1300D003D81B300838FF02D499FFFF1B300A3819401A48FF02129AFFFF1B300A38FF02309AFFFF231E84037E063F7080072100FF02AA99FFFF40063F0080072100FF02E899FFFF40063F0080072100FF02029AFFFF40063F0080072100062807500830093805400A48FF02EC99FFFF40063F00800721002706D87F040026069E7F0400FF02FCF5FFFF40063F0080072100604A232F0500B2056832B6050452A515C3322A0680910200C6512A5705006052BA050052F5050730083809400548EAC760F940063F00800721000132FF0218F2FEFF40063F0080072100603ABA056042BA050452F51D60328A152736C603203E2000FF02A03CFFFF6052BA050052A5151B
:FF80120020561D0040063F006132CAED2736C603203E2000FF029E3EFFFF605282F520561C0040063F0080072100603ABA056042BA050452D51D6032FA0D2736E603013AFF02523CFFFF6052BA050052951520561D0040063F006132DAED2736E603013AFF02523EFFFF605292F520561C0040063F00800721006042BA050452B525613ADFFD60329A15C43A2736E803203E1000FF02023CFFFF6052BA050052B51520561D0040063F0061329AFDC43A2736E803203E1000FF02FE3DFFFF6052F2ED20561C0040063F00800721006042BA050452F51D673ADFFD6032FA0D27360804013AFF02B23BFFFF6052BA050052951520561D0040063F0061329AFD273608040147
:FF8111003AFF02B23DFFFF605292F520561C0040063F006042F205673ADF056132BB050052A50504527F006042F205673ADF056132BB050052A50504527F00800721006042BA050452C51D673ADFFD6032CA0520561D00D5156132EAF5042A482F0000402EDEFE252F2DDF253E24004142202E400008300540FF029A040000005240063F00800721006042BA050452D525673ADFFD6032AA15E72E410025364A04203E4100FF02F23AFFFF6052BA050052C51520561D0040063F0061328AEDE72E410025364A04203E4100FF02EC3CFFFF6052E2ED20561C0040063F007F0000527F0080072140623ABF056032D20D01CA003A20362B0019401948FF0210EBFEFF1950D4
:FF82100040063F400730FF0246EEFEFF40063F40800721006032B20D014A0242003A20362B00FF02E6EAFEFF40063F000730FF0212EFFEFF40063F0085058505000800100018002000280030003800400048005000580060006800700078008000880090009800A000A800B000B800C000C800D000D800E000E800F000F8E0072000E087200080FF140026060002000080FF3400E002480000001F700032003A80FF16004036BDFE2706FFFFBEFE80FF08000EF87F00C505660701004432E639CBFD7F00E62720082A0600EAFEFFCA370000CA370200CA3704007F002306B4F5DDFE2406000000003E060000000026065C920200270668920200280648880400290650EE
:FF830F00880400FF023A020000E6574008D5529E52E20DE5574000405E01000B51EA2F2000405E0200EB372000E03F2000E5574000EA1F20003F06588304002A061A850400EA172000E0074A0185057F007F007F007F007F007F007F007F007F007F007F0080072140002A8515402EDEFE853799F1270678F1DDFEC6392636550047370000052F98F1412A4036DEFE462F98F18500682AB6ED20461000270658F1DDFE00CA1930FF02266BFEFF950DFF02626AFEFF40CEDEFE19CF98F141CA402EDEFE45CF98F1FF02366AFEFF61528AF5203E000400CA1930FF024668FEFF950DFF02306AFEFF40CEDEFE19CF98F141CA402EDEFE45CF98F1FF02046AFEFF61528AF517
:FF840E0020461000270678F1DDFE00CA1930FF029C68FEFF950DFF02F869FEFF40CEDEFE19CF98F141CA402EDEFE45CF98F1FF02CC69FEFF61528AF520461000270658F1DDFE00CA1930FF02846AFEFF950DFF02C069FEFF40CEDEFE19CF98F141CA402EDEFE45CF98F1FF029469FEFF61528AF540063F408C0721000C2A03302706449202000540C6410648F5050757000049570000413A414AE9419AFD63071400432F160063370D00250600010040632F1100233E0C000232FF02245FFEFF4C063F008C0721000C2A03302706509202000540C6410648F5050757000049570000413A414AE9419AFD63071400432F160063370D00250601020040632F1100233E0C56
:FF850D00000332FF02D85EFEFF4C063F00800721002606746E0200FF02429EFEFF0032FF0266A2FEFFFF027AAAFEFF6052CAFDFF02C2A8FEFF0132FF028063FFFF8505E849C32528570100285F0500EA59C31DCA760300A20D4A0700004152EA59CA760300AAFDEA5982151C624B61EA61E3056A0701004452EA61CBFDEA59D3054A0700004152B5FD4842C5DDE639933526570100265F0500266709000C680A69CD760100BA1DCD760200DA0D0B6EFCFFEA69910D2A7701006C77010044524462EA59FBF50B6EFEFFEA69810D2A7700006C7700004252426285FDEA59830D0A6F00004C6F00004152416285FD4C32F5CD7F0008560000F20D41320657FFFF413A074F6F
:FF860C00FFFFCA56FF00C94EFF00A951BA055F42BAF57F0006506042920D413A075FFFFF4132465FFFFF5F429AFD7F0006506042E2054132463FFFFF5F42CAFD7F0080074100C8062000E63F345BE0373453C8461F00A20DE85FC0000AE8E857C0008041E8EF80001D5940065F0080074100C8062000E7373453E03F345BC8461F00A20DE85780000BE8E85F80008041E8EFC0001D5140065F006032920DC6060300EA05263FFDFFC33A5832A5057F00603AE255473A833A2506A8F1DDFE25470500C741654705000748C34AC649C515252F0100602AE23D255F05000B60C362C561E9298B35E929C225EC314056DEFEC11DEC31B2050550C5ED25370100E649B30560CC
:FF870B0032AA15C759655F0500E6498A2D6032E22529570500CB516557050029570100655701007F00A7416A47ADF17F002547010066470100252F0500C729662F0500D505662F0100663F05006A3701007F006A37010066070100663F05007F00800721406032AA0508324F3206C883CA62CAB10D182A453180FF16006052D2056ACF05004852A505005240063F406032BA050052C555062E07000538833A2A06A8F1DDFE950D2A5701006052B21D2A4F0500E939B3050A40F5F5E749EA052A2F0100682F0100E505A7496A4F0500C34AC951402EDEFE2537ADF1A7316537ADF17F00184248294046DEFE284FB1F1E9299BD5402EDEFE25579DF10A58C659655F9DF11C
:3C880A00A649684FB1F1402EDEFE2537A5F160329A0D2506A0F1DDFE65570100653F05007F004046DEFE2847A1F10648C34AC941E851CA05C7316537A5F17F0080
:08884800B080DDFE04F0DDFE4E
:FF885000000000000000000000000000000000000000000000000000000000000001010100000000004244552024031330303500424430363056313037380000000000000000000000000000000000000000000000000000000000003F92F7CDF491BE2C394C47A9C4C6E1B600000000000FDDFE00F0DDFE00E100000100000000020800FFFF140000FE0C00020000000200000004000000B50000000200000006000000040000000100000002000000060000000400000002000000020000000E00000004000000A9000000010000000000080004000000FE000000020000000A00000004000000FF00000002000000E603000001000000FF000000020000000804001B
:B1894F000001000000FF000000020000001200000001000000FF000000020000001300000001000000FF000000FFFFFFFFFFFFFFFFFFFFFFFFFFFFFFFF0000DDFE78000000FF00000000000000FF000000688B020000100000000000000000000000000000000000000000000000000000000000000000000000000000000000000000000000000000000000000000000000000000000000000000000004E0DDFE000000000000000000000000000000000010000039
:FF8A00002A06B49F04002B06FCA9040066570100AA59675F01007F002A06488D04002B06B29F040066570100AA59675F01007F002A06CC8C04002B06468D040066570100AA59675F01007F002A06CC8C04002B06CC8C040066570100AA59675F01007F002A06FCA904002B064CAA040066570100AA59675F01007F008057040026067C8A0400A6517F008807E170402EDEFE252F4580612AC205075280070001402EDEFE252F018025CF110060CABA050D52D57563070D0063070900630705006307010023D6040023DE0C001B301A38FF027CFFFFFF03E023EE08001D301C38FF0254FFFFFF23470900232F0D00A5416347050023370D001938FF02CC1300000AC82338
:FF8AFF002F0900632F0D001D301C38FF020EFFFFFF23470900232F0D00A5416347050023370D001938FF029E1300000AC8232F0900632F0D001D301C38FF02C8FEFFFF23470900232F0D00A5416347050023370D001938FF02701300000AC81B301A38FF0202FFFFFF2347050023370D001938FF025413000026064291040080FF220039060080DDFE795789002606969F040080FF0E007957AD0000524806FF708807216006C8233E080023360C00FF029EFEFFFF232F0D00F9294036DEFE2637018026D71100EB0523370900C629F929DB35033823360400FF025CFEFFFF232F050023370D00632F0D00233F0100633F0900A629C5D1232F0D00F929CB05C729F9299D
:B88BFE00CB1D033823360400FF0212FEFFFF232F050023370D00632F0D00233F0100633F0900A629C5D1232F0D00F929B30500D2850DC729F929C3FD232F0D00A5C9D9D160D2F205FF0236FEFFFF9A5148063F601A5048063F602A06B88C04007F008007217039060080DDFE00D206D8850D003A1930FF023201000041D241CA202EB000E5D1E1F5402EDEFE6507458060DAA21525060080DDFE650705006507AD0065DF010001326537810065374500005240063F70045240063F7021
:138CB8005348383530543031787878787878563231330000
:7A8CCC005C1A402EA0FF2036A500653705000132653701001E3A653F01006537010063070100E505232F0100412A632F0100232F010020361027E629E1F542061F005C1A402EA0FF2036A50065370500650701001F32653701006507010063070100E505232F0100412A632F0100232F010020361027E629E1F542061F001A
:FF8D4800265701007F00E65701007F00865701007F008007216006C807D0DA3EFF0080FF3C00DA3EFFFF883A1936010080FF2E001A38903A87001936020080FF20001A38983A1936030080FF140040063F60663F01007F00663F00007F00463F00007F0080072100FF022E110000CA56E00040063F008007214040CEDEFE392F0180253F010026060080A0FFBFFFC6FF392F0180253F050026060480A0FFBFFFB4FF392F0180253F090026060880A0FFBFFFA2FF392F0180253F0D0039060C80A0FF1930BFFF8EFF1930BFFF3AFF26061080A0FFBFFF30FF6152E507045340063F4080072100BFFF7EFF0A06E0FFDA0526060007BCFF950D0A0660FFDA05260600B0C5B3
:FF8E4700FFA5050032402EDEFE252F0180E52F1500E82F4402853E0200032AE53F8202FF020C1000006052ED57145340063F0080072100402EDEFE252F0180E52F1500E82F4402254E1200202E1300E54F82020042203E000426068000A1FFFF02B80F00006052ED57145340063F0080072100402EDEFEA52F7780050601FFB23525060080DDFEE5375D00252F0100E52F1500E629F1054036DEFEE6375F80E629830D402EDEFE04326537198040063F004036DEFE86377980060601FFEA05402EDEFEE52F6180F5056032D205C6295F2AE62F8202253E001EC7002606E400A1FFBFFF78FE402EDEFE6507198040063F008007216006CE0000FA0D26068000A1FFBFFF93
:FF8F460004FECA060070BA0500D2952580FFF40000D2D51D26068400A1FFBFFFEEFDCA068000B20506D2B5158A00D9D6FFFFFA51A2FD00D226063000A1FF1A38BFFF14FE26063400A1FF1A38BFFF08FE60D2DA0D393E00AAC70026068400A1FFBFFFFAFD402EDEFE65CF49801A5040063F608007210026068400A1FFBFFF90FD402EDEFEE52F4980CA368100E531EA57000040063F0080072100203EB3004036A2FFBFFFBEFD402EDEFE252F0180E52F1500E82F4402254E1200202E1300E54F8202803E008026068000A1FF0740FF024A0E00006052ED57145340063F008007210026068000A1FFBFFF1EFDCA060001CA05CA060002C205015240063F00005240063FEF
:FF904500008007210026068000A1FFBFFFF8FCCA060040F20D26061000A1FFBFFFF4FC5052820D203E100026061000A1FFBFFF30FD203E50004036A2FFBFFF24FD40063F00402EDEFE252F3D80602A402EDEFEDA050232653745807F000432653745807F008007214006C826068000A1FFBFFF96FCCA060080BA0501528545CA060200B2050D52B53DCA060800CAFDCA0620009AFDCA068000EAF5402E02006551AAF5CA060040E20560CAD2ED0B5240063F40CA064000AA25CA06002082152606C000A1FFBFFF48FCCA2E11000506EFFFB2050952C515055240063F40CA060010BA050052C50D2606C000A1FFBFFF20FCCA060100BA050852A505055240063F40800754
:FF914400E1700132FF02FC0C0000BFFFD8FC0ACE0000BA3D402EDEFE252F0580253701006A32FA053A06700030FF20DE2000F51525D701006CD2DA053A06500030FFD50D25D7010068D2D2053A06600030FFD50540D6DEFE3AD7098020DE1000402EDEFE252F058025E7050000EAB50D1A30BFFFA2FB1C300A38BFFFE8FB41EA41D241E2DD2EFFFFFB29B1F50032FF02760C0000BFFF52FC60CAEACF242B602AD2054036DEFE660745804036DEFE26370580662F11004006FF708007214006C8203E990026061400A1FFBFFF98FB402EDEFE65CF158040063F4080072140402EDEFE252F1580612ABA4D26068400A1FFBFFF1EFB60529A3D01CA402EDEFE65CF198020AC
:FF9243003E880026061400A1FFBFFF56FB803E03C426065400A1FFBFFF42FB80FFAC011930FF02E00B0000BFFFBCFB6052820D0032FF02D00B0000BFFFACFBB5352606400030FFBFFFC2FA25060080DDFE6557590026060030A1FF6537950002326537150040063F4025060080DDFE0632653719000C326537150040063F40622ACA45402EDEFE253F958025060030A1FFE53981350032FF026E0B0000BFFF4AFB6052E2050F32BFFF14FF40063F40803E00C426065400A1FFBFFFA4FA20368000BFFF34FC0ACE00008A0D402EDEFE03CA65CF158040063F40203E990026061400A1FFBFFF80FA25060080DDFE65CF1900A5C5402EDEFE2537998020460002FF02840B90
:FF934200000040063F40632A8A25BFFF68FC6052AA5DBFFF84FC6052D2050D32BFFF9CFEB50DBFFFE2FC0032BFFFCAFB402EDEFE043265371580203E990026061400A1FFBFFF20FA40063F40642ACA0DBFFF26FC60529A3D402EDEFE05326537158040063F40652ABA15BFFF12FA6052CA05BFFF02FBD505402EDEFE65571980402EDEFE0C326537158040063F4025060080DDFE25371900253F050067371100253705002637110060320132E2370433653745006507150065072D0065071D0065073D006507910040063F408007A17039060080DDFE01D279D78500260619020301BFFF34F959577700260670020301BFFF1AF90AD83B36C000BFFF10F90A28952A7946
:FF9441002F4D008352595776003B36C400BFFFFAF8CA0085527957510079D755003B36CC00BFFFE6F88A000A06ABFFE22F0000792F7D003B36D000BFFFD0F8595766000A28882A592F67000A28902A592F68009852595769003B36D400BFFFAEF8B92F7700050601FF0AC8F26D632AAB2D260664020301BFFFA0F83A060080DDFE5A577800260674020301BFFF80F8250640420F00E557FE027A5760002506FFFFFF005929260630313200E629822D2506FFFFFF005929260630315A00E629F21DA525260665020301BFFF4EF83A060080DDFE5A577800260678020301BFFF2EF8250640420F00E557FE027A57600026061E020301BFFF22F86052DA05402EDEFE650704
:FF9540008580BFFF66F80A0660FFEA05402EDEFE013265378580260634020301BFFFECF73A0640420F00FA57FE023C060080DDFE7C575E00260638020301BFFFCEF7FA57FE027C575C003A060080DDFE5ACF6A001928882A5A2F6B001928902A5A2F6C0098CA5ACF6D003B36D800BFFF9EF75A576E000A28882A5A2F6F000A28902A5A2F700098525A5771003B36DC00BFFF7CF75A5772000A28882A5A2F73000A28902A5A2F740098525A5775009A2F77003A374D00C6293A375100C6297A2F62004006BF708007216006C83A060080DDFE3A2F6400253E003BC70026062000A1FFBFFF7EF77ACF150040063F6080072170402EDEFE252F1580612ABA5526062000A137
:FF963F00FFBFFF0EF725060080DDFE65576400252F3500602AFA35402EDEFE252F0580253701006332D215252F0100642A9215402EDEFE252F0580252F0100612A920D402EDEFE252F0580252F0100622ABA050132B50520368000BFFF9EF825060080DDFE60529A0D06326537150001326537190040063F700C32653715006557190040063F7025060080DDFE655740002537150065372D000C326537150040063F70662ABA1DBFFFD2F86052EA075907402EDEFE252F9180602AEA075B02402EDEFE252F3580602AEA072F02402EDEFE07326537158040063F70672AEA075702402EDEFE252F9180602AEA072B02402EDEFE252F3580602AEA07FF01402EDEFE252FC3
:FF973E000580253701006332D215252F0100642A9215402EDEFE252F0580252F0100612A920D402EDEFE252F0580252F0100622ABA25402EDEFE252F8180612ACA05203E0055B505203E015526068800A1FFBFFF10F6402EDEFE252F098040360001E629C905203E003BB505203E023B26062000A1FFBFFFECF539060080DDFE393F090026063000A1FFBFFFD2F5392F0500253701006132AA1D40CEA2FF203E20001930BFFFC4F5203ED0001930BFFFBAF525060080DDFE253710005F326537100009326537150040063F70253701006232BA4540CEA2FF203EE8001930BFFF8AF5203E80001930BFFF80F5402EDEFE083265371580012A00CAD52540D6DEFE3A370D1F
:FF983D00804132BFFF14F50AD83A370D80BFFF0AF53A2F0D80422A7A2F0D80C8DA1B380A394036A2FFBFFF3AF5BFFF10F60AD60000C2050F32BFFF90FD60D2E22F000041CA20363F00E6C9EB07BD05C5060100DAD58007B205253701006432AA0D203E710040CEA2FF1930BFFFFEF41930953D253701006332CA05203E7700B5F5252F0100672ACA05203E4500B505203E40004036A2FFBFFFD2F4083A4036A2FFBFFFC8F400CAA51D40D6DEFE3A370D804132BFFF68F40AD83A370D80BFFF5EF43A2F0D80422A7A2F0D80C8DA1B380A394036A2FFBFFF8EF441CA68CAE1E54036A2FF203ED000BFFF82F4402EDEFE09326537158040063F7025060080DDFE25376400E4
:FF993C0065374000013265372D000A326537150040063F70402EDEFE0A3265371580BFFF7EF66052E207E1040D32BFFF9CFC40063F70682AEA35005220CE4000C51D40D6DEFE3A370D804132BFFFD0F30AD83A370D80BFFFC6F33A2F0D80422A7A2F0D80C8DA1B380A394036A2FFBFFFF6F3BFFFCCF441CA202E7F00E5C9BB05605282E56052EA073F04402EDEFE093265371580203ED0004036A2FFBFFFCEF340063F70692AEA07D102402EDEFE252F9180602AEA077D02402EDEFE252F3580612AB2050032E525402EDEFE252F1D80602A9AFD26062000A1FFBFFF3CF3402EDEFE6557408026068000A1FFBFFF24F3CA06000882ED203EB0004036A2FFBFFF6CF325D6
:FF9A3B00060080DDFE2537050065371D000132BFFF5CF66152E2073102402EDEFE252F1D80602AD21D402EDEFE252F3580612AFA156052F20D25060080DDFE6557190065073500402EDEFE0A32653715808007F801402EDEFE093265372D80C5F5402EDEFE655719806052EAED402EDEFE25370580263701006232252F0580EA1D25370900403EDEFE273F0980E52F0D00C82AC531272E0001E629E9D5272E000126060080DDFE662F0900072A662F1500012A662F190080079201253701006132CA454036DEFEE63711806032D2BD27060080DDFE074267471500014267471900254709002906FFFFFF7F4941E54F0D00A649C849873F7700E749BB0D402EDEFE2537C6
:FF9B3A000980263600206537098080073C01E52F0D00A629C541402EDEFE252F4D80C539402EDEFEE741FA0540368000653709808007160125370980803E0080C7316537098080070401253701006432FA1526069000A1FFBFFFC6F139060080DDFE392F050025370500CA2E0100A53E0100BFFFB2F10A2A792F1500F565253701006332F207C5FE253701006D328225252F01006F2AC21D402EDEFE252F0580252F01000506EFFFB215402EDEFE252F0580252F01000506EDFFA20D402EDEFE252F0580252F01000506EBFF8A1D25060080DDFE85379D00A53F9D00C83A0731853F9F00D03A0731053F9F00D83A0731653759000A3265371500852D402EDEFE253710E7
:FF9C390080583265371080C606FFFFF2073BFE25060080DDFE073265371500013265371900253709002636100065370900D50D402EDEFE0A3265371580BFFF66F36052C2050D32BFFF86F9402EDEFE252F15806A2AEA07B701402EDEFE252F6480253E003BC70026062000A1FFBFFFFAF0BFFFA0F340063F706A2ABA0D0032BFFF80F2402EDEFE0B326537158040063F706B2ADA0DBFFFEAF26052EA077101402EDEFE0C326537158040063F70402EDEFE252F9180602ADA6D402EDEFE252F3580602A9A2D402EDEFE252F0580253701006132F205252F0100622AB20500CA950DBFFF10F10ACE0000C2050F32BFFFE0F860CAEA07190139060080DDFE392F19003937EC
:FF9D38000500662F1100BFFF48F37907150040063F7039060080DDFE392F6400253E003BC70026062000A1FFBFFF3CF0392F1D00602ACA0D402EDEFE252F2D80602AEA05402EDEFE0C3265372D8025060080DDFE2537050065371D0025370900653721002537100065372800253719006537310004326537450025370500023A663F1100013265373D006507350040063F70402EDEFE252F1D80602AA215BFFF4EF26052E20D0132BFFF58F16052FA0783FB402EDEFE06326537158040063F70BFFF32F06052E2050F32BFFF04F840063F7025060080DDFE023265374500253705000C3A663F11006507150065079100252F1D00602AB20D0C326537110025060080DD68
:FF9E3700FE65071D0065073D0040063F701F002A060890C5FF4A3700000A5700001F001C007F00265701004751EA41E205010AA1499AFD0152A50500527F00F86740208C660001ECC720200052F8674020CC660001D205010AA1399AFD01521C00E601AA0DF86740688C660200ECC72068F8674068C50D0172460700004677000046070000067700001F001C007F00E041920D265701004432443A5C426757FDFF9AFD07507F00E65740087F0080072100402EDEFE252F1D80602A920D402EDEFE252F4580642ABA0540063F00402EDEFE252F0580602AC245402EDEFE252F4580632AEA3D402EDEFE252F15806D2ACA0D0032FF020EF0FFFF402EDEFE0E326537158053
:7C9F360040063F006E2ADA0DFF0276F0FFFF6052EA25402EDEFE0F326537158040063F006F2A402EDEFE252F0580DA0D0D326537110025060080DDFE650715006507450040063F00252F0100602AEA05FF0298F2FFFF40063F00FF029EF6FFFF40063F0080072100BFFF46FF402EDEFE252F0580252F1100612AF2F540063F005A
:FF9FB40080072100402EDEFE252F8980602AD205E5C760F940063F00FF0276F1FFFF40063F00800721004036A1FFFF0276EDFFFF875240063F0080072100BFFFE8FF6052402EDEFE252F0580EA0503326537110040063F00253701006932BA15252F050026060080DDFE662F0D002506700030FF662F0900202E1000662F100080071201253701006732FA05402EDEFE083265371080E57D253701006B329A15252F050026060080DDFE662F0D002506500030FF662F0900082A662F1000A56D253701000606E9FF26060080DDFE9A0D252F0500662F0D002506600030FFB5ED263F59002806400030FF66470900084266471000253701006D32DA052506FFFFFF7FE58D
:FFA0B3001D253701006F32DA052506FFFFFFBFE515253701000606EFFFDA052506FFFFFFDFD50D252F01000506EDFFDA052506FFFFFFF7C5052506FFFFFF1E4539C72EF00026060080DDFE462F9C000728882A462F9D000728902A462F9E00983A463F9F00042AB50DC536FF0027060080DDFEC6391F3247379C00412AC536FF006F32B3F525060080DDFE25369C0065370D0025060080DDFE03326537450001326537150040063F0080072140402EDEFE252F0580253701006E329A0D402EDEFE252F59809F2AA53E0100952D253701005032BA0D402EDEFE252F59809E2AC52E0100A53E0100B51D253701000606EEFFFA05402EDEFE252F59809D2A95F5252F01002F
:FFA1B2004036DEFE2637598026300506ECFFBA059B32A5059832C63E010040CEDEFE392F058025370500FF0282EBFFFF392F05806507110040063F408007214039060080DDFE392F050025370500F93F6300FF025AEBFFFF392F05006507110040063F4080072160402EDEFE252F058025CF050000D2F50DDA2EFF0026060080DDFEC531863F67001930FF026AEBFFFF41D241CADA2EFF006F2AF3ED402EDEFE252F05806507110040063F6080072100402EDEFE2537058026370900403E00806731252F0580D225252F09002606FFFFFF7F46294036DEFE26375580E629990D402EDEFE252F8580602AB205002AA505012A602A402EDEFE252F0580FA4D253F09002507
:FFA2B100370500CF3A2506FF7F0001A53D25370900403EDEFEE73F6380E639E33D25370900403EDEFE873F7780E639930D253F090025370500CD3A873EFF1FB525253709004046DEFE28474D800748C849E649C30D25470900253705004142A741CF42CD3AC8395F3AE50D254F090025370500C839414AA749CF4A2506FFFF7F000938C539FF0228EAFFFF402EDEFE252F05806507110040063F0004326537110040063F0080072100BFFF80FC6052402EDEFE252F0580EA0503326537110040063F0025370900403E0080673125370900923D2706FFFFFF7F4731E53F0D00C731403EDEFE273F5580E731DB0DE52F0D00602A920D402EDEFE252F8580602AB205002A57
:FFA3B000A505012A602A402EDEFE252F0580EA6D25370C0027060080DDFE67371000252F0900CF2A452E0001672F0900032A672F4500012A672F1900672F150040063F00E53F0D00C731403EDEFEE73F6380E731FB05E52F0D00602AB205002AA505012A602A402EDEFE252F05808A4525370C0027060080DDFE6737100025370900873F7700E639930D252F0900CD2A403EDEFE672F0980E51D253709004046DEFE28474D800748C849252F0900A729E649930DCF2ACD3AC539402EDEFE653F0980950DA829CF2A452E80004036DEFE662F098025060080DDFE0332653745000132653719006537150040063F0004326537110040063F0080072100BFFF2EFB60524027
:FFA4AF002EDEFE252F0580EA0503326537110040063F0025370900E53F0D00C83AC63928060080DDFE884F7700CD4A28474D00CF42C849E939C315E53F0D00C83AC6394046DEFE28475180CF4248468000E839FB35252F0900403E8000E7299135402EDEFE252F0580252F0900C506FF008A2D402EDEFE252F0580E52F0D00602A822526060080DDFE262F0500252F0500662F0D00262F0500252F0C00662F1000262F0500252F0900662F0900032A662F4500012A662F1900662F150040063F0025060080DDFE253F0500E7470D00C842C831252F5500CF2A452E0001E5318B25272F0900C506FF00BA1D402EDEFE252F0580E52F0D00602AB215402EDEFE252F0580CD
:FFA5AE00252F090040360001E629910D402EDEFE252F8580602AB205002AA505012A602A402EDEFE252F0580AA1D2537050027060080DDFE67370D0025370C0067371000252F0900672F0900032A672F4500012A672F1900672F150040063F0004326537110040063F0080072100BFFFBEF96052402EDEFE252F0580EA0503326537110040063F0025370900403E00806731E22D252F09002606FFFFFF7F46294036DEFE26375580E629990D402EDEFE252F8580602AB205002AA505012A602A402EDEFE252F0580BA55252F0900CF2A452E000126060080DDFE662F0900032A662F4500012A662F150040063F0025370900403EDEFEE73F6380E639933D25370900406C
:FFA6AD003EDEFE873F7780E639930D252F0900CD2A403EDEFE672F0980E51D253709004046DEFE28474D800748C849252F0900A729E649930DCF2ACD3AC539402EDEFE653F0980950DA829CF2A452E80004036DEFE662F098025060080DDFE03326537450001326537150040063F0004326537110040063F006132EA2F000026060080DDFE662F8100262F0500650711007F008007214006CE0000E207B502402EDEFE252F4580612A9A2D392F0100602ADA25FF027AF8FFFF6152BA1D25060080DDFE65CF050003326537450001326537150079371100F505402EDEFE252FAD80E5C760F9392F1100612AF2F580076202032A792F110040063F40402EDEFE252F458074
:FFA7AC00622AC205642AEA073302402EDEFE65CF0580012A792F1100392F0100612AEA05FF0286FBFFFF80070802392F0100622ABA0D392F0500602AE207C301FF02BCFCFFFF8007EC01392F0100642ABA0D392F0500602AE207A701FF0210FEFFFF8007D001392F0100632AEA05FF02FEFDFFFF8007BE01392F0100652AFA050032FF02F8FEFFFF8007AA01392F0100662AFA050132FF02E4FEFFFF80079601392F01006A2ABA0D392F0500602AE2075101FF025AF7FFFF80077A01392F0100692ABA0D392F0500602AE2073501FF0274F7FFFF80075E01392F01006C2ABA0D392F0500602AE2071901FF0222F7FFFF80074201392F01006B2AAA0D392F0500602AE256
:FFA8AB007DFF023EF7FFFF80072801392F01000506E8FFAA0D392F0500602A8275FF02ECF6FFFF80070C01392F01000506E9FF9A0D392F0500602AA265FF0206F7FFFF857D392F01006D2AC215392F01006F2A8215392F01000506EFFFB20D392F01000506EDFFE205392F01000506EBFFDA05FF02D0F6FFFFD55D392F01000506E5FF9A0D392F0500602AA23DFF02DEF8FFFF8555392F01000506E7FF9A0D392F0500602AD22DFF029CF8FFFFB545392F01000506E6FF9A0D392F0500602A8225FF02F2F8FFFFE535392F01006E2AC215392F0100502A8215392F01000506EEFFB20D392F01000506ECFFE205392F01000506EAFFDA0D392F0500602ADA05042A792F7C
:52A9AA001100F515FF02AAF7FFFFB515392F0100602ADA05072A792F1100B50D0A2A792F1100F505402EDEFE252FAD80E5C760F9392F1100612AF2F5B50D632AEA05062A792F110040063F40072A792F110040063F401B
:50A9FC0000000000000000000000000000000000000000000000000000000000000000000000000000000000000000000000000000000000000000000000000000000000000000000000000000000000000000000B
:00000001FF
